ID_NOTICE;ID_EXEMPLAIRE;UA;STATUT;DATEINVENTAIRE;REMARQUE
1;B004302;ALB;;2019-06-05;* Cote=«J ZAV»
2;B000750;ALB;;2019-06-05;
3;B000740;ALB;;2019-06-05;
4;B003170;ALB;;2019-06-10;* Catégorie=«1C» * UA=«ALB»
5;B003441;ALB;;2019-06-05;
6;B003482;ALB;;2019-06-07;* Catégorie=«1C» * UA=«ALB»
7;B006560;ALB;;2019-06-10;
8;B006549;ALB;;2019-06-10;
9;B005915;ALB;;2019-06-07;* Catégorie=«1C» * UA=«ALB»
10;B005922;ALB;;2019-06-07;
11;B005978;ALB;;2019-06-07;* Catégorie=«1C» * UA=«ALB»
12;B005979;ALB;;2019-06-07;* Catégorie=«1C» * UA=«ALB»
13;B005985;ALB;;2019-06-07;* Catégorie=«1C» * UA=«ALB»
14;B005988;ALB;;2019-06-07;* Catégorie=«1C» * UA=«ALB»
15;B005989;ALB;;2019-06-07;* Catégorie=«1C» * UA=«ALB»
16;B005998;ALB;;2019-06-07;* Catégorie=«1C» * UA=«ALB»
17;B006001;ALB;;2019-06-07;
18;B006002;ALB;;2019-06-07;* Catégorie=«1C» * UA=«ALB»
19;B006005;ALB;;2019-06-07;
20;B006012;ALB;;2019-06-07;* Catégorie=«1C» * UA=«ALB»
21;B006015;ALB;;2019-06-07;* Catégorie=«1C» * UA=«ALB»
22;B006024;ALB;;2019-06-07;* Catégorie=«1C» * UA=«ALB»
23;B006025;ALB;;2019-06-07;* Catégorie=«1C» * UA=«ALB»
24;B007412;ALB;;2019-06-07;* Catégorie=«1C» * UA=«ALB»
25;B006638;ALB;;2019-06-10;* Catégorie=«5A» * UA=«5ALB» * Cote=«P MUN»
25;B005320;ALB;;2019-06-05;* Catégorie=«5A» * UA=«5ALB» * Cote=«P MUN»
25;B020244;5ALB;1;2019-06-07;* PRÊTÉ ou PERDU
26;B007339;ALB;;2019-06-07;* Catégorie=«1C» * UA=«ALB»
27;B007336;ALB;;2019-06-07;* Catégorie=«1C» * UA=«ALB»
28;B007335;ALB;;2019-06-07;* Catégorie=«1C» * UA=«ALB»
29;B007334;ALB;;2019-06-07;
30;B005838;ALB;;2019-06-06;
31;B005811;ALB;;2019-06-10;
32;B005813;ALB;;2019-06-07;* Catégorie=«1C» * UA=«ALB»
33;B005819;ALB;;2019-06-07;* Catégorie=«1C» * UA=«ALB»
34;B005820;ALB;;2019-06-07;
35;B005824;ALB;;2019-06-10;
36;B005871;ALB;;2019-06-05;* Cote=«J YOL»
37;B005887;ALB;;2019-06-06;
38;B005890;ALB;;2019-06-10;
39;B013031;ALB;;2019-06-06;
40;B005894;ALB;;2019-06-10;
41;B005136;ALB;;2019-06-05;
42;B005137;ALB;;2019-06-05;
43;B005138;ALB;;2019-06-10;
44;B005141;ALB;1;;
44;B020551;ALB;1;;
44;B020545;ALB;1;;
44;B020546;ALB;1;;
44;B020547;ALB;1;;
44;B020548;ALB;1;;
44;B020549;ALB;1;;
44;B020550;ALB;1;;
45;B005146;ALB;;2019-06-05;
46;B005156;ALB;;2019-06-05;
47;B005161;ALB;;2019-06-05;
48;B005162;ALB;;2019-06-05;
49;B005165;ALB;;2019-06-05;
50;B005167;ALB;;2019-06-05;
51;B005169;ALB;;2019-06-05;
52;B005237;ALB;;2019-06-05;
53;B005239;ALB;;2019-06-05;
54;B005240;ALB;;2019-06-05;
55;B005241;ALB;;2019-06-07;* Catégorie=«1C» * UA=«ALB»
56;B005242;ALB;;2019-06-10;* Catégorie=«1C» * UA=«ALB»
56;B011926;ALB;;2019-06-05;
57;B005243;ALB;;2019-06-07;* Catégorie=«1C» * UA=«ALB»
58;B005244;ALB;;2019-06-07;* Catégorie=«1C» * UA=«ALB»
59;B005245;ALB;;2019-06-05;
60;B005135;ALB;;2019-06-05;
61;B005257;ALB;;2019-06-05;
62;B005266;ALB;;2019-06-05;
63;B005267;ALB;;2019-06-05;* Cote=«J GRA»
64;B005268;ALB;;2019-06-05;
64;B011557;ALB;;2019-06-05;
65;B005170;ALB;;2019-06-05;
65;B010255;ALB;;2019-06-05;
65;B012035;ALB;;2019-06-05;
66;B005171;ALB;;2019-06-05;
67;B005175;ALB;;2019-06-05;
68;B005174;ALB;;2019-06-05;
69;B005182;ALB;;2019-06-05;
70;B005183;ALB;;2019-06-05;
71;B005186;ALB;;2019-06-05;
72;B005187;ALB;;2019-06-05;
73;B005191;ALB;;2019-06-10;
74;B005194;ALB;;2019-06-05;
75;B005275;ALB;;2019-06-05;* Cote=«J MAL»
76;B005283;ALB;;2019-06-05;* Cote=«J SOU»
76;B005216;ALB;;2019-06-05;
77;B005287;ALB;;2019-06-05;
78;B005288;ALB;;2019-06-05;
79;B005289;ALB;;2019-06-05;
80;B005290;ALB;;2019-06-05;
81;B005297;ALB;;2019-06-07;
82;B005295;ALB;;2019-06-10;
83;B005311;ALB;;2019-06-07;* Catégorie=«1C» * UA=«ALB»
84;B005310;ALB;;2019-06-07;* Catégorie=«1C» * UA=«ALB»
85;B011991;ALB;;2019-06-07;* Catégorie=«1C» * UA=«ALB»
86;B005302;ALB;;2019-06-07;* Catégorie=«1C» * UA=«ALB»
87;B005303;ALB;;2019-06-07;* Catégorie=«1C» * UA=«ALB»
88;B011179;ALB;;2019-06-07;* Catégorie=«1C» * UA=«ALB»
89;B005318;ALB;;2019-06-07;* Catégorie=«1C» * UA=«ALB»
89;B005317;ALB;;2019-06-05;
89;B005316;ALB;;2019-06-05;
89;B005315;ALB;;2019-06-05;
89;B005314;ALB;;2019-06-05;
89;B011761;ALB;;2019-06-05;
90;B005319;ALB;;2019-06-05;* Catégorie=«5A» * UA=«5ALB» * Cote=«P MUN»
90;B020243;5ALB;;2019-06-07;
91;B005321;ALB;;2019-06-05;
92;B005322;ALB;;2019-06-05;
93;B005326;ALB;;2019-06-07;* Catégorie=«1C» * UA=«ALB»
94;B005356;ALB;;2019-06-05;
95;B005358;ALB;;2019-06-05;
97;B005350;ALB;;2019-06-05;
98;B013009;ALB;;2019-06-07;* Catégorie=«1C» * UA=«ALB»
99;B010247;ALB;;;
100;B005215;ALB;;2019-06-05;
101;B005225;ALB;;2019-06-05;
102;B005229;ALB;;2019-06-05;
103;B002725;ALB;;2019-06-05;
104;B006715;ALB;;2019-06-07;* Catégorie=«1C» * UA=«ALB»
105;B005269;ALB;;2019-06-05;
106;B005271;ALB;;2019-06-05;
106;B005272;ALB;;2019-06-05;
106;B005273;ALB;;2019-06-05;
106;B005270;ALB;;2019-06-05;
107;B005836;ALB;;2019-06-06;
108;B005839;ALB;;2019-06-06;
108;B005830;ALB;;2019-06-06;
109;B006003;ALB;;2019-06-07;* Catégorie=«1C» * UA=«ALB»
109;B006004;ALB;;2019-06-07;* Catégorie=«1C» * UA=«ALB»
109;B004272;ALB;;2019-06-03;* Catégorie=«1C» * UA=«ALB» * Cote=«R ROY»
109;B004271;ALB;;2019-06-03;* Catégorie=«1C» * UA=«ALB» * Cote=«R ROY»
109;B004270;ALB;1;;
109;B004523;ALB;;2019-06-03;* Catégorie=«1C» * UA=«ALB» * Cote=«R ROY»
109;B004522;ALB;;2019-06-03;* Catégorie=«1C» * UA=«ALB» * Cote=«R ROY»
109;B011454;ALB;;2019-06-10;* Catégorie=«1C» * UA=«ALB» * Cote=«R ROY»
109;B011453;ALB;;2019-06-10;* Catégorie=«1C» * UA=«ALB» * Cote=«R ROY»
109;B002746;ALB;;2019-06-04;* Catégorie=«1C» * UA=«ALB»
110;B007471;ALB;;2019-06-05;* Cote=«P AUC»
111;B005856;ALB;3;;
112;B010283;ALB;;2019-06-05;
113;B010288;ALB;;2019-06-06;
114;B011140;ALB;;2019-06-05;
115;B011126;ALB;;2019-06-05;
115;B018730;ALB;;2019-06-05;
116;B011167;ALB;;2019-06-05;
117;B011161;ALB;;2019-06-05;
118;B011162;ALB;;2019-06-05;
119;B011370;ALB;;2019-06-05;
120;B011365;ALB;;2019-06-05;
121;B011364;ALB;;2019-06-05;
122;B011383;ALB;;2019-06-05;
123;B011400;ALB;;2019-06-05;
124;B011455;ALB;;2019-06-05;
125;B011458;ALB;;2019-06-05;
126;B011405;ALB;;2019-06-05;
127;B011403;ALB;;2019-06-05;
128;B011402;ALB;;2019-06-10;* Catégorie=«1C» * UA=«ALB»
129;B011401;ALB;;2019-06-05;
130;B011394;ALB;;2019-06-05;
131;B011451;ALB;;2019-06-05;
132;B011431;ALB;;2019-06-05;
133;B011393;ALB;;2019-06-05;
134;B011442;ALB;;2019-06-05;
135;B011406;ALB;;2019-06-05;
136;B011531;ALB;;2019-06-05;
137;B011495;ALB;;2019-06-05;
138;B011598;ALB;;2019-06-05;
139;B011566;ALB;;2019-06-05;
140;B011539;ALB;;2019-06-05;
141;B011678;ALB;;2019-06-07;* Catégorie=«1C» * UA=«ALB»
142;B011677;ALB;;2019-06-05;
143;B011398;ALB;;2019-06-05;
144;B011679;ALB;;2019-06-05;
145;B011818;ALB;;2019-06-05;
146;B011551;ALB;;2019-06-05;
147;B011935;ALB;;2019-06-05;
148;B011936;ALB;;2019-06-05;
149;B011934;ALB;;2019-06-05;
150;B011944;ALB;;2019-06-05;
151;B011941;ALB;;2019-06-05;
152;B011965;ALB;;2019-06-05;
153;B011967;ALB;;2019-06-05;
154;B013010;ALB;;2019-06-07;* Catégorie=«1C» * UA=«ALB»
155;B012030;ALB;;2019-06-05;
156;B012051;ALB;;2019-06-05;
157;B011996;ALB;;2019-06-05;
158;B011561;ALB;;2019-06-05;
159;B012021;ALB;;2019-06-05;
160;B012052;ALB;;2019-06-05;
161;B011998;ALB;;2019-06-05;
162;B012065;ALB;;2019-06-06;
163;B012076;ALB;;2019-06-06;* Catégorie=«1C»
164;B012127;ALB;;2019-06-05;
165;B012130;ALB;;2019-06-05;
166;B012140;ALB;;2019-06-05;
167;B012141;ALB;;2019-06-05;
168;B012136;ALB;;2019-06-05;
169;B012145;ALB;;2019-06-05;
170;B012138;ALB;;2019-06-05;
171;B012146;ALB;;2019-06-05;
172;B012192;ALB;;2019-06-05;
173;B012199;ALB;;2019-06-05;
174;B012193;ALB;;2019-06-05;
175;B012067;ALB;;2019-06-05;
176;B012319;ALB;;2019-06-05;
177;B012335;ALB;;2019-06-05;
178;B012330;ALB;;2019-06-05;
179;B012336;ALB;;2019-06-05;
180;B012144;ALB;;2019-06-05;
181;B012303;ALB;;2019-06-05;* Cote=«J HUG»
182;B012414;ALB;;2019-06-05;
183;B012406;ALB;;2019-06-05;
184;B012426;ALB;;2019-06-05;
185;B012431;ALB;;2019-06-05;* Cote=«J SEL»
186;B012438;ALB;;2019-06-05;
187;B012668;ALB;;2019-06-05;
188;B012430;ALB;;2019-06-05;
189;B012670;ALB;;2019-06-05;
190;B012433;ALB;;2019-06-05;
191;B012421;ALB;;2019-06-05;
192;B012434;ALB;;2019-06-05;
193;B012702;ALB;;2019-06-05;* Cote=«J VAL»
194;B012703;ALB;;2019-06-05;
195;B012716;ALB;;2019-06-10;* Catégorie=«1C» * UA=«ALB»
196;B012714;ALB;;2019-06-10;* Catégorie=«1C» * UA=«ALB»
197;B012748;ALB;;2019-06-05;
198;B012937;ALB;;2019-06-05;
199;B012938;ALB;;2019-06-05;
200;B012916;ALB;;2019-06-05;
201;B012879;ALB;;2019-06-05;
202;B012913;ALB;;2019-06-05;* Cote=«P HOW»
202;B015688;ALB;;2019-06-07;* Catégorie=«1C» * UA=«ALB»
203;B012936;ALB;;2019-06-05;
204;B012912;ALB;;2019-06-05;
204;B013082;ALB;;2019-06-05;
205;B012888;ALB;;2019-06-05;
206;B012880;ALB;;2019-06-05;
207;B012887;ALB;;2019-06-05;
208;B012911;ALB;;2019-06-05;
209;B012917;ALB;;2019-06-05;* Cote=«P TRE»
209;B013079;ALB;;2019-06-05;* Cote=«P TRE»
209;B016358;ALB;;2019-06-07;* Catégorie=«1C» * UA=«ALB»
210;B012914;ALB;;2019-06-05;
211;B012985;ALB;;2019-06-07;
212;B012982;ADU;;2019-06-10;
212;B019881;ADU;;2019-06-10;
213;B012998;ALB;;2019-06-05;
213;B012997;ALB;;2019-06-05;
213;B013121;ALB;;2019-06-05;
213;B013119;ALB;;2019-06-05;
213;B013120;ALB;;2019-06-05;
214;B013005;ALB;;2019-06-05;
215;B013083;ALB;;2019-06-05;
216;B013070;ALB;;2019-06-05;
217;B013013;ALB;;2019-06-05;
218;B013346;ALB;;2019-06-05;
219;B013323;ALB;;2019-06-05;
220;B013302;ALB;;2019-06-05;
221;B013445;ALB;;2019-06-05;
222;B013447;ALB;;2019-06-05;
223;B013444;ALB;;2019-06-05;
224;B013452;ALB;;2019-06-05;
225;B013316;ALB;;2019-06-05;
226;B013309;ALB;;2019-06-05;
227;B013446;ALB;;2019-06-05;
228;B013448;ALB;;2019-06-05;
229;B013449;ALB;;;
230;B013450;ALB;;2019-06-05;
231;B013356;ALB;;2019-06-10;* Catégorie=«1C» * UA=«ALB»
232;B013354;ALB;;2019-06-05;
233;B013330;ALB;;2019-06-05;
234;B013303;ALB;;2019-06-05;
235;B013335;ALB;;2019-06-05;* Cote=«J QIF»
236;B013336;ALB;;2019-06-05;
237;B013301;ALB;;2019-06-05;
238;B013329;ALB;;2019-06-05;
239;B013304;ALB;;2019-06-10;* Catégorie=«1C» * UA=«ALB»
240;B013468;ALB;;2019-06-05;
241;B013473;ADU;;2019-06-10;
242;B013364;ALB;;2019-06-05;
243;B013365;ALB;;2019-06-05;
244;B013480;ALB;;2019-06-05;
245;B013479;ALB;;2019-06-05;
246;B013483;ALB;;2019-06-05;
247;B013506;ALB;;2019-06-05;
248;B013422;ALB;1;2019-06-12;* PRÊTÉ ou PERDU
249;B013514;ALB;;2019-06-10;* Catégorie=«1C» * UA=«ALB»
250;B013513;ALB;;2019-06-05;
251;B013512;ALB;;2019-06-05;
252;B013516;ALB;;2019-06-05;
253;B013498;ALB;;2019-06-05;
254;B013549;ALB;;2019-06-05;
255;B013497;ALB;;2019-06-10;* Catégorie=«1C» * UA=«ALB»
256;B013515;ALB;;2019-06-05;
257;B013561;ALB;;2019-06-05;
258;B013563;ALB;;2019-06-05;
259;B013564;ALB;;2019-06-05;
260;B013558;ALB;1;2019-06-12;* PRÊTÉ ou PERDU
261;B013559;ALB;;2019-06-05;
262;B013560;ALB;;2019-06-05;
263;B013562;ALB;;2019-06-05;
264;B013578;ALB;;;
265;B013573;ALB;;2019-06-05;
266;B013572;ALB;;2019-06-05;
267;B013571;ALB;;2019-06-05;
268;B013570;ALB;;2019-06-05;
269;B013593;ALB;;2019-06-05;
270;B013594;ALB;;2019-06-05;
271;B013592;ALB;;2019-06-05;
272;B013602;ALB;;2019-06-05;
273;B013601;ALB;;2019-06-05;
274;B013600;ALB;;2019-06-05;
275;B013661;ALB;;2019-06-05;* Cote=«J BAC»
276;B013615;ALB;;2019-06-05;
277;B013628;ALB;;2019-06-05;
278;B013626;ALB;;2019-06-05;
279;B013620;ALB;;2019-06-05;
280;B013747;ALB;;2019-06-05;
281;B013820;ALB;1;2019-06-12;* PRÊTÉ ou PERDU
282;B013739;ALB;;2019-06-05;
283;B013738;ALB;;2019-06-05;
284;B013824;ALB;;2019-06-05;
285;B013670;ALB;;2019-06-05;
286;B013683;ALB;1;2019-06-12;* PRÊTÉ ou PERDU
287;B013614;ALB;1;2019-06-12;* PRÊTÉ ou PERDU
288;B013660;ALB;;2019-06-10;
289;B013833;ALB;;2019-06-05;
290;B013825;ALB;;2019-06-05;
291;B013279;ALB;;2019-06-07;* Catégorie=«1C» * UA=«ALB»
292;B014031;ALB;;2019-06-05;
293;B014117;ALB;;2019-06-05;
294;B014133;ALB;;2019-06-10;* Catégorie=«1C» * UA=«ALB»
295;B014135;ALB;1;;
296;B014132;ALB;;2019-06-05;* Cote=«J ESC»
297;B014134;ALB;;2019-06-05;
298;B014126;ALB;;2019-06-05;
299;B014136;ALB;;2019-06-05;
300;B014137;ALB;;2019-06-05;
301;B014138;ALB;;2019-06-05;
302;B014154;ALB;;2019-06-06;
303;B014145;ALB;;2019-06-06;
304;B014153;ALB;;2019-06-06;
305;B014146;ALB;;2019-06-06;
306;B014149;ALB;;2019-06-06;
307;B014263;ALB;;2019-06-05;
308;B014311;ALB;;2019-06-05;
309;B014312;ALB;;2019-06-10;* Catégorie=«1C» * UA=«ALB»
310;B014314;ALB;;2019-06-05;
311;B014316;ALB;;2019-06-05;
312;B014324;ALB;;2019-06-05;
313;B014322;ALB;1;2019-06-12;* PRÊTÉ ou PERDU
314;B014482;ALB;;2019-06-05;
315;B014615;ALB;;2019-06-05;
316;B014531;ALB;;2019-06-05;
317;B014591;ALB;;2019-06-05;
318;B014584;ALB;;2019-06-05;
319;B014583;ALB;;2019-06-05;
320;B014589;ALB;;2019-06-05;
321;B014588;ALB;;2019-06-05;
322;B014587;ALB;;2019-06-05;
323;B014586;ALB;;2019-06-05;
324;B014600;ALB;;2019-06-05;
325;B014593;ALB;;2019-06-05;
326;B014592;ALB;;2019-06-05;
327;B014594;ALB;;2019-06-05;
328;B014525;ALB;;2019-06-05;
329;B014598;ALB;;2019-06-05;
330;B014683;ADU;;2019-06-10;
331;B014490;ALB;;2019-06-10;* Catégorie=«1C» * UA=«ALB»
332;B014486;ALB;;2019-06-06;* Catégorie=«1C» * UA=«ALB»
333;B014487;ALB;;2019-06-05;
334;B014489;ALB;;2019-06-05;
335;B015045;ALB;;2019-06-05;
336;B015042;ALB;;2019-06-05;
337;B015044;ALB;;2019-06-05;
338;B015122;ALB;;2019-06-10;* Catégorie=«1C» * UA=«ALB» * Cote=«J ALA»
339;B015040;ALB;1;2019-06-12;* PRÊTÉ ou PERDU
340;B015119;ALB;1;2019-06-12;* PRÊTÉ ou PERDU
341;B015046;ALB;;2019-06-05;
342;B015176;ALB;;2019-06-05;
343;B015188;ALB;;2019-06-05;
344;B015194;ALB;;2019-06-05;
345;B015179;ALB;;2019-06-05;
345;B017749;ALB;;2019-06-05;
346;B015209;ALB;;2019-06-05;
347;B015189;ALB;;;
348;B015214;ALB;;2019-06-10;
349;B014781;ALB;;2019-06-05;
350;B014774;ALB;;2019-06-07;* Catégorie=«1C» * UA=«ALB» * Cote=«J ROG»
351;B015254;ALB;;2019-06-10;* Catégorie=«1C» * UA=«ALB»
352;B015273;ALB;;2019-06-06;
353;B015267;ALB;;2019-06-06;
354;B015276;ALB;;2019-06-06;
354;B019230;ALB;;2019-06-06;
355;B015271;ALB;;2019-06-06;
356;B015277;ALB;;2019-06-06;* Catégorie=«5A» * UA=«5ALB»
357;B015265;ALB;;2019-06-06;
357;B019221;ALB;;2019-06-06;
358;B015262;ALB;;2019-06-06;
358;B017967;ALB;;2019-06-06;
358;B019233;ALB;;2019-06-06;* Catégorie=«1C» * UA=«ALB»
359;B015264;ALB;;2019-06-06;
359;B019224;ALB;;2019-06-06;
360;B015274;ALB;;2019-06-06;* Catégorie=«5A» * UA=«5ALB»
360;B019227;ALB;;2019-06-06;* Catégorie=«5A» * UA=«5ALB»
361;B015268;ALB;;2019-06-06;* Catégorie=«1C» * UA=«ALB»
362;B015278;ALB;;2019-06-06;* Catégorie=«1C» * UA=«ALB»
363;B019228;ALB;;2019-06-06;* Catégorie=«1C» * UA=«ALB»
364;B015270;ALB;;2019-06-06;* Catégorie=«1C»
364;B019225;ALB;;2019-06-06;
365;B015269;ALB;;2019-06-06;* Catégorie=«1C» * UA=«ALB»
366;B015263;ALB;;2019-06-06;
366;B018721;ALB;;2019-06-06;
367;B015683;ALB;;2019-06-05;
368;B015720;ALB;;2019-06-05;
369;B015677;ALB;;2019-06-05;
370;B015266;ALB;;2019-06-06;
371;B015641;ALB;;2019-06-05;
371;B017664;ALB;;2019-06-05;
372;B015837;ALB;;2019-06-05;
373;B015875;ALB;;2019-06-05;
374;B015884;ALB;;2019-06-05;
375;B015043;ALB;;2019-06-05;
376;B015687;ALB;;2019-06-05;* Cote=«P POU»
376;B017835;ALB;;2019-06-07;* Catégorie=«1C» * UA=«ALB»
377;B015806;ALB;1;2019-06-12;* PRÊTÉ ou PERDU
378;B015873;ALB;;2019-06-05;* Cote=«J VAL»
379;B015887;ALB;;2019-06-05;
380;B015894;ALB;;2019-06-05;
381;B015893;ALB;;2019-06-05;
382;B015886;ALB;;2019-06-05;
383;B015891;ALB;;2019-06-10;* Catégorie=«1C» * UA=«ALB»
384;B015930;ALB;;2019-06-07;* Catégorie=«1C» * UA=«ALB»
385;B015897;ALB;;2019-06-05;
386;B015939;ALB;;2019-06-05;
387;B016024;ALB;;2019-06-10;* Catégorie=«1C» * UA=«ALB»
388;B015958;ALB;;2019-06-05;
389;B015999;ALB;;2019-06-05;
389;B019164;ALB;;2019-06-05;
390;B016002;ALB;;2019-06-05;
391;B014315;ALB;;2019-06-05;
392;B016246;ALB;1;2019-06-12;* PRÊTÉ ou PERDU
393;B016265;ALB;1;2019-06-12;* PRÊTÉ ou PERDU
394;B016232;ALB;;2019-06-05;
395;B016231;ALB;;2019-06-05;
396;B016227;ALB;;2019-06-05;
397;B016503;ALB;;2019-06-05;
398;B016553;ALB;;2019-06-05;
399;B016555;ALB;;2019-06-05;
400;B016590;ALB;;2019-06-05;
401;B016533;ALB;;2019-06-05;
402;B016529;ALB;;2019-06-05;
403;B016550;ALB;;2019-06-05;
404;B016637;ALB;;2019-06-05;
405;B016706;ALB;;2019-06-05;
406;B016500;ALB;;2019-06-05;
407;B019499;ALB;;2019-06-05;
408;B016456;ALB;;2019-06-05;
409;B016457;ALB;;2019-06-05;
410;B016758;ALB;;2019-06-05;
411;B016757;ALB;;2019-06-05;
411;B017656;ALB;;2019-06-05;
412;B016769;ALB;;2019-06-05;
413;B016770;ALB;;2019-06-05;
414;B016771;ALB;;2019-06-05;
415;B016936;ALB;;2019-06-10;* Catégorie=«1C» * UA=«ALB» * Cote=«P DEL»
416;B016864;ALB;;2019-06-05;
417;B016866;ALB;;2019-06-05;
418;B016857;ALB;;2019-06-05;
419;B016865;ALB;;;
420;B016855;ALB;;2019-06-05;
421;B016854;ALB;;2019-06-05;
422;B016856;ALB;;2019-06-05;
423;B016860;ALB;;2019-06-05;
424;B016861;ALB;;2019-06-05;
425;B016858;ALB;;;
426;B017105;ALB;;2019-06-05;
427;B017104;ALB;1;2019-06-12;* PRÊTÉ ou PERDU
428;B017061;ALB;;2019-06-05;
429;B017069;ALB;;2019-06-05;
430;B017063;ALB;;2019-06-05;
431;B017064;ALB;;2019-06-05;
432;B017109;ALB;;2019-06-05;
433;B017057;ALB;;2019-06-05;
434;B017067;ALB;;2019-06-05;* Cote=«J MAB»
435;B017362;ALB;;2019-06-05;
436;B017301;ALB;;2019-06-05;
437;B017605;ALB;;2019-06-05;
438;B017613;ALB;;2019-06-05;
439;B017620;ALB;;2019-06-05;
440;B017612;ALB;;2019-06-05;
441;B017596;ALB;;2019-06-05;
442;B017604;ALB;;2019-06-05;
443;B017595;ALB;;2019-06-05;
444;B017588;ALB;;2019-06-05;
445;B016863;ALB;;2019-06-05;
446;B017657;ALB;;2019-06-05;
447;B017665;ALB;;2019-06-05;
448;B017787;ALB;;2019-06-05;
449;B017348;ALB;;2019-06-05;* Cote=«J TAN»
450;B017350;ALB;;2019-06-05;
451;B017381;ALB;;2019-06-05;
452;B017373;ALB;;2019-06-05;
452;B017359;ALB;;2019-06-05;
453;B017367;ALB;;2019-06-05;
454;B017375;ALB;;2019-06-05;
455;B017894;ALB;;2019-06-10;* Catégorie=«1C» * UA=«ALB» * Cote=«J CHA»
456;B017357;ALB;;2019-06-05;* Cote=«J LOU»
457;B017356;ALB;;2019-06-10;* Catégorie=«1C» * UA=«ALB»
458;B017873;ALB;;2019-06-05;
459;B017906;ALB;;2019-06-05;
460;B016684;ALB;;2019-06-05;
461;B017880;ALB;;2019-06-05;
462;B017924;ALB;;2019-06-05;
463;B017925;ALB;1;2019-06-12;* PRÊTÉ ou PERDU
464;B017961;ALB;;2019-06-05;
465;B018098;ALB;;2019-06-05;
466;B018108;ALB;;2019-06-05;
467;B018351;ALB;;2019-06-05;
468;B018347;ALB;;2019-06-10;* Catégorie=«1C» * UA=«ALB»
469;B018268;ALB;;2019-06-05;
470;B018229;DOC;;2019-06-04;
470;B018228;DOC;;2019-06-04;
471;B018437;ALB;;2019-06-05;
472;B018266;ALB;;2019-06-05;
473;B018318;ALB;;2019-06-05;* Cote=«J MAC»
474;B018368;ALB;;2019-06-05;
475;B018346;ALB;;2019-06-07;* Catégorie=«1C» * UA=«ALB»
476;B018348;ALB;;2019-06-10;* Catégorie=«1C» * UA=«ALB»
477;B018038;ALB;;2019-06-10;* Catégorie=«1C» * UA=«ALB»
478;B018309;ALB;;2019-06-05;
479;B018488;ALB;;2019-06-05;
480;B018493;ALB;;2019-06-10;* Catégorie=«1C» * UA=«ALB»
481;B018492;ALB;;2019-06-10;* Catégorie=«1C» * UA=«ALB»
482;B018494;ALB;;2019-06-05;
483;B018523;ALB;;2019-06-05;
484;B018513;ALB;;2019-06-05;
485;B018527;ALB;;2019-06-10;* Catégorie=«1C» * UA=«ALB»
486;B018528;ALB;;2019-06-05;
487;B018536;ALB;;2019-06-05;
488;B018534;ALB;;2019-06-05;
489;B018547;ALB;;2019-06-05;
490;B018731;ALB;;2019-06-05;
491;B018727;ALB;;2019-06-05;
492;B018729;ALB;;2019-06-05;
493;B018728;ALB;;2019-06-05;
494;B018724;5ALB;1;;
494;B019229;5ALB;;2019-06-06;* Catégorie=«5A» * UA=«5ALB»
495;B018798;ALB;;2019-06-05;
496;B018863;ALB;;2019-06-05;
497;B018955;ALB;;2019-06-05;
497;B019182;ALB;;2019-06-05;
498;B018958;ALB;;2019-06-10;* Catégorie=«1C» * UA=«ALB»
499;B019187;ALB;;2019-06-05;
500;B019188;ALB;;2019-06-05;
501;B018866;ALB;;2019-06-05;
502;B018924;ALB;;2019-06-05;
503;B019013;ALB;;2019-06-05;
503;B019086;ALB;;2019-06-05;
504;B019017;ALB;1;2019-06-12;* PRÊTÉ ou PERDU
505;B019021;ALB;;2019-06-05;
506;B019009;ALB;;2019-06-05;
507;B019172;ALB;;2019-06-05;
508;B019144;ALB;;2019-06-05;
509;B019142;ALB;;2019-06-05;
510;B019141;ALB;;2019-06-05;
511;B019054;ALB;;2019-06-05;
512;B019030;ALB;;2019-06-05;
513;B019185;ALB;;2019-06-05;
514;B018961;ALB;;2019-06-05;
515;B019186;ALB;;2019-06-05;
516;B019231;ALB;;2019-06-06;* Catégorie=«1C» * UA=«ALB»
517;B019226;ALB;;2019-06-06;* UA=«5ALB» * Cote=«J DIS»
518;B019222;ALB;;2019-06-06;* Catégorie=«1C» * UA=«ALB»
519;B019005;ALB;;2019-06-05;
520;B019007;ALB;;2019-06-05;* Cote=«J FAB»
521;B019004;ALB;;2019-06-05;
522;B019180;ALB;;2019-06-05;
523;B019525;ALB;;2019-06-05;* Cote=«J EMO»
524;B019514;ALB;;2019-06-05;* Cote=«J TAM»
525;B019517;ALB;;2019-06-10;* Catégorie=«1C» * UA=«ALB» * Cote=«J MAL»
526;B019452;ALB;;2019-06-05;
527;B019538;ALB;;2019-06-05;
528;B019493;ALB;;2019-06-05;
529;B019498;ALB;;2019-06-05;
530;B019340;ALB;;2019-06-05;
531;B019223;ALB;3;;
532;B019236;ALB;;2019-06-06;
533;B019235;ALB;;2019-06-06;
534;B001262;PR;;2019-06-04;
535;B001268;PR;;2019-06-04;
536;B001270;PR;;2019-06-04;
536;B011802;PR;;2019-06-04;
537;B001271;PR;;2019-06-04;
538;B001274;PR;;2019-06-04;
539;B001275;PR;;2019-06-04;
540;B001277;PR;;2019-06-04;
541;B001278;PR;;2019-06-04;
541;B005050;PR;;2019-06-04;
542;B001281;PR;;2019-06-04;
543;B001284;PR;;2019-06-04;
544;B001288;PR;;2019-06-04;
545;B001290;PR;;2019-06-04;
546;B001294;PR;;2019-06-04;
547;B001302;PR;;2019-06-04;
548;B011583;PR;;2019-06-04;
549;B001304;PR;;2019-06-04;
550;B001409;PR;;2019-06-04;
551;B001306;PR;;2019-06-04;
552;B001307;PR;;2019-06-04;
553;B001308;PR;;2019-06-04;
553;B011687;PR;;2019-06-04;
554;B001309;PR;;2019-06-04;
555;B001310;PR;;2019-06-04;
556;B001311;PR;;2019-06-04;
557;B001312;PR;;2019-06-04;
558;B001314;PR;1;2019-06-04;* PRÊTÉ ou PERDU
559;B001315;PR;;2019-06-04;
560;B001316;PR;;2019-06-04;
561;B001318;PR;;2019-06-04;
562;B001319;PR;;2019-06-04;
563;B001320;PR;;2019-06-04;
564;B001322;PR;;2019-06-04;
564;B001321;PR;;2019-06-04;
564;B011686;PR;;2019-06-04;
565;B001323;PR;;2019-06-04;
566;B001324;PR;;2019-06-04;
567;B009837;PR;;2019-06-04;
568;B001329;PR;;2019-06-04;
568;B011688;PR;;2019-06-04;
569;B001330;PR;;2019-06-04;
569;B011689;PR;;;
570;B001331;PR;;2019-06-04;
571;B001332;PR;;2019-06-04;
572;B001333;PR;;2019-06-04;
573;B001334;PR;;2019-06-04;
574;B001335;PR;;2019-06-04;
575;B001336;PR;;2019-06-04;
576;B001339;PR;;2019-06-04;
577;B001341;PR;;2019-06-04;
578;B001345;PR;;2019-06-04;
579;B001347;PR;;2019-06-04;
580;B001350;PR;;2019-06-04;
581;B001351;PR;;2019-06-04;
582;B001352;PR;;2019-06-04;
583;B001353;PR;;2019-06-04;
584;B001354;PR;;2019-06-04;
585;B001355;PR;;2019-06-04;
586;B001356;PR;;2019-06-04;
586;B012349;PR;;2019-06-05;
586;B012350;PR;;2019-06-05;
586;B012351;PR;;2019-06-05;
587;B001357;PR;;2019-06-04;
587;B005067;PR;;2019-06-04;
588;B001359;PR;;2019-06-04;
588;B001374;PR;;2019-06-04;
588;B012828;PR;;2019-06-05;
588;B019241;PR;;2019-06-05;
589;B001360;PR;;2019-06-04;
589;B005018;PR;;2019-06-04;
590;B001361;PR;;2019-06-04;
591;B001363;PR;;2019-06-04;
592;B001364;PR;;2019-06-04;
592;B019242;PR;;2019-06-05;
593;B001365;PR;;2019-06-04;
594;B001366;PR;;2019-06-04;
594;B012829;PR;;2019-06-05;
595;B001367;PR;;2019-06-04;
596;B001369;PR;;2019-06-04;
597;B001370;PR;;2019-06-04;
598;B001371;PR;;2019-06-04;
599;B001373;PR;;2019-06-04;
600;B001375;PR;;2019-06-04;
601;B001376;PR;;2019-06-04;
602;B001377;PR;;2019-06-04;
602;B005055;PR;;2019-06-04;
603;B001379;PR;;2019-06-04;
604;B001382;PR;;2019-06-04;
605;B001383;PR;;2019-06-04;
606;B001384;PR;;2019-06-04;
607;B001385;PR;;2019-06-04;
608;B012866;PR;;2019-06-04;
609;B001388;PR;;2019-06-04;
610;B001390;PR;;2019-06-04;
611;B001391;PR;;2019-06-04;
612;B001392;PR;;2019-06-04;
613;B001395;PR;;2019-06-04;
613;B005056;PR;;2019-06-04;
614;B001396;PR;;2019-06-04;
615;B012364;PR;;2019-06-04;
616;B001400;PR;;2019-06-04;
617;B001402;PR;;2019-06-04;
618;B001403;PR;;2019-06-04;
618;B005066;PR;;2019-06-04;
619;B001404;PR;;2019-06-04;
619;B005063;PR;;2019-06-04;
620;B005058;PR;;2019-06-04;
621;B002959;PR;;2019-06-04;
622;B001426;PR;;2019-06-04;
623;B001427;PR;;2019-06-04;
624;B001429;PR;;2019-06-04;
625;B001445;PR;;2019-06-04;* Cote=«P BRI»
625;B001442;PR;;2019-06-04;* Cote=«P BRI»
625;B001441;PR;;2019-06-07;* Catégorie=«1C» * UA=«PR»
625;B001440;PR;;2019-06-04;* Cote=«P BRI»
625;B001439;PR;;2019-06-04;* Cote=«P BRI»
625;B001433;PR;;2019-06-04;* Cote=«P BRI»
625;B001437;PR;;2019-06-04;* Cote=«P BRI»
626;B001434;PR;;2019-06-04;
627;B001435;PR;;2019-06-04;
628;B001444;PR;;2019-06-04;
629;B001451;PR;;2019-06-04;
630;B001452;PR;;2019-06-04;
631;B001458;PR;;2019-06-04;
632;B001472;PR;;2019-06-04;
632;B001459;PR;;2019-06-04;
632;B011584;PR;;2019-06-05;
633;B001460;PR;;2019-06-04;
634;B001462;PR;;2019-06-04;
635;B001465;PR;;2019-06-04;
636;B001466;PR;;2019-06-04;
637;B001467;PR;;2019-06-04;
638;B011588;PR;;2019-06-05;
639;B001469;PR;;2019-06-04;
640;B001470;PR;;2019-06-04;
641;B001484;PR;;2019-06-04;
642;B001485;PR;3;;
643;B001486;PR;;2019-06-04;
644;B001487;PR;;2019-06-04;
645;B001490;PR;;2019-06-04;
646;B001492;PR;;2019-06-04;
647;B001500;PR;;2019-06-04;
648;B001520;PR;;2019-06-04;
649;B005015;PR;;2019-06-04;
650;B005016;PR;;2019-06-04;
651;B005017;PR;;2019-06-04;
652;B005019;PR;;2019-06-04;
653;B005020;PR;;2019-06-04;
654;B005021;PR;;2019-06-04;
655;B005022;PR;;2019-06-04;
656;B005023;PR;;2019-06-04;
657;B005024;PR;;2019-06-04;
658;B005025;PR;;2019-06-04;
659;B005026;PR;;2019-06-04;
660;B005027;PR;;2019-06-04;
661;B005028;PR;;2019-06-04;
662;B005029;PR;;2019-06-04;
663;B005030;PR;;2019-06-04;
664;B005031;PR;;2019-06-04;
665;B005032;PR;;2019-06-04;
666;B005033;PR;;2019-06-04;
667;B005034;PR;;2019-06-04;
668;B005035;PR;;2019-06-04;
669;B005036;PR;;2019-06-04;
670;B005037;PR;;2019-06-04;
671;B005038;PR;;2019-06-04;
672;B005039;PR;;2019-06-04;
673;B005040;PR;;2019-06-04;
674;B005042;PR;;2019-06-04;
675;B005043;PR;;2019-06-04;
676;B005049;PR;;2019-06-04;
677;B005052;PR;;2019-06-04;
678;B005053;PR;;2019-06-04;
679;B005054;PR;;2019-06-04;
680;B005057;PR;;2019-06-04;
681;B005061;PR;;2019-06-04;
682;B002062;PR;;2019-06-04;
683;B002056;PR;;2019-06-04;
684;B002059;PR;;2019-06-04;
685;B002088;PR;;2019-06-04;* Catégorie=«1C» * UA=«PR»
686;B002077;PR;;2019-06-05;* UA=«PR» * Cote=«R BOU»
687;B002127;PR;;2019-06-04;
688;B002101;PR;;2019-06-04;* Catégorie=«1C» * UA=«PR»
689;B002110;PR;;2019-06-04;
690;B002141;PR;;2019-06-04;
691;B002160;PR;;2019-06-04;
692;B002193;PR;;2019-06-04;
693;B002218;PR;;2019-06-04;
694;B002215;PR;;2019-06-04;
695;B002223;PR;;2019-06-04;
695;B009866;PR;;2019-06-04;
696;B002224;PR;;2019-06-04;
697;B002249;PR;;2019-06-04;
698;B002234;PR;;2019-06-04;
698;B002240;PR;;2019-06-04;
699;B002274;PR;;2019-06-04;
700;B002268;PR;;2019-06-04;
701;B002262;PR;;2019-06-04;
702;B002326;PR;;2019-06-04;
703;B002317;PR;;2019-06-04;
704;B002354;PR;;2019-06-04;
705;B002360;PR;;2019-06-04;
706;B002374;PR;;2019-06-04;
707;B002377;PR;;2019-06-04;
707;B018384;PR;;2019-06-04;* Catégorie=«1C» * UA=«PR»
708;B002383;PR;;2019-06-04;
709;B002395;PR;;2019-06-04;
710;B002407;PR;;2019-06-04;
711;B002432;PR;;2019-06-04;
712;B002436;PR;;2019-06-04;
713;B002443;PR;;2019-06-04;
714;B002494;PR;;2019-06-04;
715;B011586;PR;;2019-06-05;
716;B002530;PR;;2019-06-04;
717;B002552;PR;1;;
718;B002562;PR;;2019-06-04;* Catégorie=«1C» * UA=«PR»
719;B002572;PR;;2019-06-04;
719;B012352;PR;;2019-06-05;
719;B012353;PR;;2019-06-05;
719;B014059;PR;;2019-06-05;
720;B002590;PR;;2019-06-04;
721;B002607;PR;;2019-06-04;
722;B002678;PR;;2019-06-04;
723;B002794;PR;;2019-06-04;
724;B002913;PR;;2019-06-04;
725;B002917;PR;;2019-06-04;
726;B002532;PR;;2019-06-04;* Cote=«C848.914 L4457t»
727;B009179;PR;;2019-06-04;* Catégorie=«1C» * UA=«PR»
728;B002791;PR;;2019-06-04;
729;B001343;PR;;2019-06-04;
730;B001457;PR;;2019-06-04;
731;B001455;PR;;2019-06-04;
732;B001456;PR;;2019-06-04;
733;B009862;PR;;2019-06-04;
734;B009887;PR;;2019-06-04;
735;B009858;PR;;2019-06-05;
736;B010342;PR;;2019-06-05;* Cote=«P BOB»
737;B011104;PR;;2019-06-05;
738;B011361;PR;;2019-06-05;
739;B011379;PR;;2019-06-05;
740;B011642;PR;;2019-06-05;
741;B011638;PR;;2019-06-05;
742;B011635;PR;;2019-06-05;
743;B011632;PR;;2019-06-04;
744;B011629;PR;;2019-06-05;
745;B011626;PR;;2019-06-05;
746;B011623;PR;;2019-06-05;
747;B011620;PR;;2019-06-05;
748;B011614;PR;;2019-06-04;
748;B019025;PR;;2019-06-05;
749;B011617;PR;;2019-06-05;
750;B011611;PR;;2019-06-05;
751;B011505;PR;;2019-06-05;
752;B011569;PR;;2019-06-10;* Catégorie=«1C» * UA=«PR» * Cote=«R KOC»
753;B011582;PR;;2019-06-05;
754;B011803;PR;;2019-06-05;
755;B011817;PR;;2019-06-05;
756;B011816;PR;;2019-06-05;
757;B011644;PR;;2019-06-05;
758;B011645;PR;;2019-06-05;
759;B011825;PR;;2019-06-05;
760;B011824;PR;;2019-06-05;
761;B011696;PR;;2019-06-05;
762;B011695;PR;;2019-06-05;
762;B019245;PR;;2019-06-05;
763;B011918;PR;;2019-06-05;
763;B018750;PR;;2019-06-05;
763;B019240;PR;;2019-06-05;
764;B011968;PR;;2019-06-05;
765;B011973;PR;;2019-06-05;
766;B011972;PR;;2019-06-05;
766;B012820;PR;;2019-06-05;
766;B013770;PR;;2019-06-05;
766;B017558;PR;;2019-06-05;
767;B011970;PR;;2019-06-05;
768;B011969;PR;;2019-06-05;
769;B011971;PR;;2019-06-05;
770;B012188;PR;;2019-06-05;
771;B012324;PR;;2019-06-05;
772;B012325;PR;;2019-06-05;
773;B012356;PR;;2019-06-05;
773;B012832;PR;;2019-06-05;
774;B012347;PR;;2019-06-05;
775;B012348;PR;;;
776;B012354;PR;;;
777;B012355;PR;;2019-06-05;
778;B012362;PR;;2019-06-05;
779;B012363;PR;;2019-06-05;
780;B012359;PR;;2019-06-05;
781;B012357;ADU;;2019-06-10;
782;B012358;PR;;2019-06-05;
782;B014507;PR;;2019-06-05;
783;B012367;PR;;2019-06-05;
784;B012360;PR;;2019-06-05;
785;B012361;PR;;2019-06-05;
786;B012371;PR;;2019-06-05;
787;B012378;PR;;2019-06-05;
788;B012373;PR;;2019-06-05;
789;B012369;PR;;2019-06-05;
790;B012372;PR;;2019-06-05;
791;B012389;PR;;2019-06-05;
792;B012374;PR;;2019-06-05;
793;B012370;PR;;2019-06-05;
794;B012375;PR;;2019-06-05;
795;B012638;PR;;;
795;B012639;PR;;2019-06-05;
796;B012664;PR;;2019-06-05;
797;B012693;PR;;2019-06-05;
798;B012694;PR;;2019-06-05;
799;B012695;PR;;2019-06-05;
800;B012698;PR;;2019-06-05;
801;B012691;PR;;2019-06-05;
802;B012708;PR;;2019-06-05;
803;B012711;PR;;2019-06-05;* Cote=«R ZEN»
804;B012709;PR;;2019-06-05;
805;B012712;PR;;2019-06-10;* Catégorie=«1C» * UA=«PR» * Cote=«R MUR»
806;B012739;PR;;2019-06-05;
807;B012736;PR;;2019-06-05;
808;B012737;PR;;2019-06-05;
809;B012738;PR;;2019-06-05;
810;B012747;PR;;2019-06-07;* Catégorie=«1C» * UA=«PR» * Cote=«R PEF»
811;B012740;PR;3;;
812;B012809;PR;;2019-06-04;* Catégorie=«1C» * UA=«PR»
813;B012810;PR;;2019-06-04;* Catégorie=«1C» * UA=«PR»
814;B012786;PR;;2019-06-05;
815;B012787;PR;;2019-06-05;
816;B012818;PR;;2019-06-05;
817;B012785;PR;;2019-06-05;
818;B012788;PR;;2019-06-05;
819;B012813;PR;;2019-06-05;
820;B012812;PR;;2019-06-05;
821;B012811;PR;;2019-06-05;
822;B012834;PR;;2019-06-05;
823;B012819;PR;;2019-06-05;
824;B012824;PR;;2019-06-05;
825;B012821;PR;;2019-06-05;
825;B017566;PR;;2019-06-05;
826;B012826;PR;;2019-06-05;
827;B012823;PR;;2019-06-05;
828;B012831;PR;;2019-06-05;
829;B012825;PR;;2019-06-05;
830;B012830;PR;;2019-06-05;
831;B012827;PR;;2019-06-05;
831;B012822;PR;;2019-06-05;
832;B012833;PR;;2019-06-05;
833;B012922;PR;;2019-06-05;
834;B012923;PR;;2019-06-05;
835;B013071;PR;;2019-06-05;
836;B012984;PR;;2019-06-05;
837;B013396;PR;;2019-06-05;
838;B013780;PR;;2019-06-05;
838;B014710;PR;;2019-06-05;
838;B016492;PR;;2019-06-05;
839;B013769;PR;;2019-06-05;
839;B017571;PR;;2019-06-05;
839;B018741;PR;;2019-06-05;
840;B013766;PR;;2019-06-05;
841;B013764;PR;;2019-06-05;
842;B013765;PR;;2019-06-05;
843;B013767;PR;;2019-06-05;
844;B013768;PR;;2019-06-05;
844;B017579;PR;;2019-06-05;
845;B014058;PR;;2019-06-05;
846;B013328;PR;;2019-06-05;
847;B013327;PR;;2019-06-05;
848;B013132;PR;;2019-06-05;
849;B013131;PR;;2019-06-05;
850;B013129;PR;;2019-06-05;
851;B013127;PR;;2019-06-05;
852;B013128;PR;;2019-06-05;
853;B013785;PR;;2019-06-05;
853;B015497;PR;;2019-06-05;
854;B014276;PR;;2019-06-05;
855;B014272;PR;;2019-06-05;
856;B014286;PR;;2019-06-05;* Cote=«R CUV»
857;B014270;PR;;2019-06-05;
858;B014281;PR;;2019-06-05;
859;B014285;PR;;2019-06-05;
860;B014284;PR;;2019-06-05;
861;B014279;PR;;2019-06-05;
861;B016957;PR;;2019-06-05;
862;B014282;PR;;2019-06-05;
863;B014274;PR;;2019-06-05;
864;B014280;PR;;2019-06-05;
865;B014277;PR;;2019-06-05;
866;B014278;PR;;2019-06-05;
867;B014275;PR;;2019-06-05;
868;B014283;PR;;2019-06-05;
869;B014288;PR;;2019-06-05;
870;B014287;PR;;2019-06-05;
871;B014271;PR;;2019-06-05;
872;B014247;PR;;2019-06-05;
873;B014248;PR;;2019-06-05;
874;B014245;PR;;2019-06-05;
875;B014246;PR;;2019-06-05;
876;B014244;PR;;2019-06-05;
877;B014243;PR;;2019-06-05;
878;B016042;PR;;2019-06-05;
879;B014241;PR;;2019-06-05;
880;B014240;PR;;2019-06-05;
881;B014239;PR;;2019-06-05;
882;B014238;PR;;2019-06-05;
883;B014237;PR;;2019-06-05;
884;B014235;PR;;2019-06-05;
885;B014234;PR;;2019-06-05;
886;B014266;PR;;2019-06-05;
887;B014261;PR;;2019-06-05;
888;B014265;PR;;2019-06-05;
888;B019243;PR;;2019-06-05;
889;B014303;PR;;2019-06-05;
890;B014236;PR;;2019-06-05;
891;B014273;PR;;2019-06-05;
892;B014185;PR;;2019-06-04;
893;B014439;PR;;2019-06-05;* Cote=«R CUV»
894;B014436;PR;;2019-06-05;
895;B014666;PR;;2019-06-05;
896;B014667;PR;;2019-06-05;
896;B002197;PR;;2019-06-04;* Catégorie=«1C» * UA=«PR»
897;B014714;PR;;2019-06-05;
897;B015493;PR;;2019-06-05;
898;B014713;PR;;2019-06-05;
898;B015495;PR;;2019-06-05;
899;B014709;PR;;2019-06-05;
899;B016494;PR;;2019-06-05;
900;B014715;PR;;2019-06-05;
901;B014711;PR;;2019-06-05;
901;B015500;PR;;2019-06-05;
902;B014712;PR;;2019-06-05;
902;B016493;PR;;2019-06-05;
903;B015070;PR;;2019-06-05;
904;B015169;PR;;2019-06-05;
905;B015234;PR;;2019-06-05;
906;B014815;PR;;2019-06-05;
906;B015521;PR;;2019-06-05;
907;B014814;PR;;2019-06-05;
907;B015519;PR;;2019-06-05;
907;B018163;PR;;2019-06-05;
907;B018162;PR;;2019-06-05;
908;B014816;PR;;2019-06-05;
908;B015523;PR;;2019-06-05;
909;B014811;PR;;2019-06-05;
909;B015520;PR;;2019-06-05;
909;B016352;PR;;2019-06-05;
910;B014810;PR;;2019-06-05;
910;B015522;PR;;2019-06-05;
911;B014813;PR;;2019-06-05;
911;B015524;PR;;2019-06-05;
912;B014834;PR;;2019-06-05;
913;B015494;PR;;2019-06-05;
914;B015499;PR;;2019-06-05;
915;B015498;PR;;2019-06-05;
915;B016491;PR;;2019-06-05;
916;B015505;PR;;2019-06-05;
917;B015504;PR;;2019-06-05;
917;B013784;PR;;2019-06-04;* Catégorie=«1C» * UA=«PR»
918;B015627;PR;;2019-06-05;* UA=«PR» * Cote=«R LYM»
919;B015628;PR;;2019-06-05;
920;B015843;PR;;2019-06-05;
921;B015844;PR;;2019-06-05;
922;B015845;PR;;2019-06-05;
923;B015902;PR;;2019-06-05;
924;B015901;PR;;2019-06-05;
925;B015900;PR;;2019-06-05;
926;B015879;PR;;2019-06-05;
927;B015903;PR;;2019-06-05;
928;B015882;PR;;2019-06-05;
929;B015881;PR;;2019-06-05;
930;B015883;PR;;2019-06-05;
931;B016010;PR;;2019-06-05;
932;B016011;PR;;2019-06-05;
933;B016009;PR;;2019-06-05;
934;B016008;PR;;2019-06-05;
935;B016007;PR;;2019-06-05;
936;B016006;PR;;2019-06-05;
937;B016068;PR;;2019-06-05;
938;B016070;PR;;2019-06-05;
939;B016067;PR;;2019-06-05;
940;B016072;PR;;2019-06-05;
941;B016074;PR;;2019-06-05;
942;B016073;PR;;2019-06-05;
943;B016069;PR;;2019-06-05;
944;B016071;PR;;2019-06-05;
945;B016097;PR;;2019-06-05;
946;B016096;PR;;2019-06-05;
946;B017799;PR;;2019-06-05;
947;B016095;PR;;2019-06-05;
948;B016094;PR;;2019-06-05;
949;B016093;PR;;2019-06-05;
950;B016092;PR;;2019-06-05;
951;B016091;PR;;2019-06-05;
951;B017798;PR;;2019-06-05;
952;B016090;PR;;2019-06-05;
953;B016089;PR;;2019-06-05;
954;B016088;PR;;2019-06-05;
954;B017791;PR;;2019-06-04;
955;B016087;PR;;2019-06-05;
955;B017814;PR;;2019-06-05;
955;B019736;PR;;2019-06-05;
956;B016176;PR;;2019-06-05;
957;B016214;PR;;2019-06-05;
958;B016303;PR;;2019-06-05;
959;B016294;PR;;2019-06-05;
960;B016293;PR;;2019-06-05;
961;B016295;PR;;2019-06-05;
962;B016296;PR;;2019-06-05;
963;B016297;PR;;2019-06-05;
964;B016300;PR;;2019-06-05;
965;B016298;PR;;2019-06-05;
966;B016301;PR;;2019-06-05;
967;B016302;PR;;2019-06-05;
968;B016299;PR;;2019-06-05;
969;B016289;PR;;2019-06-05;
970;B016290;PR;;2019-06-05;
971;B016291;PR;;2019-06-05;
972;B016278;PR;;2019-06-05;
973;B016275;PR;;2019-06-05;
973;B016490;PR;;2019-06-05;
974;B016276;PR;;2019-06-04;* Catégorie=«1C» * UA=«PR»
974;B016489;PR;;2019-06-05;
975;B016274;PR;;2019-06-05;
975;B018154;PR;;2019-06-04;* Catégorie=«1C» * UA=«PR»
976;B016288;PR;;2019-06-10;* Catégorie=«1C» * UA=«PR» * Cote=«R STE»
977;B016287;PR;;;
978;B016292;PR;;2019-06-05;
979;B016314;PR;;2019-06-04;* Catégorie=«1C» * UA=«PR»
980;B016211;PR;;2019-06-05;
981;B016627;PR;;2019-06-05;
981;B018744;PR;;2019-06-05;
982;B016629;PR;;2019-06-05;
983;B016631;PR;;2019-06-05;
984;B016632;PR;;2019-06-05;
985;B016668;PR;;2019-06-05;
985;B017082;PR;;2019-06-04;* Catégorie=«1C» * UA=«PR»
985;B017882;PR;;2019-06-05;
986;B016669;PR;;2019-06-05;
986;B017083;PR;;2019-06-05;
986;B017720;PR;;2019-06-05;
987;B016488;PR;;2019-06-05;
987;B018157;PR;;2019-06-05;
988;B019510;PR;;2019-06-05;
989;B016465;PR;;;
990;B016463;PR;;2019-06-05;
991;B016462;PR;;2019-06-05;
992;B016461;PR;;2019-06-05;
993;B016469;PR;;2019-06-05;
994;B016470;PR;;2019-06-05;* Cote=«R LYM»
995;B016845;PR;;2019-06-05;
996;B016891;PR;;2019-06-04;* Catégorie=«1C» * UA=«PR»
997;B017130;PR;;2019-06-05;
998;B017131;PR;;2019-06-05;
999;B017132;PR;;2019-06-05;
1000;B017129;PR;;2019-06-05;
1001;B017136;PR;;2019-06-05;
1002;B017177;PR;;2019-06-07;* Catégorie=«1C» * UA=«PR» * Cote=«R GOD»
1003;B017178;PR;;2019-06-07;* Catégorie=«1C» * UA=«PR» * Cote=«R GOD»
1004;B017179;PR;;2019-06-07;* Catégorie=«1C» * UA=«PR» * Cote=«R GOD»
1005;B017181;PR;;2019-06-05;
1006;B017182;PR;;2019-06-05;
1006;B018442;PR;;2019-06-05;
1007;B016954;PR;;2019-06-05;
1008;B016956;PR;;2019-06-05;
1009;B017020;PR;;2019-06-05;* Cote=«P TON»
1009;B017021;PR;;2019-06-05;* Cote=«P TON»
1010;B017022;PR;;2019-06-05;
1011;B017086;PR;;2019-06-05;
1012;B017117;PR;;2019-06-05;
1013;B017133;PR;;;
1014;B017165;PR;;2019-06-05;
1015;B017158;PR;;2019-06-05;
1016;B017591;PR;;2019-06-05;
1017;B017590;PR;;2019-06-04;
1018;B017768;PR;;2019-06-05;
1019;B017760;PR;;2019-06-05;
1020;B017783;PR;;2019-06-05;
1021;B017784;PR;;2019-06-04;* Catégorie=«1C» * UA=«PR»
1021;B018217;PR;;2019-06-04;* Catégorie=«1C» * UA=«PR»
1022;B017709;PR;;2019-06-05;
1022;B017919;PR;;2019-06-05;
1023;B017721;PR;;2019-06-05;* Cote=«R ZAR»
1024;B017753;PR;;2019-06-04;* Catégorie=«1C» * UA=«PR»
1025;B017821;PR;;2019-06-05;
1026;B017564;PR;;2019-06-04;* Catégorie=«1C» * UA=«PR»
1027;B017797;PR;;2019-06-05;* Cote=«C848'.92 L332d»
1028;B017813;PR;;2019-06-05;
1029;B017815;PR;;2019-06-05;
1029;B017806;PR;;2019-06-05;
1030;B017807;PR;;2019-06-05;
1031;B017822;PR;;2019-06-05;
1032;B017823;PR;;2019-06-05;
1033;B017744;PR;;2019-06-05;
1033;B017921;PR;;2019-06-05;
1034;B017790;PR;;2019-06-05;
1035;B017712;PR;;2019-06-05;
1036;B017793;PR;;2019-06-05;
1037;B017801;PR;;2019-06-05;
1038;B017742;PR;;2019-06-05;
1039;B017890;PR;;2019-06-05;
1040;B017942;PR;;2019-06-05;
1041;B017934;PR;;2019-06-05;
1042;B017911;PR;;2019-06-05;
1043;B017913;PR;;2019-06-05;
1044;B017943;PR;;2019-06-05;
1045;B017936;PR;;2019-06-05;
1046;B017944;PR;;2019-06-05;
1047;B017928;PR;;2019-06-05;
1048;B017920;PR;;2019-06-05;
1049;B017966;PR;;2019-06-04;
1050;B018160;PR;;2019-06-04;* Catégorie=«1C» * UA=«PR»
1051;B018161;PR;;2019-06-04;* Catégorie=«1C» * UA=«PR»
1052;B018158;PR;;2019-06-05;
1052;B018159;PR;;2019-06-05;
1053;B018156;PR;;2019-06-05;
1054;B018153;PR;;2019-06-05;
1054;B018152;PR;;2019-06-05;
1055;B018155;PR;;2019-06-05;
1056;B018164;PR;;2019-06-04;* Catégorie=«1C» * UA=«PR»
1057;B018301;PR;;2019-06-05;
1058;B018390;PR;;2019-06-07;* Catégorie=«1C» * UA=«PR» * Cote=«R HON»
1059;B018081;PR;;2019-06-04;* Catégorie=«1C» * UA=«PR»
1060;B018369;PR;;2019-06-05;
1061;B018219;PR;;2019-06-05;
1062;B018449;PR;;2019-06-05;
1063;B018448;PR;;2019-06-04;* Catégorie=«1C» * UA=«PR»
1064;B018218;PR;;2019-06-05;
1065;B018447;PR;;2019-06-05;
1066;B018570;PR;;2019-06-05;
1067;B018567;PR;;2019-06-05;
1068;B018571;PR;;2019-06-05;
1069;B018568;PR;;2019-06-05;
1070;B018558;PR;;2019-06-05;
1071;B018569;PR;;2019-06-05;
1072;B018557;PR;;2019-06-05;
1073;B018606;PR;;2019-06-05;
1074;B018607;PR;;2019-06-05;
1075;B018608;PR;;2019-06-04;
1076;B018609;PR;;2019-06-05;
1077;B018605;PR;;2019-06-05;
1078;B018598;PR;;2019-06-05;
1079;B018599;PR;;2019-06-05;
1080;B018600;PR;;2019-06-05;
1081;B018601;PR;;2019-06-05;
1082;B018602;PR;;2019-06-05;
1083;B018603;PR;;2019-06-05;
1084;B018604;PR;;2019-06-05;
1085;B018592;PR;;2019-06-05;
1086;B018593;PR;;2019-06-05;
1087;B018594;PR;;2019-06-04;
1088;B018595;PR;;2019-06-05;
1089;B018596;PR;;2019-06-05;
1090;B018597;PR;;2019-06-05;
1091;B018590;PR;;2019-06-05;
1092;B018591;PR;;2019-06-05;
1093;B018589;PR;;2019-06-05;
1094;B018621;PR;;2019-06-05;
1095;B018619;PR;;2019-06-05;
1096;B018615;PR;;2019-06-05;
1097;B018618;PR;;2019-06-05;
1098;B018616;PR;;2019-06-05;
1099;B018620;PR;;2019-06-05;
1100;B018617;PR;;2019-06-05;
1101;B018577;PR;;2019-06-05;
1102;B018564;PR;;2019-06-05;
1103;B018581;PR;;2019-06-05;
1104;B018580;PR;;;
1105;B018565;PR;;2019-06-05;
1106;B018573;PR;;2019-06-05;
1107;B018572;PR;;2019-06-05;
1108;B018576;PR;;2019-06-05;
1109;B018562;PR;;2019-06-05;
1110;B018638;PR;;2019-06-05;
1111;B018659;PR;;2019-06-05;
1112;B018660;PR;;2019-06-05;
1113;B018662;PR;;2019-06-05;
1114;B018661;PR;;2019-06-04;* Catégorie=«1C» * UA=«PR»
1115;B018651;PR;;2019-06-05;
1116;B018663;PR;;2019-06-05;
1117;B018635;PR;;2019-06-05;
1118;B018622;PR;;2019-06-05;
1119;B018655;PR;;2019-06-05;
1120;B018707;PR;;2019-06-05;
1121;B018705;PR;;2019-06-05;
1122;B018751;PR;;2019-06-05;
1123;B018854;PR;;2019-06-05;
1124;B018982;PR;;2019-06-05;
1125;B018983;PR;;2019-06-05;
1126;B018981;PR;;2019-06-05;
1127;B019057;PR;;2019-06-05;
1128;B019169;PR;;2019-06-05;
1129;B019059;PR;;2019-06-05;
1130;B019058;PR;;2019-06-05;
1131;B019238;PR;;2019-06-05;
1132;B019244;PR;;2019-06-05;
1133;B019239;PR;;2019-06-05;
1134;B019441;PR;;2019-06-04;* Catégorie=«1C» * UA=«PR»
1135;B019557;PR;;2019-06-05;
1136;B019556;PR;;2019-06-04;* Catégorie=«1C» * UA=«PR»
1137;B019555;PR;;;
1138;B019553;PR;;2019-06-04;* Catégorie=«1C» * UA=«PR»
1139;B019552;PR;;2019-06-05;
1140;B019551;PR;;2019-06-05;
1141;B019558;PR;;2019-06-04;* Catégorie=«1C» * UA=«PR»
1142;B019550;PR;;2019-06-04;* Catégorie=«1C» * UA=«PR»
1143;B004528;5ALB;;2019-06-07;
1143;B011143;5ALB;;2019-06-07;
1144;B001261;5ALB;;2019-06-07;
1145;B002998;5ALB;;2019-06-07;
1145;B005507;5ALB;;2019-06-07;
1146;B002999;5ALB;;2019-06-07;
1146;B005501;5ALB;;2019-06-07;
1147;B005010;5ALB;;2019-06-07;* Cote=«848.914»
1148;B005011;5ALB;;2019-06-07;* Cote=«848.914»
1148;B005509;5ALB;;2019-06-07;
1149;B005012;5ALB;;2019-06-07;
1149;B005505;5ALB;;2019-06-07;* Cote=«848.914»
1150;B005013;5ALB;;2019-06-07;
1150;B019205;5ALB;;2019-06-07;
1151;B005014;5ALB;;2019-06-07;
1151;B005499;5ALB;;2019-06-07;
1152;B005041;5ALB;;2019-06-07;
1152;B005937;5ALB;;2019-06-07;
1153;B005469;5ALB;;2019-06-07;
1154;B005475;5ALB;;2019-06-07;
1155;B005482;5ALB;;2019-06-10;
1156;B005497;5ALB;;2019-06-07;
1157;B005498;5ALB;;2019-06-07;
1158;B005500;5ALB;;2019-06-07;
1159;B005502;5ALB;;2019-06-07;
1160;B005503;5ALB;;2019-06-07;* Cote=«848.914»
1161;B005504;5ALB;;2019-06-07;* Cote=«848.9»
1162;B005506;5ALB;;2019-06-07;
1163;B005508;5ALB;;2019-06-07;
1164;B005510;5ALB;;2019-06-07;
1165;B005511;5ALB;;2019-06-07;
1166;B005512;5ALB;;2019-06-07;
1167;B005513;5ALB;;2019-06-07;
1167;B012986;5ALB;;2019-06-07;
1168;B005514;5ALB;;2019-06-07;
1169;B005515;5ALB;;2019-06-07;
1170;B005516;5ALB;;2019-06-07;
1170;B016353;5ALB;;2019-06-07;
1171;B005517;5ALB;;2019-06-07;
1172;B005520;5ALB;;2019-06-07;
1172;B005518;5ALB;;2019-06-07;
1173;B005519;5ALB;;2019-06-07;
1174;B005521;5ALB;;2019-06-07;
1174;B015604;5ALB;;2019-06-07;
1175;B005522;5ALB;;2019-06-07;
1175;B013145;5ALB;;2019-06-07;
1176;B005523;5ALB;;2019-06-07;
1176;B013144;5ALB;;2019-06-07;
1177;B005524;5ALB;;2019-06-07;
1178;B005525;5ALB;;2019-06-07;
1179;B007309;5ALB;;2019-06-07;
1180;B005527;5ALB;;2019-06-07;
1181;B005528;5ALB;;2019-06-06;
1182;B005529;5ALB;;2019-06-06;
1182;B011138;5ALB;;2019-06-06;
1183;B005530;5ALB;;2019-06-06;
1184;B005531;5ALB;;2019-06-06;
1185;B005532;5ALB;;2019-06-06;
1186;B005533;5ALB;;2019-06-06;
1186;B011133;5ALB;1;2019-06-06;* PRÊTÉ ou PERDU
1187;B005534;5ALB;;2019-06-06;
1188;B005535;5ALB;;2019-06-06;
1189;B005536;5ALB;;2019-06-06;
1190;B005537;5ALB;;2019-06-06;
1191;B005538;5ALB;;2019-06-06;
1191;B011137;5ALB;;2019-06-06;
1192;B005539;5ALB;;2019-06-06;
1193;B005540;5ALB;;2019-06-06;
1194;B005541;5ALB;;2019-06-06;
1195;B005542;5ALB;;2019-06-06;
1195;B011135;5ALB;;2019-06-06;
1196;B005543;5ALB;;2019-06-06;
1196;B011132;5ALB;;2019-06-06;
1197;B005544;5ALB;;2019-06-06;
1198;B005545;5ALB;;2019-06-06;
1199;B005548;5ALB;;2019-06-06;
1200;B005577;5ALB;;2019-06-07;
1201;B005586;5ALB;;2019-06-07;
1202;B005591;5ALB;;2019-06-07;
1203;B005753;5ALB;;2019-06-07;
1204;B005761;5ALB;;2019-06-07;
1205;B005901;5ALB;;2019-06-07;
1206;B006479;5ALB;;2019-06-07;
1207;B006480;5ALB;;2019-06-06;* UA=«5ALB»
1208;B006541;5ALB;;2019-06-07;
1209;B006540;5ALB;;2019-06-07;
1210;B006536;5ALB;;2019-06-07;
1211;B006528;5ALB;;2019-06-07;
1212;B006526;5ALB;;2019-06-07;
1213;B006524;5ALB;;2019-06-07;
1214;B006523;5ALB;;2019-06-07;
1215;B006521;5ALB;;2019-06-07;
1216;B005932;5ALB;;2019-06-07;
1218;B011675;5ALB;;2019-06-07;
1219;B005935;5ALB;;2019-06-07;
1219;B005936;5ALB;;2019-06-07;
1220;B006649;5ALB;;2019-06-07;
1221;B006650;5ALB;;2019-06-07;
1222;B006646;5ALB;;2019-06-10;
1222;B007492;5ALB;;2019-06-07;
1222;B010248;5ALB;;2019-06-07;
1223;B006644;5ALB;;2019-06-10;* Catégorie=«5A» * UA=«5ALB»
1224;B006641;5ALB;;2019-06-10;* Catégorie=«5A» * UA=«5ALB»
1225;B006637;5ALB;;2019-06-07;
1226;B006634;5ALB;;2019-06-07;
1227;B006632;5ALB;;2019-06-07;
1228;B006635;5ALB;;2019-06-10;* Catégorie=«5A» * UA=«5ALB» * Cote=«P MUN»
1228;B020249;5ALB;;2019-06-07;
1229;B006631;5ALB;;2019-06-07;
1230;B006639;5ALB;;2019-06-07;
1231;B006640;5ALB;;2019-06-07;
1232;B007366;5ALB;;2019-06-07;
1233;B007364;5ALB;;2019-06-07;
1234;B007363;5ALB;;2019-06-07;
1235;B007361;5ALB;;2019-06-07;
1236;B007360;5ALB;;2019-06-07;
1237;B007359;5ALB;;2019-06-07;
1238;B007358;5ALB;;2019-06-07;
1239;B007332;5ALB;;2019-06-07;
1240;B011564;5ALB;;2019-06-06;
1241;B007329;5ALB;;2019-06-06;
1242;B007327;5ALB;;2019-06-06;
1243;B007326;5ALB;;2019-06-07;
1243;B011146;5ALB;;2019-06-07;
1244;B007325;5ALB;;2019-06-06;
1245;B007324;5ALB;;2019-06-06;
1246;B007321;5ALB;;2019-06-07;
1247;B007320;5ALB;;2019-06-07;
1248;B007319;5ALB;;2019-06-07;
1249;B007318;5ALB;;2019-06-07;
1250;B007317;5ALB;;2019-06-07;
1251;B007316;5ALB;;2019-06-07;* Cote=«848.914»
1252;B007315;5ALB;;2019-06-07;
1253;B007314;5ALB;;2019-06-07;
1254;B007313;5ALB;;2019-06-07;
1254;B011913;5ALB;;2019-06-07;
1254;B012851;5ALB;;2019-06-07;
1255;B007312;5ALB;;2019-06-07;
1256;B007311;5ALB;;2019-06-07;
1257;B007310;5ALB;;2019-06-07;
1257;B013898;5ALB;;2019-06-07;
1258;B007308;5ALB;;2019-06-07;
1259;B007307;5ALB;;2019-06-07;
1260;B007306;5ALB;;2019-06-07;
1261;B006654;5ALB;;2019-06-07;
1262;B006653;5ALB;;2019-06-10;* Catégorie=«5A» * UA=«5ALB» * Cote=«P MUN»
1262;B020252;5ALB;1;;
1263;B006656;5ALB;;2019-06-07;
1264;B006657;5ALB;;2019-06-07;
1264;B015674;5ALB;;2019-06-07;
1264;B016916;5ALB;;2019-06-07;
1265;B006658;5ALB;;2019-06-07;
1266;B006659;5ALB;;2019-06-07;
1267;B006660;5ALB;;2019-06-07;
1268;B006661;5ALB;;2019-06-07;
1269;B006662;5ALB;;2019-06-07;
1270;B006664;5ALB;;2019-06-07;
1271;B006663;5ALB;;2019-06-10;* Catégorie=«5A» * UA=«5ALB» * Cote=«P MUN»
1271;B020259;5ALB;;2019-06-07;
1272;B006665;5ALB;;2019-06-07;
1273;B006667;5ALB;;2019-06-07;
1274;B007322;5ALB;;2019-06-07;
1275;B007328;5ALB;;2019-06-06;
1276;B005328;5ALB;;2019-06-10;
1277;B005351;5ALB;;2019-06-07;
1278;B007476;5ALB;;2019-06-07;
1278;B016250;5ALB;;2019-06-07;
1279;B007470;5ALB;;2019-06-07;
1280;B007473;5ALB;;2019-06-07;
1280;B020246;5ALB;1;2019-06-07;* PRÊTÉ ou PERDU
1281;B007475;5ALB;;2019-06-07;
1282;B006705;5ALB;;2019-06-07;
1283;B006700;5ALB;;2019-06-07;
1284;B006702;5ALB;;2019-06-07;
1285;B011954;5ALB;;2019-06-07;
1285;B011955;5ALB;;2019-06-07;
1285;B011953;5ALB;;2019-06-07;
1286;B007477;5ALB;;2019-06-07;
1287;B006707;5ALB;;2019-06-07;
1287;B011163;5ALB;;2019-06-07;
1288;B006710;5ALB;;2019-06-07;
1288;B010244;5ALB;;2019-06-07;
1289;B006701;5ALB;;2019-06-07;
1290;B011952;5ALB;;2019-06-07;
1290;B011951;5ALB;;2019-06-07;
1290;B011950;5ALB;;2019-06-07;
1291;B007482;5ALB;;2019-06-07;
1291;B010245;5ALB;;2019-06-07;
1291;B012047;5ALB;;2019-06-07;
1292;B007483;5ALB;;2019-06-10;
1293;B007490;5ALB;;2019-06-07;
1294;B007491;5ALB;;2019-06-07;
1295;B006718;5ALB;;2019-06-07;
1296;B005592;5ALB;;2019-06-07;
1297;B009618;5ALB;;2019-06-07;* UA=«5ALB»
1298;B005325;5ALB;;2019-06-07;
1299;B009843;5ALB;;;
1300;B010258;5ALB;;2019-06-07;
1301;B010251;5ALB;;2019-06-07;
1302;B010257;5ALB;1;;
1303;B010256;5ALB;;2019-06-10;* Catégorie=«5A» * UA=«5ALB» * Cote=«P KRI»
1303;B019298;5ALB;1;;
1304;B010286;5ALB;;;
1305;B010354;5ALB;;2019-06-07;
1306;B010355;5ALB;;2019-06-07;
1307;B010356;5ALB;;2019-06-07;
1308;B010358;5ALB;;2019-06-07;
1309;B010839;5ALB;;2019-06-07;
1310;B010836;5ALB;;2019-06-07;
1310;B010837;5ALB;;2019-06-07;
1311;B010834;5ALB;;2019-06-07;
1311;B010835;5ALB;;2019-06-07;
1312;B010831;5ALB;;2019-06-07;
1313;B010829;5ALB;;2019-06-07;
1314;B010827;5ALB;;2019-06-07;
1315;B010826;5ALB;;2019-06-07;
1316;B010824;5ALB;;2019-06-07;
1316;B012843;5ALB;;2019-06-07;
1317;B010823;5ALB;;2019-06-07;
1318;B010822;5ALB;;2019-06-07;
1319;B010821;5ALB;;2019-06-07;
1320;B010838;5ALB;;2019-06-07;
1321;B010833;5ALB;;2019-06-07;
1321;B010832;5ALB;;2019-06-07;
1322;B010830;5ALB;;2019-06-07;
1323;B010828;5ALB;;2019-06-07;
1324;B010825;5ALB;;2019-06-07;
1324;B011145;5ALB;;2019-06-07;
1325;B011096;5ALB;;;
1326;B011134;5ALB;;2019-06-06;
1327;B011136;5ALB;;2019-06-06;
1328;B011151;5ALB;;2019-06-07;
1329;B011153;5ALB;;2019-06-07;
1329;B011150;5ALB;;2019-06-07;
1330;B011149;5ALB;;2019-06-07;
1331;B011152;5ALB;;2019-06-07;
1332;B011156;5ALB;;2019-06-07;
1333;B011158;5ALB;1;;
1334;B011155;5ALB;1;;
1334;B019296;5ALB;1;;
1335;B011166;5ALB;;;
1336;B011368;5ALB;;2019-06-07;
1337;B011381;5ALB;;2019-06-07;
1338;B011382;5ALB;;2019-06-07;
1339;B011408;5ALB;;2019-06-07;
1340;B011399;5ALB;;2019-06-07;
1341;B011456;5ALB;;2019-06-07;
1342;B011457;5ALB;;2019-06-07;
1343;B011404;5ALB;;2019-06-07;
1344;B011430;5ALB;;2019-06-07;
1345;B011407;5ALB;;2019-06-07;
1346;B011581;5ALB;;2019-06-07;
1347;B011563;5ALB;;2019-06-07;
1348;B011568;5ALB;;2019-06-07;
1349;B011550;5ALB;;2019-06-07;
1350;B011760;5ALB;;2019-06-07;
1351;B011806;5ALB;;2019-06-07;
1352;B011805;5ALB;;2019-06-07;
1353;B011567;5ALB;;2019-06-07;
1354;B011793;5ALB;;2019-06-07;
1355;B011791;5ALB;;2019-06-07;
1356;B011792;5ALB;;2019-06-07;
1357;B011862;5ALB;;2019-06-07;
1358;B011698;5ALB;;2019-06-07;
1359;B011444;5ALB;;2019-06-07;
1360;B011607;5ALB;;2019-06-07;
1361;B011577;5ALB;;2019-06-07;
1362;B011436;5ALB;;2019-06-07;
1363;B011437;5ALB;;2019-06-07;
1364;B011435;5ALB;;2019-06-07;
1365;B011434;5ALB;;2019-06-07;
1366;B011694;5ALB;;2019-06-07;
1367;B011693;5ALB;;2019-06-07;
1368;B011690;5ALB;;2019-06-07;
1369;B011691;5ALB;;2019-06-07;
1370;B011692;5ALB;;2019-06-05;* Catégorie=«5A» * UA=«5ALB» * Cote=«P STA»
1371;B011938;5ALB;;2019-06-10;* Catégorie=«5A» * UA=«5ALB» * Cote=«P GRA»
1372;B011502;5ALB;;2019-06-07;
1373;B011949;5ALB;;2019-06-07;
1374;B011940;5ALB;;2019-06-06;* UA=«5ALB»
1375;B011945;5ALB;;2019-06-07;
1376;B011947;5ALB;;2019-06-07;
1377;B011948;5ALB;;2019-06-07;
1378;B011939;5ALB;;2019-06-07;
1379;B011946;5ALB;;2019-06-07;
1380;B011956;5ALB;;2019-06-07;
1381;B011957;5ALB;;2019-06-07;
1382;B011927;ADU;;2019-06-10;* Cote=«EALS 0 XIN»
1383;B011989;5ALB;;2019-06-07;
1384;B011990;5ALB;;2019-06-07;
1384;B015758;5ALB;;2019-06-07;
1385;B011988;5ALB;;2019-06-07;
1386;B012013;5ALB;;2019-06-07;
1386;B012840;5ALB;;2019-06-07;
1387;B012029;5ALB;;2019-06-07;* Cote=«P LAG»
1388;B012042;5ALB;;2019-06-07;
1389;B012014;5ALB;;2019-06-07;
1390;B012049;5ALB;1;;
1391;B012066;5ALB;;2019-06-07;
1392;B012173;5ALB;;2019-06-06;* UA=«5ALB» * Cote=«P HAR»
1393;B012172;5ALB;;2019-06-06;* UA=«5ALB» * Cote=«P HAR»
1394;B012171;5ALB;;2019-06-06;* UA=«5ALB» * Cote=«P HAR»
1395;B012230;5ALB;;2019-06-07;
1396;B012231;5ALB;;2019-06-07;
1397;B012232;5ALB;;2019-06-07;
1398;B012382;5ALB;;2019-06-06;* UA=«5ALB» * Cote=«P HAR»
1399;B012381;5ALB;;2019-06-06;* UA=«5ALB» * Cote=«P HAR»
1400;B012379;5ALB;;2019-06-06;* UA=«5ALB» * Cote=«P HAR»
1401;B012380;5ALB;;2019-06-06;* UA=«5ALB» * Cote=«P HAR»
1402;B012392;5ALB;;2019-06-07;
1403;B012393;5ALB;;2019-06-07;
1404;B012394;5ALB;;2019-06-07;
1405;B012411;5ALB;;2019-06-07;
1406;B012395;5ALB;;2019-06-07;
1407;B012403;5ALB;;2019-06-05;* Catégorie=«5A» * UA=«5ALB» * Cote=«P TEJ»
1408;B012404;5ALB;;2019-06-05;* Catégorie=«5A» * UA=«5ALB» * Cote=«P TEJ»
1409;B012700;5ALB;;2019-06-07;
1410;B012701;5ALB;;2019-06-07;
1411;B012699;5ALB;;2019-06-07;
1412;B012715;5ALB;;2019-06-07;
1413;B012844;5ALB;;2019-06-07;
1414;B012842;5ALB;;2019-06-07;
1414;B013801;5ALB;;2019-06-07;
1415;B012847;5ALB;;2019-06-07;
1416;B012850;5ALB;;2019-06-07;
1417;B012848;5ALB;;2019-06-07;
1418;B012849;5ALB;;2019-06-07;
1419;B012841;5ALB;;2019-06-07;
1420;B012845;5ALB;;2019-06-07;
1421;B012835;5ALB;;2019-06-06;
1422;B012836;5ALB;;2019-06-06;
1422;B012837;5ALB;;2019-06-06;
1423;B012839;5ALB;;2019-06-06;
1424;B012838;5ALB;;2019-06-06;
1424;B015580;5ALB;;2019-06-06;
1425;B012846;5ALB;;2019-06-05;* Catégorie=«5A» * UA=«5ALB» * Cote=«P TRE»
1426;B012884;5ALB;;2019-06-07;
1427;B012885;5ALB;;2019-06-07;
1428;B012883;5ALB;;2019-06-07;
1429;B011866;5ALB;1;2019-06-06;* Catégorie=«5A» * UA=«5ALB» * Cote=«P GAO» * PRÊTÉ ou PERDU
1430;B012915;5ALB;;2019-06-07;
1431;B012882;5ALB;;2019-06-07;
1432;B012890;5ALB;;2019-06-07;
1433;B012867;5ALB;;2019-06-07;
1434;B012869;ADU;;2019-06-10;* Cote=«EALS 2e ANF»
1435;B012876;5ALB;;2019-06-07;
1436;B012873;5ALB;;2019-06-07;
1437;B012875;5ALB;;2019-06-07;
1438;B012872;5ALB;;2019-06-07;
1439;B012877;5ALB;;2019-06-07;
1440;B012868;5ALB;;2019-06-07;
1441;B012874;5ALB;;2019-06-07;
1442;B012871;5ALB;;2019-06-07;
1443;B012870;5ALB;;2019-06-07;
1444;B012878;5ALB;;2019-06-07;
1445;B013003;5ALB;;2019-06-07;
1446;B013288;5ALB;;2019-06-06;* UA=«5ALB»
1447;B013289;5ALB;;2019-06-06;* UA=«5ALB»
1448;B013290;5ALB;;2019-06-06;* UA=«5ALB»
1449;B013291;5ALB;;2019-06-06;* UA=«5ALB»
1450;B013292;5ALB;;2019-06-06;* UA=«5ALB»
1451;B013293;5ALB;;2019-06-06;* UA=«5ALB»
1452;B013451;5ALB;;2019-06-07;
1453;B013351;5ALB;;2019-06-07;
1454;B013353;5ALB;;2019-06-10;* Catégorie=«5A» * UA=«5ALB» * Cote=«P NAD»
1455;B013471;5ALB;;2019-06-07;
1456;B013362;5ALB;;2019-06-07;* Cote=«P ARS»
1457;B013361;5ALB;;2019-06-07;
1458;B013366;5ALB;;2019-06-07;
1459;B013363;5ALB;;2019-06-07;
1460;B013359;5ALB;;2019-06-07;
1461;B013415;5ALB;;2019-06-10;* Catégorie=«5A» * UA=«5ALB» * Cote=«P CAR»
1462;B013419;5ALB;;2019-06-07;
1463;B013413;5ALB;1;2019-06-12;* PRÊTÉ ou PERDU
1464;B013499;5ALB;1;2019-06-07;* PRÊTÉ ou PERDU
1465;B013500;5ALB;;2019-06-07;
1466;B013492;5ALB;;2019-06-06;* UA=«5ALB»
1467;B013522;5ALB;;2019-06-07;
1468;B013519;5ALB;;2019-06-07;
1469;B013518;5ALB;;2019-06-07;
1470;B013574;5ALB;;2019-06-07;
1471;B013583;5ALB;;2019-06-07;
1472;B013587;5ALB;;2019-06-07;
1473;B013586;5ALB;;2019-06-07;
1474;B013591;5ALB;;2019-06-07;
1475;B013589;5ALB;;2019-06-07;
1476;B013588;5ALB;;2019-06-07;
1477;B013590;5ALB;;2019-06-07;
1478;B013599;5ALB;;2019-06-06;* UA=«5ALB»
1479;B013598;5ALB;;2019-06-06;* UA=«5ALB»
1480;B013625;5ALB;;2019-06-07;
1481;B013612;5ALB;;2019-06-07;
1482;B013665;5ALB;;2019-06-07;
1483;B013789;5ALB;;2019-06-07;
1484;B013791;5ALB;;2019-06-07;
1485;B013794;5ALB;;2019-06-07;
1485;B016417;5ALB;;2019-06-07;
1486;B013790;5ALB;;2019-06-07;
1487;B013796;5ALB;;2019-06-07;
1488;B013793;5ALB;;2019-06-07;
1489;B013792;5ALB;;2019-06-07;
1490;B013795;5ALB;;2019-06-07;
1491;B013797;5ALB;;2019-06-07;
1492;B013800;5ALB;;2019-06-07;
1492;B015681;5ALB;;2019-06-07;
1493;B013799;5ALB;;2019-06-07;
1493;B019209;5ALB;;2019-06-07;
1494;B013844;5ALB;1;;
1495;B013843;5ALB;;;
1496;B013842;5ALB;;2019-06-07;
1496;B015761;5ALB;;2019-06-07;
1497;B013611;5ALB;;2019-06-07;
1498;B013669;5ALB;;2019-06-07;
1499;B013657;5ALB;;2019-06-07;
1500;B013812;5ALB;;2019-06-07;
1500;B014776;5ALB;;2019-06-07;
1501;B013802;5ALB;;2019-06-07;
1501;B014264;5ALB;;2019-06-07;
1502;B014112;5ALB;;2019-06-10;* Catégorie=«5A» * UA=«5ALB» * Cote=«P TEX»
1502;B015243;5ALB;;2019-06-10;* Catégorie=«5A» * UA=«5ALB» * Cote=«P TEX»
1503;B014121;5ALB;;2019-06-05;* Catégorie=«5A» * UA=«5ALB» * Cote=«P WIL»
1504;B014127;5ALB;;2019-06-07;
1505;B014139;5ALB;;2019-06-07;
1506;B014142;5ALB;;2019-06-07;
1507;B014143;5ALB;;2019-06-07;
1508;B014144;5ALB;;2019-06-07;
1509;B014141;5ALB;;2019-06-07;
1510;B014304;5ALB;;2019-06-10;* Catégorie=«5A» * UA=«5ALB» * Cote=«P PEN»
1511;B014305;5ALB;;2019-06-07;
1512;B014313;5ALB;;2019-06-07;
1513;B014306;5ALB;;2019-06-07;
1514;B014224;5ALB;;2019-06-07;
1515;B014221;5ALB;;2019-06-10;* Catégorie=«5A» * UA=«5ALB» * Cote=«P BOU»
1516;B014223;5ALB;;2019-06-07;
1517;B014269;5ALB;;2019-06-07;
1518;B014268;5ALB;;2019-06-07;
1519;B014267;5ALB;;2019-06-07;* Cote=«P LEC»
1520;B014262;5ALB;;2019-06-10;* Catégorie=«5A» * UA=«5ALB» * Cote=«P STA»
1521;B014309;5ALB;;2019-06-07;
1522;B014310;5ALB;1;;
1523;B014308;5ALB;;2019-06-07;
1524;B014307;5ALB;;2019-06-07;
1525;B014318;5ALB;;2019-06-07;
1526;B014319;5ALB;;2019-06-07;
1527;B014320;5ALB;;2019-06-07;
1528;B014323;5ALB;;2019-06-07;
1529;B014321;5ALB;;2019-06-07;
1530;B014327;5ALB;;2019-06-07;* Cote=«P RYC»
1531;B014420;5ALB;;2019-06-06;* UA=«5ALB»
1532;B014416;5ALB;;2019-06-06;* UA=«5ALB»
1533;B015957;5ALB;;2019-06-06;* UA=«5ALB» * Cote=«P HAR»
1534;B014524;ADU;;2019-06-10;
1535;B014595;5ALB;;2019-06-07;
1536;B014596;5ALB;;2019-06-07;
1537;B014590;5ALB;;2019-06-07;
1538;B014582;5ALB;;2019-06-07;
1539;B014599;5ALB;;2019-06-07;
1540;B014585;5ALB;;2019-06-07;
1541;B014601;5ALB;;2019-06-07;
1542;B014597;5ALB;;2019-06-07;
1543;B014447;5ALB;;2019-06-07;
1544;B014500;5ALB;;2019-06-06;* UA=«5ALB» * Cote=«P HAR»
1545;B014577;5ALB;;2019-06-07;
1546;B014448;5ALB;;2019-06-07;
1547;B013841;5ALB;;2019-06-07;
1548;B014954;5ALB;;2019-06-07;
1549;B014953;5ALB;;2019-06-07;
1550;B014952;5ALB;;2019-06-07;
1551;B014955;5ALB;;2019-06-07;
1552;B014957;5ALB;;2019-06-07;
1553;B014956;5ALB;;2019-06-07;
1554;B014966;5ALB;;2019-06-07;
1555;B014965;5ALB;;2019-06-07;
1556;B015000;5ALB;;2019-06-07;
1557;B015001;5ALB;;2019-06-07;
1558;B015002;5ALB;;2019-06-07;
1559;B015003;5ALB;;2019-06-07;
1560;B015004;5ALB;;2019-06-07;
1561;B015005;5ALB;;2019-06-07;
1562;B015006;5ALB;;2019-06-07;
1563;B015008;5ALB;;2019-06-07;
1564;B015009;5ALB;;2019-06-07;
1565;B014971;5ALB;;2019-06-07;
1566;B015146;5ALB;;2019-06-07;
1567;B015118;5ALB;;2019-06-07;
1568;B015150;5ALB;;2019-06-07;
1569;B015125;5ALB;;2019-06-10;* Catégorie=«5A» * UA=«5ALB» * Cote=«P SER»
1570;B014795;5ALB;;2019-06-07;
1571;B014796;5ALB;;2019-06-07;
1572;B014797;5ALB;;2019-06-07;
1573;B014793;5ALB;;2019-06-07;
1574;B014794;5ALB;;2019-06-07;
1575;B014802;5ALB;;2019-06-07;
1576;B014801;5ALB;;2019-06-07;
1577;B014800;5ALB;;2019-06-07;
1578;B014799;5ALB;;2019-06-07;
1579;B015010;5ALB;;2019-06-07;
1580;B015011;5ALB;;2019-06-07;
1581;B014723;5ALB;;2019-06-05;* Catégorie=«5A» * UA=«5ALB» * Cote=«P VAI»
1582;B014722;5ALB;;2019-06-07;
1583;B015037;5ALB;;2019-06-07;
1584;B015038;5ALB;;2019-06-07;
1585;B015041;5ALB;;2019-06-07;
1586;B015039;5ALB;;2019-06-07;
1587;B015120;5ALB;;2019-06-07;
1588;B015126;5ALB;;2019-06-07;
1589;B015170;5ALB;;2019-05-31;* Catégorie=«5A» * UA=«5ALB» * Cote=«P OCE»
1590;B014727;5ALB;;2019-06-07;
1591;B014728;5ALB;;2019-06-07;
1592;B015173;5ALB;;2019-06-07;
1593;B015191;5ALB;;2019-06-07;
1594;B015198;5ALB;;2019-06-07;
1595;B015241;5ALB;;2019-06-07;* UA=«5ALB»
1596;B015203;5ALB;;2019-06-07;
1597;B015202;5ALB;;2019-06-07;
1598;B015200;5ALB;;2019-06-10;* Catégorie=«5A» * UA=«5ALB» * Cote=«P SER»
1599;B014741;5ALB;;2019-06-07;
1600;B015217;5ALB;;2019-06-07;
1601;B014721;5ALB;;2019-06-07;
1602;B014693;5ALB;;2019-06-07;
1603;B014789;5ALB;;2019-06-07;
1604;B014790;5ALB;;2019-06-07;
1605;B014792;5ALB;;2019-06-07;
1606;B014791;5ALB;;2019-06-07;
1606;B017304;5ALB;;2019-06-07;
1607;B015344;5ALB;;2019-06-07;
1608;B015289;5ALB;;2019-06-07;
1609;B015322;5ALB;;2019-06-07;
1610;B015293;5ALB;;2019-06-07;
1611;B015321;5ALB;;2019-06-07;
1612;B015294;5ALB;;2019-06-07;
1613;B015253;5ALB;;2019-06-07;
1614;B014737;5ALB;;2019-06-06;
1614;B015596;5ALB;;2019-06-06;
1615;B014736;5ALB;;2019-06-06;
1615;B015575;5ALB;;2019-06-06;
1615;B016189;5ALB;;2019-06-06;
1616;B015283;5ALB;;2019-06-07;
1617;B015226;5ALB;;2019-06-10;* Catégorie=«5A» * UA=«5ALB» * Cote=«P RAS»
1618;B015686;5ALB;;2019-06-07;
1618;B016253;5ALB;;2019-06-07;
1619;B015685;5ALB;;2019-06-07;
1619;B016738;5ALB;;2019-06-07;
1620;B015684;5ALB;;2019-06-07;
1620;B016597;5ALB;;2019-06-07;
1621;B015682;5ALB;;2019-06-07;
1622;B015680;5ALB;;2019-06-07;
1622;B016260;5ALB;;2019-06-07;
1623;B015290;5ALB;;2019-06-07;
1624;B015282;5ALB;;2019-06-07;
1625;B015284;5ALB;;2019-06-07;
1626;B015279;5ALB;;2019-06-07;
1627;B015286;5ALB;;2019-06-07;
1628;B015280;5ALB;;2019-06-07;
1629;B015281;5ALB;;2019-06-07;
1630;B015564;5ALB;;2019-06-07;
1631;B015566;5ALB;;2019-06-07;
1631;B016252;5ALB;;2019-06-07;
1632;B015675;5ALB;;2019-06-07;
1633;B015672;5ALB;;2019-06-07;
1634;B015668;5ALB;;2019-06-07;* Cote=«P  LEV»
1635;B015287;5ALB;;2019-06-07;
1636;B015676;5ALB;;2019-06-07;
1637;B015669;5ALB;;2019-06-07;
1638;B015656;5ALB;;2019-06-07;
1639;B015586;5ALB;;2019-06-06;
1640;B015597;5ALB;;2019-06-06;
1641;B015587;5ALB;;2019-06-06;
1642;B015585;5ALB;;2019-06-06;
1643;B015583;5ALB;;2019-06-06;
1643;B016196;5ALB;;2019-06-06;
1644;B015582;5ALB;;2019-06-06;
1645;B015581;5ALB;;2019-06-06;
1646;B015576;5ALB;;2019-06-06;
1647;B015584;5ALB;;2019-06-06;
1647;B016191;5ALB;;2019-06-06;
1648;B015579;5ALB;;2019-06-06;
1649;B015588;5ALB;;2019-06-06;
1650;B015589;5ALB;;2019-06-06;
1651;B015600;5ALB;;2019-06-06;
1652;B015590;5ALB;;2019-06-06;
1652;B016197;5ALB;;2019-06-06;
1653;B015578;5ALB;;2019-06-06;
1654;B015593;5ALB;;2019-06-06;
1655;B015577;5ALB;;2019-06-06;
1656;B015591;5ALB;;2019-06-06;
1656;B016192;5ALB;;2019-06-06;
1657;B015594;5ALB;;2019-06-06;
1657;B016190;5ALB;;2019-06-06;
1658;B015598;5ALB;;2019-06-06;
1659;B015592;5ALB;;2019-06-06;
1659;B016188;5ALB;;2019-06-06;
1660;B015599;5ALB;;2019-06-06;
1660;B016185;5ALB;;2019-06-06;
1661;B015595;5ALB;;2019-06-06;
1661;B016186;5ALB;;2019-06-06;
1662;B015601;5ALB;;2019-06-07;* Cote=«R CHA»
1663;B015603;5ALB;;2019-06-07;* Cote=«R MER»
1664;B015689;5ALB;;;
1665;B015380;5ALB;;2019-06-07;
1666;B015645;5ALB;;2019-06-07;
1667;B015606;5ALB;;2019-06-05;* Catégorie=«5A» * UA=«5ALB» * Cote=«P ROB»
1668;B015605;5ALB;;2019-06-07;
1669;B015726;5ALB;;2019-06-07;
1670;B015602;5ALB;;2019-06-07;
1670;B016447;5ALB;;2019-06-07;
1671;B015654;5ALB;;2019-06-07;
1671;B016359;5ALB;;2019-06-07;
1671;B017270;5ALB;;2019-06-07;
1672;B015663;5ALB;;2019-06-07;
1673;B015671;5ALB;;2019-06-07;
1673;B016715;5ALB;;2019-06-07;
1674;B015673;5ALB;;2019-06-07;
1675;B015678;5ALB;;2019-06-07;
1676;B015679;5ALB;;2019-06-07;
1676;B016606;5ALB;;2019-06-07;
1677;B015657;5ALB;;2019-06-07;
1678;B015665;5ALB;;2019-06-07;
1678;B017834;5ALB;;2019-06-07;
1678;B018259;5ALB;;2019-06-07;
1679;B015666;5ALB;;2019-06-07;
1680;B015659;5ALB;;2019-06-07;
1681;B015660;5ALB;;2019-06-07;
1682;B015661;5ALB;;2019-06-07;
1683;B015667;5ALB;;2019-06-07;
1684;B015670;5ALB;;2019-06-07;
1685;B015727;5ALB;;2019-06-07;
1686;B015567;5ALB;;2019-06-07;
1687;B015572;5ALB;;2019-06-07;
1688;B015568;5ALB;;2019-06-07;
1689;B015570;5ALB;;2019-06-07;
1690;B015571;5ALB;;2019-06-07;
1691;B015724;5ALB;;2019-06-07;
1692;B015750;5ALB;;2019-06-07;
1693;B010584;5ALB;;2019-06-07;
1694;B015762;5ALB;;2019-06-07;
1695;B015760;5ALB;;2019-06-07;
1696;B015759;5ALB;;2019-06-07;
1697;B015768;5ALB;;2019-06-07;
1698;B015772;5ALB;;2019-06-07;
1699;B015782;5ALB;;2019-06-07;
1700;B015846;5ALB;;2019-06-05;* Catégorie=«5A» * UA=«5ALB» * Cote=«P BEA»
1701;B015853;5ALB;;2019-06-05;* Catégorie=«5A» * UA=«5ALB» * Cote=«P BEA»
1702;B015852;5ALB;;2019-06-05;* Catégorie=«5A» * UA=«5ALB» * Cote=«P BEA»
1702;B018441;5ALB;;2019-06-05;* Catégorie=«5A» * UA=«5ALB» * Cote=«P BEA»
1703;B015854;5ALB;;2019-06-07;
1704;B015808;5ALB;;2019-06-07;
1704;B018544;5ALB;;2019-06-07;
1705;B015809;5ALB;;2019-06-07;
1706;B015859;5ALB;;2019-06-07;
1707;B015816;5ALB;;2019-06-05;* Catégorie=«5A» * UA=«5ALB» * Cote=«P WIL»
1708;B015781;5ALB;;2019-06-05;* Catégorie=«5A» * UA=«5ALB» * Cote=«P MCB»
1709;B015814;5ALB;;2019-06-07;
1710;B015815;5ALB;;;
1711;B015836;5ALB;;2019-06-07;
1712;B015725;5ALB;;2019-06-10;
1713;B014938;5ALB;;2019-06-06;* UA=«5ALB»
1714;B014935;5ALB;;2019-06-06;* UA=«5ALB»
1715;B014933;5ALB;;2019-06-03;* Catégorie=«5A» * UA=«5ALB»
1716;B015786;5ALB;;2019-06-07;
1717;B015813;5ALB;;2019-06-07;
1718;B015785;5ALB;;2019-06-07;
1719;B015784;5ALB;;2019-06-07;
1719;B018760;5ALB;;2019-06-07;
1720;B015807;5ALB;;2019-06-07;
1721;B015789;5ALB;;2019-06-07;
1722;B015788;5ALB;;2019-06-07;
1723;B015811;5ALB;;2019-06-07;
1723;B019483;5ALB;;2019-06-07;
1724;B015855;5ALB;;2019-06-07;
1725;B015787;5ALB;;;
1726;B015889;5ALB;;2019-06-07;
1727;B015895;5ALB;;2019-06-07;
1728;B015878;5ALB;;2019-06-07;
1729;B015783;5ALB;;2019-06-07;
1730;B015929;5ALB;3;2019-06-07;* PRÊTÉ ou PERDU
1731;B015899;5ALB;;2019-06-07;
1732;B015849;5ALB;;2019-06-07;
1733;B015851;5ALB;;2019-05-31;* Catégorie=«5A» * UA=«5ALB»
1734;B015898;5ALB;;2019-06-07;
1735;B015848;5ALB;;2019-06-07;
1736;B015938;5ALB;1;2019-06-07;* PRÊTÉ ou PERDU
1737;B015968;5ALB;;;
1738;B015950;5ALB;;2019-06-07;
1739;B015997;5ALB;;2019-06-07;
1740;B016017;5ALB;;2019-06-07;
1741;B016018;5ALB;;2019-06-07;
1742;B016045;5ALB;;2019-06-07;
1743;B016172;5ALB;;2019-06-07;
1744;B016392;5ALB;;2019-06-07;
1745;B016391;5ALB;;2019-06-07;
1746;B016384;5ALB;;2019-06-07;
1747;B016390;5ALB;;2019-06-07;
1748;B016389;5ALB;;2019-06-07;
1749;B016386;5ALB;;2019-06-07;
1750;B016388;5ALB;;2019-06-07;
1751;B016385;5ALB;;2019-06-07;
1752;B016360;5ALB;;2019-06-07;
1752;B016594;5ALB;;2019-06-07;
1753;B016383;5ALB;;2019-06-05;* Catégorie=«5A» * UA=«5ALB» * Cote=«P YOL»
1754;B016338;5ALB;;2019-06-07;
1755;B016361;5ALB;;2019-06-07;
1756;B016261;5ALB;;2019-06-07;
1757;B016263;5ALB;;2019-06-07;
1758;B016256;5ALB;;2019-06-07;
1758;B018870;5ALB;;2019-06-07;
1759;B016224;5ALB;;2019-06-07;
1759;B016718;5ALB;;2019-06-07;
1760;B016229;5ALB;;2019-06-07;
1761;B016248;5ALB;1;2019-06-07;* PRÊTÉ ou PERDU
1762;B016387;5ALB;;2019-06-07;
1763;B016245;5ALB;;2019-06-07;
1763;B016608;5ALB;;2019-06-07;
1764;B016257;5ALB;;2019-06-07;
1765;B016249;5ALB;;2019-06-07;
1766;B016254;5ALB;;2019-06-07;
1767;B016255;5ALB;;2019-06-05;* Catégorie=«5A» * UA=«5ALB» * Cote=«P TRE»
1767;B017819;5ALB;;2019-06-07;
1768;B016262;5ALB;;2019-06-07;
1768;B018291;5ALB;;2019-06-07;
1769;B016259;5ALB;;2019-06-07;
1770;B016335;5ALB;;2019-06-07;
1770;B017941;5ALB;;2019-06-07;
1771;B016258;5ALB;;2019-06-07;
1772;B016418;5ALB;;2019-06-07;
1773;B016423;5ALB;;2019-06-07;
1774;B016534;5ALB;;2019-06-07;
1775;B016538;5ALB;;2019-06-07;
1776;B016537;5ALB;;2019-06-07;
1777;B016556;5ALB;;2019-06-07;
1778;B016551;5ALB;;2019-06-07;
1779;B016440;5ALB;;2019-06-07;* Cote=«P OBI»
1780;B016425;5ALB;;2019-06-07;
1781;B016562;5ALB;;2019-06-07;
1782;B016415;5ALB;;2019-06-07;* Cote=«P WAL»
1783;B016564;5ALB;;2019-06-07;
1784;B016202;5ALB;;2019-06-06;
1785;B016201;5ALB;;2019-06-07;
1786;B016199;5ALB;;2019-06-06;
1787;B016203;5ALB;;2019-06-06;
1788;B016187;5ALB;;2019-06-06;
1789;B016198;5ALB;;2019-06-06;
1790;B016200;5ALB;;2019-06-06;
1791;B016546;5ALB;;2019-06-07;
1792;B016552;5ALB;;2019-06-07;
1793;B016547;5ALB;;2019-06-07;
1794;B016566;5ALB;;2019-06-07;
1795;B016540;5ALB;;2019-06-07;
1796;B016563;5ALB;;2019-06-07;
1797;B016572;5ALB;;2019-06-07;
1798;B016567;5ALB;;2019-06-05;* Catégorie=«5A» * UA=«5ALB» * Cote=«P ALM»
1799;B016573;5ALB;;2019-06-07;
1800;B016194;5ALB;;2019-06-06;
1801;B016193;5ALB;;2019-06-06;
1802;B016195;5ALB;;2019-06-06;
1803;B016603;5ALB;;2019-06-07;
1804;B016595;5ALB;;2019-06-07;
1805;B016607;5ALB;;2019-06-07;
1806;B016609;5ALB;;2019-06-07;
1807;B016600;5ALB;;2019-06-07;
1808;B016599;5ALB;;2019-06-07;
1809;B016598;5ALB;;2019-06-07;
1810;B016601;5ALB;;2019-06-07;
1811;B016638;5ALB;;2019-06-07;
1812;B016639;5ALB;;2019-06-10;* Catégorie=«5A» * UA=«5ALB» * Cote=«P DEL»
1812;B016719;5ALB;;2019-06-10;* Catégorie=«5A» * UA=«5ALB» * Cote=«P DEL»
1813;B016664;5ALB;;2019-06-05;* Catégorie=«5A» * UA=«5ALB» * Cote=«P DUB»
1814;B016667;5ALB;;2019-06-07;
1815;B016570;5ALB;;2019-06-07;
1816;B016605;5ALB;;2019-06-07;
1817;B016615;5ALB;;2019-06-07;
1818;B016545;5ALB;;2019-06-07;
1819;B016531;5ALB;;2019-06-07;
1820;B016530;5ALB;;2019-06-05;* Catégorie=«5A» * UA=«5ALB» * Cote=«P JON»
1821;B016520;5ALB;;2019-06-07;
1822;B016518;5ALB;1;2019-06-13;* Catégorie=«5A» * UA=«5ALB» * PRÊTÉ ou PERDU
1823;B016523;5ALB;;2019-06-07;
1824;B016557;5ALB;;2019-06-07;
1825;B016558;5ALB;;2019-06-07;
1826;B016714;5ALB;;2019-06-05;* Catégorie=«5A» * UA=«5ALB» * Cote=«P DUB»
1827;B016716;5ALB;;2019-06-07;
1828;B016717;5ALB;;2019-06-07;
1829;B016720;5ALB;;2019-06-07;
1830;B016559;5ALB;;2019-06-07;
1831;B016430;5ALB;;2019-06-07;
1832;B016340;5ALB;;2019-06-07;
1833;B016561;5ALB;;2019-06-07;
1834;B016427;5ALB;;2019-06-07;
1834;B019478;5ALB;;2019-06-07;
1835;B016746;5ALB;;2019-06-07;
1836;B016747;5ALB;;2019-06-07;
1836;B018951;5ALB;;2019-06-07;
1837;B016748;5ALB;;2019-06-07;
1838;B016750;5ALB;;2019-06-07;
1838;B017872;5ALB;;2019-06-07;
1838;B018952;5ALB;;2019-06-07;
1839;B016742;5ALB;;2019-06-05;* Catégorie=«5A» * UA=«5ALB» * Cote=«P DUB»
1840;B016753;5ALB;;2019-06-07;
1840;B017932;5ALB;;2019-06-07;
1841;B016752;ADU;;2019-06-10;
1842;B016751;5ALB;;2019-06-07;
1842;B017916;5ALB;;2019-06-07;
1843;B016740;5ALB;;2019-06-07;
1844;B016745;5ALB;;2019-06-07;
1845;B016744;5ALB;;2019-06-07;
1846;B016743;5ALB;;2019-06-07;
1847;B016737;5ALB;;2019-06-07;
1848;B016736;5ALB;;2019-06-07;
1849;B016735;5ALB;;2019-06-07;
1850;B016741;5ALB;;2019-06-07;
1850;B016448;5ALB;;2019-06-07;
1851;B016502;5ALB;;2019-06-07;
1852;B016499;5ALB;;2019-06-07;
1853;B016419;5ALB;1;2019-06-13;* Catégorie=«5A» * UA=«5ALB» * PRÊTÉ ou PERDU
1854;B016422;5ALB;;2019-06-07;
1855;B016424;5ALB;;2019-06-07;
1856;B016560;5ALB;;2019-06-07;* Cote=«P BLA»
1857;B016478;5ALB;;2019-06-06;* UA=«5ALB» * Cote=«P HAR»
1858;B016475;5ALB;1;2019-06-06;* UA=«5ALB» * Cote=«P HAR» * PRÊTÉ ou PERDU
1859;B016473;5ALB;;2019-06-06;* UA=«5ALB» * Cote=«P HAR»
1860;B016476;5ALB;;2019-06-06;* UA=«5ALB» * Cote=«P HAR»
1861;B016426;5ALB;;2019-06-07;
1862;B016454;5ALB;;2019-06-07;
1863;B016466;5ALB;;2019-06-05;* Catégorie=«5A» * UA=«5ALB» * Cote=«P CHA»
1864;B016486;5ALB;;2019-06-07;* Cote=«R CHA»
1865;B016487;5ALB;;2019-06-07;* Cote=«R TIB»
1866;B016483;5ALB;;2019-06-07;* Cote=«R ROB»
1867;B016485;5ALB;;2019-06-07;* Cote=«R TRE»
1868;B016484;5ALB;;2019-06-07;* Cote=«R TIB»
1869;B016482;5ALB;;2019-06-07;* Cote=«R TIB»
1870;B016474;5ALB;;2019-06-06;* UA=«5ALB» * Cote=«P HAR»
1871;B016455;5ALB;;2019-06-07;
1872;B016937;5ALB;;2019-06-07;
1873;B016859;5ALB;;2019-06-07;* Cote=«P IVA»
1874;B016867;5ALB;;2019-06-07;
1875;B016869;5ALB;;2019-06-10;* Catégorie=«5A» * UA=«5ALB» * Cote=«P TEX»
1876;B016871;5ALB;;2019-06-10;* Catégorie=«5A» * UA=«5ALB» * Cote=«P TEX»
1877;B016870;5ALB;;2019-06-10;* Catégorie=«5A» * UA=«5ALB» * Cote=«P TEX»
1878;B016872;5ALB;;2019-06-10;* Catégorie=«5A» * UA=«5ALB» * Cote=«P TEX»
1879;B016873;5ALB;;2019-06-10;* Catégorie=«5A» * UA=«5ALB» * Cote=«P TEX»
1880;B017268;5ALB;;;
1880;B018294;5ALB;;2019-06-07;
1881;B016913;5ALB;;2019-06-07;
1882;B016917;5ALB;;2019-06-07;
1883;B016911;5ALB;;2019-06-07;
1884;B016879;5ALB;;2019-06-07;
1885;B016878;5ALB;;2019-06-07;
1886;B016880;5ALB;;2019-06-07;
1887;B016881;5ALB;;2019-06-07;
1888;B016882;5ALB;;2019-06-07;
1889;B016886;5ALB;;2019-06-07;
1890;B016885;5ALB;;2019-06-07;
1891;B016884;5ALB;;2019-06-07;
1892;B016888;5ALB;;2019-06-07;
1893;B016887;5ALB;;2019-06-07;
1894;B016883;5ALB;;2019-06-07;
1895;B017265;5ALB;;2019-06-07;
1896;B017267;5ALB;;2019-06-07;
1896;B017772;5ALB;;2019-06-07;
1897;B017152;5ALB;;2019-06-07;
1898;B017151;5ALB;;2019-06-05;* Catégorie=«5A» * UA=«5ALB» * Cote=«P MAS»
1899;B017149;5ALB;;2019-06-07;
1900;B017150;5ALB;;2019-06-05;* Catégorie=«5A» * UA=«5ALB» * Cote=«P MAS»
1901;B017153;5ALB;;2019-06-05;* Catégorie=«5A» * UA=«5ALB» * Cote=«P LOI»
1902;B017154;5ALB;;2019-06-05;* Catégorie=«5A» * UA=«5ALB» * Cote=«P LOI»
1903;B017155;5ALB;;2019-06-05;* Catégorie=«5A» * UA=«5ALB» * Cote=«P LOI»
1904;B017156;5ALB;;2019-06-07;
1905;B017157;5ALB;;2019-06-05;* Catégorie=«5A» * UA=«5ALB» * Cote=«P AUR»
1906;B017106;5ALB;;2019-06-07;
1907;B016958;5ALB;;2019-06-07;
1908;B017103;5ALB;;2019-06-07;
1909;B017019;5ALB;;2019-06-05;* Catégorie=«5A» * UA=«5ALB» * Cote=«P TON»
1909;B017018;5ALB;;2019-06-07;
1909;B017017;5ALB;;2019-06-07;
1910;B017212;5ALB;;2019-06-07;
1911;B017211;5ALB;;2019-06-07;
1912;B017210;5ALB;;2019-06-07;
1912;B017856;5ALB;;2019-06-07;
1912;B017816;5ALB;;2019-06-07;
1913;B017213;5ALB;;2019-06-07;
1914;B017209;5ALB;;2019-06-07;
1915;B017208;5ALB;;2019-06-07;
1916;B017207;5ALB;;2019-06-07;
1917;B017214;5ALB;;2019-06-07;
1917;B017864;5ALB;;2019-06-07;
1917;B017824;5ALB;;2019-06-07;
1918;B016992;5ALB;;2019-06-07;
1919;B017204;5ALB;;2019-06-07;
1920;B017206;5ALB;;2019-06-07;
1921;B017205;5ALB;;2019-06-07;
1922;B017266;5ALB;;2019-06-07;
1922;B017859;5ALB;;2019-06-07;
1922;B018969;5ALB;;2019-06-07;
1923;B017241;5ALB;;2019-06-07;
1924;B017238;5ALB;;2019-06-07;
1925;B017258;5ALB;;2019-06-07;* Cote=«P DAO»
1926;B017000;5ALB;;2019-06-07;
1927;B017259;5ALB;;2019-06-07;
1928;B016999;5ALB;;2019-06-07;
1928;B017917;5ALB;;2019-06-07;
1929;B017262;5ALB;;2019-06-07;
1930;B017260;5ALB;;2019-06-07;
1931;B017261;5ALB;;2019-06-07;
1931;B018504;5ALB;;2019-06-07;
1931;B019168;5ALB;;2019-06-07;
1932;B017058;5ALB;;2019-06-07;
1933;B017062;5ALB;;2019-06-07;
1934;B017107;5ALB;;2019-06-07;
1934;B018533;5ALB;;2019-06-07;
1935;B017075;5ALB;;2019-06-07;
1935;B017366;5ALB;;2019-06-07;
1936;B016994;5ALB;;2019-06-07;
1936;B018718;5ALB;;;
1937;B016996;5ALB;;;
1938;B016993;5ALB;;;
1939;B016995;5ALB;;2019-06-07;
1940;B016997;5ALB;;2019-06-07;
1940;B018719;5ALB;;2019-06-06;* Catégorie=«5A» * UA=«5ALB» * Cote=«P MEN»
1941;B016998;5ALB;;;
1942;B017257;5ALB;;2019-06-07;
1943;B017254;5ALB;;2019-06-07;
1944;B017253;5ALB;;2019-06-07;
1944;B017939;5ALB;;2019-06-07;
1945;B017252;5ALB;;2019-06-07;
1946;B017014;5ALB;;2019-06-05;* Catégorie=«5A» * UA=«5ALB» * Cote=«P CLA»
1947;B017032;5ALB;;2019-06-07;
1948;B017031;5ALB;;2019-06-07;
1949;B017240;5ALB;;2019-06-07;
1950;B017371;5ALB;;2019-06-07;
1951;B017370;5ALB;;2019-06-07;
1952;B017347;5ALB;;2019-06-07;
1953;B017363;5ALB;;2019-06-07;
1954;B017349;5ALB;;2019-06-05;* Catégorie=«5A» * UA=«5ALB» * Cote=«P KHA»
1955;B017355;5ALB;;2019-06-07;
1956;B017671;5ALB;;2019-06-07;
1957;B017610;5ALB;;2019-06-07;
1958;B017618;5ALB;;2019-06-07;
1959;B017587;5ALB;;2019-06-07;
1960;B017622;5ALB;;2019-06-07;
1961;B017614;5ALB;;2019-06-07;
1962;B017619;5ALB;;2019-06-07;
1963;B017598;5ALB;;2019-06-07;
1964;B017611;5ALB;;2019-06-07;
1965;B017825;5ALB;;2019-06-10;* Catégorie=«5A» * UA=«5ALB» * Cote=«P CHA»
1966;B017817;5ALB;;2019-06-07;
1967;B017858;5ALB;;2019-06-07;
1968;B017827;5ALB;;2019-06-07;
1969;B017851;5ALB;;2019-06-07;
1970;B017828;5ALB;;2019-06-07;
1971;B017845;5ALB;;2019-06-07;
1972;B017850;5ALB;;2019-06-07;
1973;B017829;5ALB;;2019-06-07;
1974;B017837;5ALB;;2019-06-10;* Catégorie=«5A» * UA=«5ALB» * Cote=«P BEH»
1975;B017860;5ALB;;2019-06-07;
1976;B017826;5ALB;;2019-06-07;
1977;B017731;5ALB;;2019-06-07;
1977;B018920;5ALB;;2019-06-07;
1978;B017763;5ALB;;2019-06-07;
1979;B017770;5ALB;;2019-06-07;
1980;B017762;5ALB;;2019-06-07;
1981;B017754;5ALB;;2019-06-07;
1982;B017746;5ALB;;2019-06-07;
1983;B017737;5ALB;;2019-06-07;
1984;B017745;5ALB;;2019-06-07;
1985;B017778;5ALB;;2019-06-07;
1986;B017729;5ALB;;2019-06-07;
1987;B017730;5ALB;;2019-06-07;
1988;B017723;5ALB;;2019-06-07;
1989;B017597;5ALB;;2019-06-07;
1990;B017755;5ALB;;2019-06-07;
1991;B017589;5ALB;;2019-06-07;
1992;B017774;5ALB;;2019-06-07;
1993;B017782;5ALB;;2019-06-07;
1994;B017751;5ALB;;2019-06-07;
1995;B017756;5ALB;;2019-06-07;
1995;B018962;5ALB;;2019-06-07;
1996;B017764;5ALB;;2019-06-07;
1996;B018299;5ALB;;2019-06-07;
1997;B017780;5ALB;;2019-06-07;
1998;B017757;5ALB;;2019-06-07;
1998;B018956;5ALB;;2019-06-07;
1999;B017765;5ALB;;2019-06-07;
1999;B018292;5ALB;;2019-06-07;
1999;B019641;5ALB;;2019-06-07;
2000;B017779;5ALB;;2019-06-07;
2000;B019653;5ALB;;2019-06-07;
2001;B017748;5ALB;;2019-06-07;
2001;B018960;5ALB;;2019-06-07;
2002;B017847;5ALB;;2019-06-07;
2003;B017848;5ALB;;2019-06-07;
2004;B017836;5ALB;;2019-06-07;
2005;B017736;5ALB;;2019-06-05;* Catégorie=«5A» * UA=«5ALB» * Cote=«P LAT»
2006;B017794;5ALB;;2019-06-07;
2006;B018868;5ALB;;2019-06-07;
2007;B017795;5ALB;;2019-06-07;
2007;B018930;5ALB;;2019-06-07;
2008;B017818;5ALB;;2019-06-07;
2009;B017810;5ALB;;2019-06-07;
2009;B019648;5ALB;;2019-06-07;
2010;B017785;5ALB;;2019-06-07;
2011;B017786;5ALB;;2019-06-07;
2012;B017838;5ALB;;2019-06-07;
2013;B017803;5ALB;;2019-06-07;
2013;B018296;5ALB;;2019-06-07;
2014;B017811;5ALB;;2019-06-07;
2014;B018963;5ALB;;2019-06-07;
2015;B017788;5ALB;;2019-06-07;
2015;B018873;5ALB;;2019-06-07;
2016;B017830;5ALB;;2019-06-07;
2017;B017846;5ALB;;2019-06-07;
2018;B017861;5ALB;;2019-06-07;
2019;B017843;5ALB;;2019-06-07;
2020;B017842;5ALB;;2019-06-07;
2020;B019591;5ALB;;2019-06-07;
2021;B017379;5ALB;;2019-06-07;
2022;B017809;5ALB;;2019-06-07;
2023;B017603;5ALB;;2019-06-07;
2024;B016920;5ALB;;2019-06-07;
2025;B017358;5ALB;;2019-06-07;* Cote=«P MAS»
2026;B017878;5ALB;;2019-06-07;
2027;B017896;5ALB;;2019-06-07;
2028;B017905;5ALB;;2019-06-07;
2029;B017930;5ALB;;2019-06-07;
2030;B017914;5ALB;;2019-06-07;
2031;B017904;5ALB;;2019-06-07;
2032;B017889;5ALB;;;
2033;B017881;5ALB;;2019-06-07;
2034;B017902;5ALB;;2019-06-07;
2034;B019660;5ALB;;2019-06-07;
2035;B017887;5ALB;;2019-06-07;
2036;B017888;5ALB;;2019-06-07;
2037;B017897;5ALB;;2019-06-07;
2038;B017922;5ALB;;;
2039;B017903;5ALB;;2019-06-07;
2039;B018948;5ALB;;2019-06-07;
2040;B017879;5ALB;;2019-06-07;
2041;B017910;5ALB;;2019-06-07;
2042;B017895;5ALB;;2019-06-07;
2043;B017871;5ALB;;2019-06-07;
2044;B017923;5ALB;1;;
2045;B017926;5ALB;;2019-06-07;
2046;B017918;5ALB;;2019-06-10;* Catégorie=«5A» * UA=«5ALB» * Cote=«P NAD»
2047;B017940;5ALB;;2019-06-07;
2048;B017907;5ALB;;2019-06-07;
2048;B019154;5ALB;;2019-06-07;
2049;B017909;5ALB;;2019-06-07;
2050;B017908;5ALB;;2019-06-07;
2051;B017933;5ALB;;2019-06-07;
2052;B017938;5ALB;;2019-06-07;
2052;B018466;5ALB;;2019-06-07;
2053;B017931;5ALB;;2019-06-07;
2054;B017983;5ALB;;2019-06-06;
2055;B017792;5ALB;;2019-06-07;
2056;B017354;5ALB;;2019-06-07;
2057;B017853;5ALB;;2019-06-05;* Catégorie=«5A» * UA=«5ALB» * Cote=«P BAL»
2058;B018065;5ALB;1;2019-06-07;* PRÊTÉ ou PERDU
2059;B018074;5ALB;1;2019-06-12;* Catégorie=«5A» * UA=«5ALB» * PRÊTÉ ou PERDU
2060;B018082;5ALB;;2019-06-07;
2061;B018090;5ALB;1;;
2062;B018067;5ALB;;2019-06-07;
2063;B018075;5ALB;;2019-06-07;
2064;B018083;5ALB;;2019-06-07;
2065;B018091;5ALB;;2019-06-07;
2066;B018099;5ALB;1;;
2067;B018062;5ALB;;2019-06-07;
2068;B018055;5ALB;;2019-06-07;
2069;B018047;5ALB;;2019-06-07;
2070;B018039;5ALB;;2019-06-07;
2071;B018054;5ALB;;2019-06-07;
2072;B018110;5ALB;;2019-06-10;* Catégorie=«5A» * UA=«5ALB» * Cote=«P DED»
2073;B018307;5ALB;;;
2074;B018302;5ALB;;2019-06-07;
2075;B018320;5ALB;;2019-06-07;
2076;B018317;5ALB;;2019-06-07;
2077;B018096;5ALB;;2019-06-07;
2078;B018080;5ALB;;2019-06-07;
2079;B018106;5ALB;;2019-06-07;
2080;B018118;5ALB;;2019-06-07;
2081;B018115;5ALB;;2019-06-07;
2082;B018116;5ALB;;2019-06-07;
2083;B018088;5ALB;;2019-06-07;
2084;B018109;5ALB;;2019-06-07;
2085;B018120;5ALB;;2019-06-07;
2086;B018119;5ALB;1;2019-06-07;* PRÊTÉ ou PERDU
2086;B018586;5ALB;;2019-06-07;
2087;B018117;5ALB;;2019-06-07;
2088;B018097;5ALB;;2019-06-07;
2089;B018046;5ALB;;;
2090;B018342;5ALB;;2019-06-07;
2091;B018387;5ALB;;2019-06-10;* Catégorie=«5A» * UA=«5ALB» * Cote=«P RAS»
2092;B018345;5ALB;;2019-06-07;
2093;B018308;5ALB;;2019-06-07;
2094;B018257;5ALB;;2019-06-07;
2095;B018260;5ALB;;2019-06-07;
2096;B018258;5ALB;;2019-06-07;
2097;B018300;5ALB;;2019-06-07;
2098;B018293;5ALB;;2019-06-07;
2098;B018964;5ALB;;2019-06-07;
2099;B018295;5ALB;;2019-06-07;
2100;B018297;5ALB;;2019-06-07;
2101;B018089;5ALB;;2019-06-07;
2102;B018341;5ALB;;2019-06-07;
2103;B018353;5ALB;;2019-06-07;
2104;B018364;5ALB;;2019-06-07;
2105;B018360;5ALB;;2019-06-07;
2106;B018361;5ALB;1;;
2107;B018263;5ALB;;2019-06-07;
2108;B018322;5ALB;;2019-06-07;
2109;B018386;5ALB;;2019-06-07;
2110;B018323;5ALB;;2019-06-07;
2111;B018436;5ALB;;2019-06-07;
2112;B018439;5ALB;;2019-06-07;
2113;B018256;5ALB;;2019-06-07;
2114;B018255;5ALB;;2019-06-07;
2115;B018438;5ALB;1;;
2116;B018354;5ALB;1;;
2117;B018261;5ALB;;2019-06-07;
2118;B018456;5ALB;;2019-06-07;
2119;B018455;5ALB;;2019-06-07;
2120;B018358;5ALB;;2019-06-07;
2121;B018365;5ALB;;2019-06-07;
2122;B018344;5ALB;;2019-06-07;
2123;B018355;5ALB;;2019-06-07;
2124;B018343;5ALB;;2019-06-07;
2125;B018363;5ALB;1;;
2126;B018340;5ALB;;2019-06-07;
2126;B019011;5ALB;;2019-06-07;
2127;B018396;5ALB;;2019-06-07;
2128;B018352;5ALB;1;;
2129;B018362;5ALB;;2019-06-07;
2130;B018367;5ALB;;2019-06-07;
2131;B018265;5ALB;;2019-06-07;
2132;B018305;5ALB;;2019-06-07;
2133;B018315;5ALB;1;;
2134;B018393;5ALB;;2019-06-07;
2135;B018282;5ALB;;2019-06-07;
2136;B018468;5ALB;;2019-06-07;
2137;B018470;5ALB;;2019-06-07;* Cote=«P BEA»
2138;B018471;5ALB;;2019-06-07;
2139;B018472;5ALB;;2019-06-07;
2140;B018457;5ALB;;2019-06-06;* UA=«5ALB» * Cote=«P HAR»
2141;B018262;5ALB;;2019-06-07;
2142;B018356;5ALB;;2019-06-07;
2143;B018395;5ALB;;2019-06-07;
2143;B019088;5ALB;;2019-06-07;
2144;B018394;5ALB;;2019-06-07;
2144;B019087;5ALB;;2019-06-07;
2145;B018316;5ALB;;2019-06-07;
2146;B018311;5ALB;;2019-06-07;
2147;B017977;5ALB;;2019-06-07;
2147;B017986;5ALB;;2019-06-07;
2148;B018310;5ALB;;2019-06-07;* Cote=«P LEJ»
2149;B018370;5ALB;;2019-06-07;
2150;B018359;5ALB;;2019-06-07;
2151;B018121;5ALB;;2019-06-03;* Catégorie=«5A» * UA=«5ALB»
2152;B018357;5ALB;1;;
2153;B018463;5ALB;;2019-06-07;
2154;B018485;5ALB;;2019-06-07;
2155;B018486;5ALB;;2019-06-07;
2156;B018487;5ALB;;2019-06-07;
2157;B018489;5ALB;;2019-06-07;
2157;B019631;5ALB;;2019-06-07;* Cote=«P COH»
2158;B018506;5ALB;;2019-06-07;
2159;B018509;5ALB;;;
2160;B018510;5ALB;;2019-06-07;* Cote=«P OLD»
2161;B018502;5ALB;;2019-06-07;
2162;B018497;5ALB;;2019-06-07;
2163;B018496;5ALB;;2019-06-07;
2164;B018498;5ALB;;2019-06-07;
2165;B018501;5ALB;;2019-06-07;
2166;B018499;5ALB;;2019-06-07;
2166;B018795;5ALB;;2019-06-07;
2167;B018526;5ALB;1;;
2168;B018525;5ALB;;2019-06-07;
2169;B018522;5ALB;;2019-06-07;
2170;B018524;5ALB;3;;
2171;B018520;5ALB;;2019-06-07;
2172;B018519;5ALB;;2019-06-07;
2173;B018512;5ALB;;2019-06-07;
2174;B018511;5ALB;;2019-06-07;
2175;B018531;5ALB;;2019-06-07;
2176;B018530;5ALB;;2019-06-07;
2177;B018529;5ALB;1;2019-06-07;* Cote=«P ASH» * PRÊTÉ ou PERDU
2178;B018535;5ALB;;2019-06-07;
2179;B018541;5ALB;;2019-06-07;
2180;B018539;5ALB;;2019-06-07;
2181;B018538;5ALB;;;
2182;B018543;5ALB;;2019-06-07;
2183;B018545;5ALB;;2019-06-07;
2184;B018500;5ALB;1;2019-06-12;* PRÊTÉ ou PERDU
2185;B018532;5ALB;;2019-06-10;* Catégorie=«5A» * UA=«5ALB» * Cote=«P CRO»
2186;B018546;5ALB;;2019-06-07;
2187;B017844;5ALB;;2019-06-07;
2188;B018628;5ALB;;2019-06-05;* Catégorie=«5A» * UA=«5ALB» * Cote=«P NIC»
2189;B018563;5ALB;;;
2190;B018630;5ALB;;2019-06-05;* Catégorie=«5A» * UA=«5ALB» * Cote=«P MCL»
2191;B018629;5ALB;;2019-06-05;* Catégorie=«5A» * UA=«5ALB» * Cote=«P MCL»
2192;B018614;5ALB;;2019-06-07;
2193;B018611;5ALB;;2019-06-07;
2194;B018610;5ALB;;2019-06-07;
2195;B018503;5ALB;;2019-06-07;
2196;B018588;5ALB;;2019-06-07;
2197;B018626;5ALB;;2019-06-05;* Catégorie=«5A» * UA=«5ALB» * Cote=«P NIC»
2198;B018625;5ALB;;2019-06-05;* Catégorie=«5A» * UA=«5ALB» * Cote=«P NIC»
2199;B018627;5ALB;;2019-06-05;* Catégorie=«5A» * UA=«5ALB» * Cote=«P NIC»
2200;B018624;5ALB;;2019-06-05;* Catégorie=«5A» * UA=«5ALB» * Cote=«P NIC»
2201;B018656;5ALB;;2019-06-07;
2202;B018665;5ALB;;2019-06-07;
2203;B018636;5ALB;;2019-06-05;* Catégorie=«5A» * UA=«5ALB» * Cote=«P BRI»
2204;B018582;5ALB;;2019-06-07;
2205;B018584;5ALB;;2019-06-07;
2206;B018666;5ALB;;2019-06-07;
2207;B018667;5ALB;;2019-06-07;
2208;B018632;5ALB;;2019-06-07;* Cote=«P KRO»
2209;B018687;5ALB;;2019-06-05;* Catégorie=«5A» * UA=«5ALB» * Cote=«P AUD»
2210;B018698;5ALB;;2019-06-07;
2211;B018694;5ALB;;2019-06-07;
2212;B018704;5ALB;;2019-06-07;
2213;B018699;5ALB;;;
2214;B018697;5ALB;;2019-06-07;
2215;B018710;5ALB;;2019-06-07;
2215;B019460;5ALB;;2019-06-07;
2215;B020274;5ALB;;2019-06-07;
2216;B018706;5ALB;;2019-06-06;
2217;B018726;5ALB;;2019-06-07;
2218;B018032;5ALB;;2019-06-07;
2219;B018720;5ALB;;;
2220;B018747;5ALB;;2019-06-07;* Cote=«P GAG»
2221;B018771;5ALB;1;;
2221;B019464;5ALB;;2019-06-07;
2222;B018756;5ALB;;2019-06-07;
2223;B018757;5ALB;;2019-06-07;
2224;B018749;5ALB;;2019-06-07;
2225;B018754;5ALB;;2019-06-07;
2226;B018759;5ALB;;2019-06-07;
2226;B018801;5ALB;;2019-06-07;
2227;B018758;5ALB;;2019-06-07;
2228;B018755;5ALB;;2019-06-07;* Cote=«P WAL»
2229;B018723;5ALB;;;
2229;B019195;5ALB;;2019-06-06;* Catégorie=«5A» * UA=«5ALB» * Cote=«P DIS»
2230;B018722;5ALB;;2019-06-06;* Catégorie=«5A» * UA=«5ALB» * Cote=«P DIS»
2230;B019190;5ALB;1;;
2231;B018797;5ALB;;2019-06-07;
2232;B018872;5ALB;;2019-06-07;
2233;B018874;5ALB;;2019-06-07;
2233;B019140;5ALB;;2019-06-07;
2234;B018949;5ALB;;2019-06-07;
2235;B018950;5ALB;;2019-06-07;
2236;B018968;5ALB;;2019-06-07;
2237;B018965;5ALB;;2019-06-07;
2238;B018967;5ALB;;2019-06-07;
2238;B019138;5ALB;;2019-06-07;
2239;B019099;5ALB;;2019-06-07;
2240;B019094;5ALB;;2019-06-07;
2241;B019100;5ALB;;2019-06-07;
2242;B019093;5ALB;;2019-06-07;
2243;B019098;5ALB;;2019-06-07;
2244;B019096;5ALB;;2019-06-07;
2245;B019095;5ALB;;2019-06-07;
2246;B019067;5ALB;;2019-06-05;* Catégorie=«5A» * UA=«5ALB» * Cote=«P CHA»
2247;B019066;5ALB;;2019-06-05;* Catégorie=«5A» * UA=«5ALB» * Cote=«P PIQ»
2248;B019064;5ALB;;2019-06-05;* Catégorie=«5A» * UA=«5ALB» * Cote=«P CHA»
2249;B019063;5ALB;;2019-06-05;* Catégorie=«5A» * UA=«5ALB» * Cote=«P CHA»
2250;B019062;5ALB;;2019-06-05;* Catégorie=«5A» * UA=«5ALB» * Cote=«P MON»
2251;B019061;5ALB;;2019-06-05;* Catégorie=«5A» * UA=«5ALB» * Cote=«P MON»
2252;B019060;5ALB;;2019-06-05;* Catégorie=«5A» * UA=«5ALB» * Cote=«P MON»
2253;B018918;5ALB;;2019-06-07;
2254;B018880;5ALB;;2019-06-07;
2255;B018936;5ALB;;2019-06-05;* Catégorie=«5A» * UA=«5ALB»
2256;B018939;5ALB;;2019-06-07;
2257;B018937;5ALB;;2019-06-05;* Catégorie=«5A» * UA=«5ALB» * Cote=«R GUI»
2258;B018921;5ALB;;2019-06-07;
2259;B018882;5ALB;3;2019-06-07;* PRÊTÉ ou PERDU
2260;B018957;5ALB;;2019-06-05;* Catégorie=«5A» * UA=«5ALB» * Cote=«P SOM»
2261;B018941;5ALB;;2019-06-07;
2262;B019082;5ALB;;2019-06-05;* Catégorie=«5A» * UA=«5ALB» * Cote=«P CHE»
2263;B019080;5ALB;;2019-06-05;* Catégorie=«5A» * UA=«5ALB» * Cote=«P CHE»
2264;B019079;5ALB;;2019-06-05;* Catégorie=«5A» * UA=«5ALB» * Cote=«P KER»
2265;B019078;5ALB;;2019-06-05;* Catégorie=«5A» * UA=«5ALB» * Cote=«P KER»
2266;B019077;5ALB;;2019-06-05;* Catégorie=«5A» * UA=«5ALB» * Cote=«P CHE»
2267;B018954;5ALB;;2019-06-07;
2267;B018953;5ALB;;2019-06-07;
2268;B018959;5ALB;;2019-06-07;
2268;B019184;5ALB;;2019-06-07;
2269;B019074;5ALB;;2019-06-05;* Catégorie=«5A» * UA=«5ALB»
2270;B019072;5ALB;;2019-06-05;* Catégorie=«5A» * UA=«5ALB» * Cote=«P MON»
2271;B019071;5ALB;;2019-06-05;* Catégorie=«5A» * UA=«5ALB» * Cote=«P PIQ»
2272;B019070;5ALB;;2019-06-05;* Catégorie=«5A» * UA=«5ALB» * Cote=«P PIQ»
2273;B019069;5ALB;;2019-06-05;* Catégorie=«5A» * UA=«5ALB» * Cote=«P PAL»
2274;B019068;5ALB;;2019-06-05;* Catégorie=«5A» * UA=«5ALB» * Cote=«P MON»
2275;B019050;5ALB;;2019-06-07;
2275;B019049;5ALB;;2019-06-07;
2276;B019048;5ALB;;2019-06-07;
2277;B019046;5ALB;;2019-06-07;
2278;B019053;5ALB;;2019-06-07;
2279;B019084;ADU;1;;
2280;B018869;5ALB;;2019-06-07;
2281;B018867;5ALB;;2019-06-07;
2282;B018884;5ALB;;2019-06-07;
2283;B018887;5ALB;;2019-06-07;
2284;B018878;5ALB;;2019-06-07;
2285;B018879;5ALB;;2019-06-07;
2286;B018871;5ALB;;2019-06-07;* Cote=«P CUC»
2287;B018942;5ALB;;2019-06-07;
2287;B019614;5ALB;;2019-06-07;
2288;B018883;5ALB;;2019-06-07;
2289;B018885;5ALB;;2019-06-07;
2290;B018881;5ALB;;2019-06-07;
2291;B019012;5ALB;;2019-06-07;
2292;B019000;5ALB;;2019-06-07;
2293;B019001;5ALB;;2019-06-07;
2294;B019002;5ALB;;2019-06-07;
2295;B018997;5ALB;;2019-06-07;
2296;B019018;5ALB;1;;
2297;B019020;5ALB;;;
2297;B019113;5ALB;;2019-06-07;
2298;B018996;5ALB;;2019-06-07;
2299;B018988;5ALB;;2019-06-05;* Catégorie=«5A» * UA=«5ALB» * Cote=«P JOL»
2300;B018989;5ALB;;2019-06-07;
2301;B019019;5ALB;;2019-06-07;
2302;B019015;5ALB;;2019-06-07;
2303;B019010;5ALB;;2019-06-07;
2303;B019527;5ALB;;2019-06-07;
2304;B019146;5ALB;;2019-06-05;* Catégorie=«5A» * UA=«5ALB» * Cote=«P FOR»
2305;B019147;5ALB;;2019-06-07;
2306;B019149;5ALB;;2019-06-07;
2307;B019148;5ALB;;2019-06-07;
2308;B019152;5ALB;;2019-06-07;
2309;B019150;5ALB;;2019-06-05;* Catégorie=«5A» * UA=«5ALB» * Cote=«P TON»
2310;B019143;5ALB;;2019-06-07;
2311;B019156;5ALB;;2019-06-07;
2311;B019155;5ALB;;2019-06-07;
2312;B019056;5ALB;1;2019-06-12;* Catégorie=«5A» * UA=«5ALB» * PRÊTÉ ou PERDU
2313;B019117;5ALB;;2019-06-07;
2314;B019115;5ALB;;2019-06-07;
2315;B019116;5ALB;;2019-06-07;
2316;B019121;5ALB;;2019-06-07;
2317;B019122;5ALB;;2019-06-07;
2318;B019119;5ALB;;2019-06-07;
2319;B019112;5ALB;;2019-06-07;
2320;B019118;5ALB;;2019-06-07;
2321;B019123;5ALB;;2019-06-07;
2322;B019114;5ALB;;2019-06-07;
2323;B019120;5ALB;;2019-06-07;
2324;B019037;5ALB;;2019-06-07;
2325;B019045;5ALB;;2019-06-07;
2325;B019203;5ALB;;2019-06-07;
2326;B019199;5ALB;;2019-06-07;
2327;B019194;5ALB;;2019-06-06;* Catégorie=«5A» * UA=«5ALB» * Cote=«P DIS»
2328;B019193;5ALB;;2019-06-06;* Catégorie=«5A» * UA=«5ALB» * Cote=«P DIS»
2329;B019192;5ALB;;2019-06-06;* Catégorie=«5A» * UA=«5ALB» * Cote=«P DIS»
2330;B019196;5ALB;;2019-06-06;* Catégorie=«5A» * UA=«5ALB» * Cote=«P DIS»
2331;B019189;5ALB;;2019-06-06;* Catégorie=«5A» * UA=«5ALB» * Cote=«P DIS»
2332;B019191;5ALB;;2019-06-06;* Catégorie=«5A» * UA=«5ALB» * Cote=«P DIS»
2333;B019198;5ALB;;2019-06-07;
2334;B019160;5ALB;;2019-06-07;
2335;B019151;5ALB;;2019-06-07;
2336;B019153;5ALB;;2019-06-07;
2337;B019159;5ALB;;2019-06-07;
2338;B019177;5ALB;;2019-06-07;
2339;B019208;5ALB;;2019-06-06;* Catégorie=«5A» * UA=«5ALB» * Cote=«P DIS»
2340;B019207;5ALB;;2019-06-06;* Catégorie=«5A» * UA=«5ALB» * Cote=«P DIS»
2341;B019206;5ALB;;2019-06-06;* Catégorie=«5A» * UA=«5ALB» * Cote=«P DIS»
2342;B019183;5ALB;;;
2343;B019181;5ALB;;2019-06-07;
2344;B019204;5ALB;;2019-06-06;* Catégorie=«5A» * UA=«5ALB» * Cote=«P DIS»
2345;B019219;5ALB;;2019-06-06;* Catégorie=«5A» * UA=«5ALB» * Cote=«P DIS»
2346;B019218;5ALB;;2019-06-06;* Catégorie=«5A» * UA=«5ALB» * Cote=«P DIS»
2347;B018938;5ALB;;2019-06-07;
2348;B018975;5ALB;;2019-06-05;* Catégorie=«5A» * UA=«5ALB» * Cote=«P CHA»
2349;B018976;5ALB;;2019-06-05;* Catégorie=«5A» * UA=«5ALB» * Cote=«P PAL»
2350;B018978;5ALB;;2019-06-05;* Catégorie=«5A» * UA=«5ALB» * Cote=«P KER»
2351;B018977;5ALB;;2019-06-05;* Catégorie=«5A» * UA=«5ALB» * Cote=«P KER»
2352;B018945;5ALB;;2019-06-07;
2352;B019633;5ALB;;2019-06-07;
2353;B018980;5ALB;;2019-06-05;* Catégorie=«5A» * UA=«5ALB» * Cote=«P KER»
2354;B018979;5ALB;;2019-06-05;* Catégorie=«5A» * UA=«5ALB» * Cote=«P  KER»
2355;B019089;5ALB;;2019-06-07;
2356;B019081;5ALB;;2019-06-05;* Catégorie=«5A» * UA=«5ALB» * Cote=«P KER»
2357;B019173;5ALB;;2019-06-07;
2358;B019162;5ALB;;2019-06-07;
2359;B019179;5ALB;;2019-06-07;
2360;B019171;5ALB;;2019-06-07;
2361;B019170;5ALB;;2019-06-07;
2362;B019163;5ALB;;2019-06-07;
2363;B019139;5ALB;;2019-06-07;
2364;B019297;5ALB;1;;
2365;B019295;5ALB;1;;
2366;B019293;5ALB;1;;
2367;B019292;5ALB;1;;
2368;B019291;5ALB;1;;
2369;B019290;5ALB;1;;
2370;B019289;5ALB;1;;
2371;B019288;5ALB;1;;
2372;B019287;5ALB;1;;
2373;B019286;5ALB;;2019-06-06;* UA=«5ALB» * Cote=«P KRI»
2374;B019285;5ALB;;2019-06-06;* UA=«5ALB» * Cote=«P KRI»
2375;B019284;5ALB;1;;
2376;B019283;5ALB;1;;
2377;B019282;5ALB;1;;
2378;B019281;5ALB;1;;
2379;B019294;5ALB;1;;
2380;B019280;5ALB;;2019-06-07;
2381;B019275;5ALB;;2019-06-07;
2382;B019524;5ALB;;2019-06-07;
2383;B019458;5ALB;;2019-06-07;
2383;B020261;5ALB;;2019-06-07;
2384;B019459;5ALB;;2019-06-07;
2384;B020267;5ALB;;2019-06-07;
2385;B019461;5ALB;;2019-06-07;
2385;B020275;5ALB;;2019-06-07;
2386;B019462;5ALB;;2019-06-07;
2387;B019463;5ALB;;2019-06-07;
2387;B020264;5ALB;;2019-06-07;
2388;B019457;5ALB;;2019-06-07;* Cote=«P MUN»
2388;B020269;5ALB;;2019-06-07;* Cote=«P MUN»
2389;B019443;5ALB;;2019-06-07;
2390;B019455;5ALB;1;;
2390;B020305;5ALB;;2019-06-07;
2391;B019471;5ALB;;2019-06-07;
2392;B019515;5ALB;;2019-06-07;
2393;B019470;5ALB;;2019-06-07;
2393;B020304;5ALB;;2019-06-07;
2394;B019519;5ALB;;2019-06-07;
2395;B019522;5ALB;;2019-06-07;
2396;B019506;5ALB;;2019-06-07;
2397;B019507;5ALB;;2019-06-07;
2398;B019521;5ALB;;2019-06-07;
2398;B019638;5ALB;;2019-06-07;
2399;B019449;5ALB;;2019-06-07;
2400;B019444;5ALB;;2019-06-07;
2401;B019448;5ALB;;2019-06-07;
2402;B019412;5ALB;;2019-06-07;
2403;B019413;5ALB;;2019-06-07;
2404;B019410;5ALB;;2019-06-07;
2405;B019411;5ALB;;2019-06-07;
2406;B019445;5ALB;;2019-06-07;
2407;B019453;5ALB;;2019-06-06;
2408;B019505;5ALB;;2019-06-05;* Catégorie=«5A» * UA=«5ALB»
2409;B019516;5ALB;;2019-06-07;
2410;B019492;5ALB;;2019-06-07;
2411;B019495;5ALB;;2019-06-07;
2412;B019337;5ALB;;2019-06-07;
2413;B019496;5ALB;;2019-06-07;
2414;B019497;5ALB;;2019-06-07;
2415;B019473;5ALB;;2019-06-07;
2416;B019482;5ALB;;2019-06-07;
2417;B019480;5ALB;;2019-06-07;
2417;B020251;5ALB;;2019-06-07;
2418;B019479;5ALB;;2019-06-07;
2418;B020260;5ALB;;2019-06-07;
2419;B019477;5ALB;;2019-06-07;
2420;B019476;5ALB;;2019-06-07;
2420;B020254;5ALB;;2019-06-07;
2421;B019475;5ALB;;2019-06-07;
2421;B020250;5ALB;;2019-06-07;
2422;B019469;5ALB;;2019-06-07;
2422;B020268;5ALB;;2019-06-07;
2423;B019466;5ALB;;2019-06-07;
2423;B020265;5ALB;;2019-06-07;
2424;B019468;5ALB;;2019-06-07;
2424;B020273;5ALB;;2019-06-07;
2425;B019467;5ALB;;2019-06-07;
2425;B020271;5ALB;;2019-06-07;
2426;B019486;5ALB;1;;
2427;B019465;5ALB;;2019-06-07;
2427;B020272;5ALB;;2019-06-07;
2428;B019485;5ALB;;2019-06-07;
2429;B019474;5ALB;;2019-06-07;
2429;B020242;5ALB;;2019-06-07;
2430;B019317;5ALB;;2019-06-07;
2431;B019319;5ALB;;2019-06-07;
2432;B019318;5ALB;;2019-06-07;
2433;B019320;5ALB;;2019-06-07;
2434;B019481;5ALB;;2019-06-07;
2435;B019342;5ALB;;2019-06-07;
2436;B019349;5ALB;;2019-06-07;
2437;B019359;5ALB;;2019-06-07;
2438;B000705;5DOC;;2019-06-05;* Catégorie=«5A» * UA=«5DOC» * Cote=«232.92»
2439;B000160;5DOC;;2019-06-06;
2440;B000268;5DOC;;2019-05-31;* Catégorie=«5A» * UA=«5DOC» * Cote=«525.5»
2441;B000269;5DOC;;2019-05-31;* Catégorie=«5A» * UA=«5DOC» * Cote=«525.5»
2442;B000270;5DOC;;2019-05-31;* Catégorie=«5A» * UA=«5DOC» * Cote=«525.5»
2443;B000271;5DOC;;2019-05-31;* Catégorie=«5A» * UA=«5DOC» * Cote=«525.5»
2444;B004342;5DOC;;2019-06-06;
2445;B000834;5DOC;;2019-06-06;
2446;B000830;5DOC;;2019-06-06;
2447;B000835;5DOC;;2019-06-06;
2448;B000831;5DOC;;2019-06-06;
2449;B000924;5DOC;;2019-06-03;* Catégorie=«5A» * UA=«5DOC»
2450;B000442;5DOC;;2019-06-06;
2450;B016368;5DOC;;2019-06-06;
2451;B000376;5DOC;;2019-06-06;
2452;B000375;5DOC;;2019-06-10;
2453;B000342;5DOC;;2019-06-06;
2454;B000978;5DOC;;2019-06-03;* Catégorie=«5A» * UA=«5DOC»
2455;B004059;5DOC;;2019-06-06;
2456;B004060;5DOC;;2019-06-03;* Catégorie=«5A» * UA=«5DOC»
2457;B004139;5DOC;;2019-06-03;* Catégorie=«5A» * UA=«5DOC» * Cote=«599.884»
2458;B004150;5DOC;;2019-06-06;
2459;B004169;5DOC;;2019-06-06;
2460;B004126;5DOC;;2019-06-03;* Catégorie=«5A» * UA=«5DOC»
2461;B004183;5DOC;;2019-06-06;
2462;B004185;5DOC;;2019-06-06;
2463;B004190;5DOC;;2019-06-06;
2463;B019024;5DOC;;2019-06-06;
2464;B004198;5DOC;;2019-06-06;
2465;B000571;5DOC;;2019-06-03;* Catégorie=«5A» * UA=«5DOC»
2466;B000567;5DOC;;2019-06-03;* Catégorie=«5A» * UA=«5DOC»
2467;B000561;5DOC;;2019-06-06;
2468;B000551;5DOC;;2019-06-06;
2469;B000514;5DOC;;2019-06-07;
2470;B000513;5DOC;;2019-06-07;* UA=«5DOC» * Cote=«636.93234»
2471;B000511;5DOC;;2019-06-06;
2472;B000515;5DOC;;2019-06-07;
2473;B000568;5DOC;;2019-06-06;
2474;B004192;5DOC;;2019-06-06;
2474;B014062;5DOC;;2019-06-06;
2475;B004177;5DOC;;2019-06-06;
2476;B004209;5DOC;;2019-06-06;
2476;B013993;5DOC;;2019-06-06;
2477;B004252;5DOC;;2019-06-03;* Catégorie=«5A» * UA=«5DOC»
2478;B004465;5DOC;;2019-06-03;* Catégorie=«5A» * UA=«5DOC»
2479;B004466;5DOC;;2019-06-03;* Catégorie=«5A» * UA=«5DOC»
2480;B004697;5DOC;;2019-06-03;* Catégorie=«5A» * UA=«5DOC»
2481;B004730;5DOC;;2019-06-07;
2482;B004769;5DOC;;2019-06-07;
2483;B004774;5DOC;;2019-06-07;
2484;B004795;5DOC;;2019-06-07;
2485;B004796;5DOC;;2019-06-07;
2486;B004813;5DOC;;2019-06-07;
2487;B005075;5DOC;;2019-05-31;* Catégorie=«5A» * UA=«5DOC»
2488;B005080;5DOC;;2019-06-06;* Cote=«520»
2489;B005083;5DOC;;2019-05-31;* Catégorie=«5A» * UA=«5DOC»
2490;B005087;5DOC;;2019-06-06;
2490;B007398;5DOC;;2019-06-06;
2491;B005091;5DOC;;2019-06-07;
2492;B005116;5DOC;;2019-06-06;
2493;B007381;5DOC;;2019-06-06;
2494;B004959;5DOC;;2019-06-06;* UA=«5DOC» * Cote=«443»
2495;B004960;5DOC;;2019-06-06;
2496;B004965;5DOC;;2019-06-06;
2496;B011116;5DOC;;2019-06-06;
2497;B004966;5DOC;;2019-06-06;
2498;B004967;5DOC;;2019-06-06;* Cote=«513.2»
2499;B004968;ADU;;2019-06-10;
2500;B013029;5DOC;;2019-06-07;* UA=«5DOC»
2501;B005467;5DOC;;2019-06-06;
2502;B007420;5DOC;;2019-06-06;
2503;B009872;5DOC;1;;
2504;B007424;5DOC;;2019-06-10;
2505;B007427;5DOC;;2019-06-03;* Catégorie=«5A» * UA=«5DOC»
2506;B007428;5DOC;;2019-06-03;* Catégorie=«5A» * UA=«5DOC»
2507;B007452;5DOC;;2019-06-07;
2508;B007385;5DOC;;2019-06-06;
2509;B009708;5DOC;;;
2510;B006463;5DOC;;2019-06-06;
2511;B006464;5DOC;;2019-06-06;
2512;B010442;5DOC;;2019-06-06;
2513;B006472;5DOC;;2019-06-07;
2514;B005909;5DOC;;2019-06-07;
2515;B006515;5DOC;;2019-05-31;* Catégorie=«5A» * UA=«5DOC»
2516;B014395;5DOC;;2019-06-06;
2517;B006651;5DOC;;2019-06-07;* UA=«5DOC»
2518;B006119;5DOC;;2019-06-06;* Cote=«579.5»
2519;B006147;5DOC;;2019-06-06;
2520;B007422;5DOC;;2019-06-07;
2521;B000659;5DOC;;2019-06-06;
2522;B009301;5DOC;;2019-06-06;
2523;B009300;5DOC;;2019-06-06;
2524;B009298;5DOC;;2019-06-06;
2525;B009462;5DOC;;2019-06-06;
2526;B009461;5DOC;;2019-06-06;
2527;B009460;5DOC;;2019-06-06;
2528;B009459;5DOC;;2019-06-06;
2529;B009458;5DOC;;2019-06-06;
2530;B009457;5DOC;;2019-06-06;
2531;B009500;5DOC;;2019-06-06;
2532;B009496;5DOC;;2019-06-06;
2533;B011243;5DOC;;2019-06-06;
2533;B014000;5DOC;;2019-06-06;
2534;B014001;5DOC;;2019-06-06;
2535;B013994;5DOC;;2019-06-06;
2536;B009441;5DOC;;2019-06-06;
2537;B014003;5DOC;;2019-06-06;
2538;B011237;5DOC;;2019-06-03;* Catégorie=«5A» * UA=«5DOC»
2539;B009285;5DOC;;2019-06-10;
2540;B009280;5DOC;;2019-06-06;
2541;B009420;5DOC;;2019-05-31;* Catégorie=«5A» * UA=«5DOC»
2542;B009474;5DOC;;2019-06-03;* Catégorie=«5A» * UA=«5DOC»
2543;B009470;5DOC;;2019-06-06;* Cote=«034.1»
2544;B009490;5DOC;;2019-06-07;
2545;B009476;5DOC;;2019-06-07;
2545;B010432;5DOC;;2019-06-07;
2546;B009386;5DOC;;2019-06-03;* Catégorie=«5A» * UA=«5DOC» * Cote=«388»
2547;B009385;5DOC;;2019-06-03;* Catégorie=«5A» * UA=«5DOC»
2548;B009484;5DOC;;2019-06-03;* Catégorie=«5A» * UA=«5DOC»
2549;B009383;5DOC;;2019-06-03;* Catégorie=«5A» * UA=«5DOC»
2550;B009381;5DOC;;2019-06-06;* Cote=«630»
2551;B009451;5DOC;;2019-06-07;
2552;B009312;5DOC;;2019-06-07;
2553;B009310;5DOC;;2019-06-07;
2554;B009307;5DOC;;2019-06-06;
2555;B009303;5DOC;;2019-06-06;
2556;B009302;5DOC;;2019-06-06;
2557;B009296;5DOC;;2019-06-06;
2558;B009295;5DOC;;2019-06-06;
2559;B012011;5DOC;;2019-06-03;* Catégorie=«5A» * UA=«5DOC»
2560;B009326;5DOC;;2019-06-03;* Catégorie=«5A» * UA=«5DOC»
2561;B009320;5DOC;;2019-06-03;* Catégorie=«5A» * UA=«5DOC» * Cote=«577.16»
2562;B009358;5DOC;;2019-06-06;
2563;B009371;5DOC;;2019-05-31;* Catégorie=«5A» * UA=«5DOC»
2564;B009718;5DOC;;2019-06-06;
2565;B009719;5DOC;;2019-06-06;
2566;B009720;5DOC;;2019-06-06;
2567;B009721;5DOC;;2019-06-06;
2568;B009722;5DOC;;2019-06-06;
2569;B009629;5DOC;;2019-06-03;* Catégorie=«5A» * UA=«5DOC»
2570;B009626;5DOC;;2019-05-31;* Catégorie=«5A» * UA=«5DOC»
2571;B009605;5DOC;;2019-06-06;* Cote=«513.26»
2572;B009607;5DOC;;2019-06-06;
2573;B009610;5DOC;;2019-06-06;
2574;B009569;5DOC;;2019-06-03;* Catégorie=«5A» * UA=«5DOC»
2575;B009570;5DOC;;2019-06-06;
2576;B009568;5DOC;;2019-06-06;
2577;B009566;5DOC;;2019-06-06;
2578;B009561;5DOC;;2019-06-06;
2579;B009560;5DOC;;;
2580;B009559;5DOC;;2019-06-07;
2581;B009558;5DOC;;2019-06-06;
2582;B009557;5DOC;;2019-06-06;
2583;B009556;5DOC;;2019-06-03;* Catégorie=«5A» * UA=«5DOC»
2584;B009555;5DOC;;2019-06-06;
2585;B009554;5DOC;;2019-06-03;* Catégorie=«5A» * UA=«5DOC»
2586;B009553;5DOC;;2019-06-06;
2587;B009551;5DOC;;2019-06-06;
2588;B011491;5DOC;;2019-06-06;
2589;B009549;5DOC;;2019-06-06;
2590;B009548;5DOC;;2019-06-06;
2591;B009547;5DOC;;2019-06-06;
2592;B009654;5DOC;;2019-05-31;* Catégorie=«5A» * UA=«5DOC»
2593;B009751;5DOC;;2019-06-07;
2594;B009552;5DOC;;2019-06-06;* Cote=«636.8»
2594;B009546;5DOC;;2019-06-07;
2595;B009764;5DOC;;2019-06-06;
2596;B011589;5DOC;;2019-06-06;
2597;B009757;5DOC;;2019-06-03;* Catégorie=«5A» * UA=«5DOC»
2598;B009782;5DOC;;2019-06-06;
2599;B009305;5DOC;;2019-06-06;
2600;B009309;5DOC;;2019-06-06;
2601;B009308;5DOC;;2019-06-06;
2602;B009882;5DOC;;2019-06-07;
2603;B010282;5DOC;;2019-05-31;* Catégorie=«5A» * UA=«5DOC»
2604;B010295;5DOC;;2019-05-31;* Catégorie=«5A» * UA=«5DOC»
2605;B010374;5DOC;;2019-06-07;
2606;B010417;5DOC;;2019-06-07;
2607;B010391;5DOC;;2019-06-07;
2608;B010399;5DOC;;2019-06-07;
2609;B010401;5DOC;;2019-06-07;
2610;B010402;5DOC;;2019-06-07;
2611;B010405;5DOC;;2019-06-07;
2612;B010406;5DOC;;2019-06-07;
2613;B010438;5DOC;;2019-06-03;* Catégorie=«5A» * UA=«5DOC»
2614;B010466;5DOC;;2019-06-07;
2615;B010494;5DOC;;;
2616;B010495;5DOC;;2019-06-06;
2617;B010496;5DOC;;2019-06-06;
2618;B010497;5DOC;;2019-06-06;
2619;B010498;5DOC;;2019-06-06;
2620;B010499;5DOC;;2019-06-03;* Catégorie=«5A» * UA=«5DOC»
2621;B010500;5DOC;;2019-06-06;
2622;B010501;5DOC;;2019-06-06;
2623;B010502;5DOC;;2019-06-06;
2624;B010503;5DOC;;2019-06-06;
2625;B010504;5DOC;;2019-06-06;
2626;B010506;5DOC;;2019-06-06;
2627;B010507;5DOC;;2019-06-03;* Catégorie=«5A» * UA=«5DOC»
2628;B010508;5DOC;;2019-06-03;* Catégorie=«5A» * UA=«5DOC»
2629;B010511;5DOC;;2019-06-07;
2630;B010512;5DOC;;2019-06-07;
2631;B010513;5DOC;;;
2632;B010514;5DOC;;2019-06-07;
2633;B010516;5DOC;;2019-06-06;
2634;B010517;5DOC;;2019-06-06;
2635;B010519;5DOC;;2019-06-06;
2636;B010520;5DOC;;2019-06-03;* Catégorie=«5A» * UA=«5DOC»
2637;B010521;5DOC;;2019-06-06;
2638;B010522;5DOC;;2019-06-06;
2639;B010523;5DOC;;2019-06-06;
2640;B010525;5DOC;;2019-06-06;
2641;B010528;5DOC;;2019-06-06;
2642;B010529;5DOC;;2019-06-06;
2643;B010531;5DOC;;2019-06-06;
2644;B010532;5DOC;;2019-06-06;
2645;B010533;5DOC;;2019-06-06;
2646;B010534;5DOC;;2019-06-07;* UA=«5DOC»
2647;B010536;5DOC;;2019-06-06;
2648;B010537;5DOC;;;
2649;B010538;5DOC;;2019-06-06;
2650;B010571;5DOC;;2019-06-07;
2651;B010570;5DOC;;2019-06-07;
2652;B010569;5DOC;;2019-06-07;
2653;B010568;5DOC;;2019-06-07;
2654;B010567;5DOC;;2019-06-07;
2655;B010566;5DOC;;2019-06-07;
2656;B010644;5DOC;;2019-06-06;
2657;B010635;5DOC;;2019-06-07;
2658;B010629;5DOC;;2019-05-31;* Catégorie=«5A» * UA=«5DOC»
2659;B010623;5DOC;;2019-06-06;
2660;B010622;5DOC;;2019-06-06;
2661;B010621;5DOC;;2019-06-06;
2662;B011504;5DOC;;2019-06-06;
2663;B010619;5DOC;1;2019-06-06;* PRÊTÉ ou PERDU
2664;B010617;5DOC;;2019-06-06;
2665;B010614;5DOC;;2019-05-31;* Catégorie=«5A» * UA=«5DOC»
2666;B010611;5DOC;;2019-06-07;
2667;B010610;5DOC;;2019-06-07;
2668;B010608;5DOC;;2019-06-06;
2669;B010606;5DOC;;2019-06-06;
2670;B010601;5DOC;;2019-06-07;
2671;B010600;5DOC;;2019-06-07;
2672;B010599;5DOC;;2019-06-07;
2673;B010590;5DOC;;2019-06-06;
2674;B010589;5DOC;;2019-06-07;
2675;B009497;5DOC;;2019-06-06;
2676;B010652;5DOC;;2019-06-07;
2677;B010653;5DOC;;2019-06-07;
2678;B010588;5DOC;;2019-06-07;
2679;B010881;5DOC;;2019-06-06;
2680;B011916;5DOC;;2019-06-06;
2681;B010879;5DOC;;2019-06-06;
2682;B010878;5DOC;;2019-06-06;
2683;B010872;5DOC;;2019-06-06;
2684;B010848;5DOC;;2019-06-03;* Catégorie=«5A» * UA=«5DOC»
2685;B010763;5DOC;;2019-06-06;
2686;B011123;5DOC;;2019-06-03;* Catégorie=«5A» * UA=«5DOC»
2686;B011292;5DOC;;2019-06-06;
2687;B011127;5DOC;;2019-06-06;
2688;B011128;5DOC;;2019-06-06;
2689;B011125;5DOC;;2019-06-06;
2690;B011118;5DOC;;2019-06-07;
2691;B011168;5DOC;;2019-06-06;
2692;B018631;5DOC;;2019-06-06;
2693;B011263;5DOC;;2019-06-03;* Catégorie=«5A» * UA=«5DOC»
2694;B011229;5DOC;;2019-06-06;
2695;B011352;5DOC;;2019-06-06;
2696;B011353;5DOC;;2019-06-06;
2697;B011227;5DOC;;2019-06-06;
2698;B011326;5DOC;;2019-06-06;
2699;B011329;5DOC;;2019-06-06;
2700;B011331;5DOC;;2019-06-06;
2701;B011336;5DOC;;2019-06-06;
2702;B011258;5DOC;;2019-06-06;
2703;B011245;5DOC;;2019-06-06;
2704;B011248;5DOC;;2019-06-06;
2705;B011247;5DOC;;2019-06-06;
2706;B011231;5DOC;;2019-06-06;
2707;B011330;5DOC;;2019-06-06;
2708;B011333;5DOC;;2019-06-06;* Cote=«594.3»
2709;B011378;5DOC;;2019-06-07;
2710;B011377;5DOC;;2019-06-06;
2711;B011376;5DOC;;2019-06-06;
2712;B011375;5DOC;;2019-06-06;
2713;B011374;5DOC;;2019-06-06;
2714;B011373;5DOC;;2019-06-06;
2715;B011372;5DOC;;2019-06-06;
2716;B013313;5DOC;;2019-06-06;
2717;B011358;5DOC;;2019-06-06;
2718;B011281;5DOC;;2019-06-03;* Catégorie=«5A» * UA=«5DOC»
2719;B011357;5DOC;;2019-06-07;
2720;B011306;5DOC;;2019-06-06;
2721;B011321;5DOC;;2019-06-06;
2722;B011427;5DOC;;2019-06-03;* Catégorie=«5A» * UA=«5DOC»
2723;B011426;5DOC;;2019-06-03;* Catégorie=«5A» * UA=«5DOC»
2724;B011255;5DOC;;2019-06-06;
2725;B011256;5DOC;;2019-06-06;
2726;B011278;5DOC;;2019-06-06;
2727;B011488;5DOC;;2019-06-06;
2728;B011487;5DOC;;2019-06-06;
2729;B011483;5DOC;;2019-06-06;
2730;B011485;5DOC;;2019-06-06;
2731;B011500;5DOC;;2019-06-06;
2732;B011279;5DOC;;2019-06-06;
2733;B011324;5DOC;;2019-06-03;* Catégorie=«5A» * UA=«5DOC»
2734;B011337;5DOC;;2019-06-06;
2735;B011513;5DOC;;2019-06-10;
2736;B011389;5DOC;;2019-06-06;
2737;B011282;5DOC;;2019-06-06;
2738;B011514;5DOC;3;;
2739;B011251;5DOC;;2019-06-06;
2740;B011301;5DOC;;2019-06-06;
2741;B011267;5DOC;;2019-06-06;
2742;B011328;5DOC;;2019-06-06;
2743;B011497;5DOC;;2019-06-06;* Cote=«608»
2744;B011338;5DOC;;2019-06-06;
2745;B011390;5DOC;;2019-06-06;
2746;B011527;5DOC;;2019-06-06;
2747;B011529;5DOC;;2019-06-06;
2748;B011257;5DOC;;2019-06-06;
2749;B011544;5DOC;;2019-06-06;* Cote=«516.15»
2750;B011317;5DOC;;2019-06-06;
2751;B011391;5DOC;;2019-06-06;
2752;B011606;5DOC;;2019-06-03;* Catégorie=«5A» * UA=«5DOC»
2753;B011604;5DOC;;2019-06-06;
2754;B011605;5DOC;;2019-06-06;* Cote=«598.97»
2755;B011392;5DOC;;2019-06-06;
2756;B011322;5DOC;;2019-06-06;
2757;B011254;5DOC;;2019-06-06;
2758;B011759;5DOC;;2019-06-06;
2759;B011600;5DOC;;2019-06-06;
2760;B011269;5DOC;;2019-06-06;
2761;B011757;5DOC;;2019-06-06;
2761;B014692;5DOC;;2019-06-06;
2762;B011758;5DOC;;2019-06-06;
2762;B018725;5DOC;;2019-06-06;
2763;B011699;5DOC;;2019-06-06;
2764;B011700;5DOC;;2019-06-06;
2765;B011756;5DOC;;2019-06-06;
2765;B018717;5DOC;;2019-06-06;
2766;B011701;5DOC;;2019-06-06;
2767;B011440;5DOC;;2019-06-06;
2768;B011603;5DOC;;2019-06-06;
2769;B011602;5DOC;;2019-06-06;
2770;B011601;5DOC;;2019-06-06;
2771;B011833;5DOC;;2019-06-07;
2772;B011673;5DOC;;2019-06-07;
2773;B011829;5DOC;;2019-06-06;
2774;B011433;5DOC;;2019-06-07;
2775;B011822;5DOC;;2019-06-06;
2776;B011823;5DOC;;2019-06-06;
2777;B011845;5DOC;;2019-06-03;* Catégorie=«5A» * UA=«5DOC»
2778;B011843;5DOC;;2019-05-31;* Catégorie=«5A» * UA=«5DOC»
2778;B012894;5DOC;;2019-05-31;* Catégorie=«5A» * UA=«5DOC»
2779;B011844;5DOC;;2019-06-06;
2779;B012684;5DOC;;2019-06-06;
2780;B011846;5DOC;;2019-05-31;* Catégorie=«5A» * UA=«5DOC»
2780;B012683;5DOC;;2019-06-06;
2781;B011929;5DOC;;2019-06-07;
2782;B011494;5DOC;;2019-06-06;
2783;B011308;5DOC;;2019-06-06;
2784;B011319;5DOC;;2019-06-06;
2785;B011429;5DOC;;2019-06-06;
2786;B011928;5DOC;;2019-06-07;
2787;B011915;5DOC;;2019-06-06;
2788;B011323;5DOC;;2019-06-06;
2789;B011879;5DOC;;2019-06-06;
2790;B011554;5DOC;;2019-06-06;* Cote=«516.15»
2791;B011963;5DOC;;2019-06-06;
2792;B011259;5DOC;;2019-06-06;
2793;B012005;5DOC;;2019-06-06;
2794;B012004;5DOC;;2019-06-06;
2795;B012037;5DOC;;2019-06-06;
2796;B012046;5DOC;;2019-06-06;* Cote=«513.213»
2797;B012043;5DOC;;2019-06-06;
2798;B012003;5DOC;;2019-06-06;
2799;B012007;5DOC;;2019-06-06;
2800;B012006;5DOC;;2019-06-06;
2801;B012069;5DOC;;2019-06-06;
2802;B012008;5DOC;;2019-06-06;
2803;B012131;5DOC;;2019-06-07;* Cote=«750.11»
2804;B012184;5DOC;;2019-06-06;
2805;B012185;5DOC;;2019-06-06;
2806;B012186;5DOC;;2019-06-06;
2807;B012194;5DOC;;2019-06-07;
2808;B011739;5DOC;;2019-06-06;
2809;B012137;5DOC;;2019-06-03;* Catégorie=«5A» * UA=«5DOC»
2810;B012233;5DOC;;2019-06-07;
2811;B012306;5DOC;;2019-06-07;
2811;B015858;5DOC;;2019-06-07;
2812;B012305;5DOC;;2019-06-07;
2813;B012304;5DOC;;2019-06-07;
2813;B015857;5DOC;;2019-06-07;
2814;B012237;5DOC;;2019-06-03;* Catégorie=«5A» * UA=«5DOC»
2815;B012412;5DOC;;2019-06-07;
2816;B012410;5DOC;;2019-06-06;
2817;B012791;5DOC;;2019-06-06;
2818;B012892;5DOC;;2019-06-06;
2819;B012895;5DOC;;2019-06-06;
2819;B016593;5DOC;;2019-06-06;
2820;B011868;5DOC;;;
2821;B013310;5DOC;;2019-06-07;
2822;B013311;5DOC;;2019-06-07;
2823;B013312;5DOC;;2019-06-07;
2824;B011121;5DOC;;2019-06-07;
2825;B013331;5DOC;;2019-06-06;
2826;B013332;5DOC;;2019-06-06;
2827;B013318;5DOC;;2019-06-06;
2828;B013319;5DOC;;2019-06-06;
2829;B013321;5DOC;;2019-06-06;* Cote=«535.6»
2830;B013324;5DOC;;2019-05-31;* Catégorie=«5A» * UA=«5DOC»
2831;B013357;5DOC;;2019-06-07;
2832;B013394;5DOC;;2019-06-03;* Catégorie=«5A» * UA=«5DOC»
2833;B013460;5DOC;;2019-06-06;
2834;B013461;5DOC;;2019-06-06;
2835;B013463;5DOC;;2019-06-06;
2836;B013412;5DOC;;2019-06-06;
2837;B013541;5DOC;;2019-06-06;
2838;B013546;5DOC;;2019-06-06;
2839;B013545;5DOC;;2019-06-06;
2840;B013542;5DOC;;2019-06-06;
2841;B013543;5DOC;;2019-06-06;
2842;B013540;5DOC;;2019-06-06;* Cote=«513.211»
2843;B013544;5DOC;;2019-06-06;
2843;B016406;5DOC;;2019-06-06;
2844;B013487;5DOC;;2019-06-06;* Cote=«305.8»
2845;B013488;5DOC;;2019-06-06;
2846;B013489;5DOC;;2019-06-06;
2847;B013490;5DOC;;2019-06-06;
2848;B013491;5DOC;;2019-06-06;
2849;B013535;5DOC;;2019-06-06;
2850;B013534;5DOC;;2019-06-06;
2851;B013533;5DOC;;2019-06-06;
2852;B013537;5DOC;;2019-06-06;
2853;B013538;5DOC;;2019-06-06;
2854;B013539;5DOC;;2019-06-06;
2855;B013536;5DOC;;2019-06-06;
2856;B013567;5DOC;;2019-06-06;
2857;B013577;5DOC;;2019-06-03;* Catégorie=«5A» * UA=«5DOC»
2858;B013608;5DOC;;2019-06-06;
2859;B013627;5DOC;;2019-06-06;
2860;B013654;5DOC;;2019-06-03;* Catégorie=«5A» * UA=«5DOC»
2860;B013991;5DOC;;2019-06-06;
2861;B013826;5DOC;;2019-06-06;
2862;B013836;5DOC;;2019-06-03;* Catégorie=«5A» * UA=«5DOC»
2863;B013682;5DOC;;2019-06-07;
2864;B013998;5DOC;;2019-06-06;
2865;B013992;5DOC;1;2019-06-06;* PRÊTÉ ou PERDU
2866;B013989;5DOC;;2019-06-06;
2867;B013996;5DOC;;2019-06-06;
2868;B013995;5DOC;;2019-06-06;
2869;B013999;5DOC;;2019-06-06;
2870;B013997;5DOC;;2019-06-06;
2871;B013822;5DOC;;2019-06-03;* Catégorie=«5A» * UA=«5DOC»
2872;B013629;5DOC;;2019-06-06;
2873;B013804;5DOC;;2019-06-06;
2874;B013805;5DOC;;2019-06-06;
2875;B014104;5DOC;;2019-06-06;
2876;B014106;5DOC;;2019-06-06;
2877;B014105;5DOC;;2019-06-06;
2878;B014103;5DOC;;2019-06-06;
2879;B014102;5DOC;;2019-06-07;
2880;B014101;5DOC;;2019-06-06;
2881;B014100;5DOC;;2019-05-31;* Catégorie=«5A» * UA=«5DOC»
2882;B014140;5DOC;;2019-06-07;
2883;B013783;5DOC;;2019-06-06;
2884;B013782;5DOC;;2019-06-06;
2885;B013781;5DOC;;2019-06-06;
2886;B014232;5DOC;;2019-06-06;
2887;B014230;5DOC;;2019-06-06;
2888;B014233;5DOC;;2019-06-06;
2889;B014229;5DOC;;2019-06-06;
2890;B014231;5DOC;;2019-06-06;
2891;B014332;5DOC;;2019-06-07;
2892;B014333;5DOC;;;
2893;B014334;5DOC;;2019-06-07;
2894;B014335;5DOC;;2019-06-06;
2895;B014330;5DOC;;2019-06-07;
2896;B014329;5DOC;;2019-06-06;
2897;B014328;5DOC;;2019-06-06;
2898;B014259;5DOC;;2019-06-07;
2899;B014343;5DOC;;2019-06-07;
2900;B014342;5DOC;;2019-06-07;
2901;B014410;5DOC;;2019-06-06;
2902;B014409;5DOC;;;
2903;B014423;5DOC;;2019-06-06;
2904;B014421;5DOC;;2019-06-06;
2905;B014405;5DOC;1;;
2906;B014422;5DOC;;2019-06-06;
2907;B014404;5DOC;;2019-06-06;
2908;B014418;5DOC;;2019-06-06;
2909;B014417;5DOC;;2019-06-06;
2910;B014408;5DOC;;2019-06-06;
2911;B014407;5DOC;;2019-06-06;
2912;B014406;5DOC;;2019-06-06;
2913;B014411;5DOC;;2019-06-06;
2914;B014415;5DOC;;2019-06-06;
2915;B014414;5DOC;;2019-06-06;
2916;B014413;5DOC;;2019-06-06;
2917;B014412;5DOC;;2019-06-06;
2918;B014396;5DOC;;2019-06-06;
2919;B014401;5DOC;;2019-06-06;
2920;B014402;5DOC;;2019-06-06;
2921;B014403;5DOC;;2019-06-06;
2922;B014400;5DOC;3;;
2923;B014398;5DOC;1;2019-06-06;* PRÊTÉ ou PERDU
2924;B014397;5DOC;;2019-06-06;
2925;B014399;5DOC;;2019-06-06;
2926;B014393;5DOC;;2019-06-06;
2926;B016477;5DOC;;2019-06-06;
2927;B014392;5DOC;;2019-06-06;
2928;B014391;5DOC;;2019-06-06;
2929;B014390;5DOC;1;;
2930;B014389;5DOC;;2019-06-06;
2931;B014388;5DOC;;2019-06-06;
2932;B014387;5DOC;;2019-06-06;
2933;B014384;5DOC;;2019-06-06;
2934;B014386;5DOC;1;;
2935;B014378;5DOC;;2019-06-06;
2936;B014383;5DOC;;2019-06-06;
2937;B014380;5DOC;;2019-06-06;
2938;B014382;5DOC;1;;
2938;B017975;5DOC;;2019-06-06;
2939;B014381;5DOC;;2019-06-06;
2940;B014379;5DOC;;2019-06-06;
2941;B014460;5DOC;;2019-06-06;
2942;B014450;5DOC;;2019-06-07;
2943;B014451;5DOC;;2019-06-06;
2944;B014452;5DOC;;2019-06-06;
2945;B014453;5DOC;;2019-06-06;
2946;B014454;5DOC;;2019-06-07;
2947;B014455;5DOC;;2019-06-06;
2948;B014457;5DOC;;2019-06-06;
2949;B014458;5DOC;;2019-06-06;
2950;B014459;5DOC;;2019-06-07;
2951;B014469;5DOC;;2019-06-06;
2952;B014472;5DOC;;2019-06-03;* Catégorie=«5A» * UA=«5DOC»
2953;B014471;5DOC;;2019-06-06;
2954;B014470;5DOC;;2019-05-31;* Catégorie=«5A» * UA=«5DOC»
2955;B014581;5DOC;;2019-06-07;
2956;B014580;5DOC;;2019-06-03;* Catégorie=«5A» * UA=«5DOC»
2957;B014621;5DOC;;;
2958;B014508;5DOC;;2019-06-06;
2959;B014519;5DOC;;2019-06-06;
2960;B014520;5DOC;;;
2961;B014607;5DOC;;2019-06-06;
2962;B014606;5DOC;;2019-06-07;
2963;B014605;5DOC;;2019-05-31;* Catégorie=«5A» * UA=«5DOC»
2964;B014604;5DOC;;2019-06-07;
2964;B017674;5DOC;;2019-06-07;
2964;B017676;5DOC;;2019-06-07;
2965;B014608;5DOC;;2019-06-06;
2966;B014578;5DOC;;2019-06-03;* Catégorie=«5A» * UA=«5DOC»
2967;B014682;5DOC;;2019-06-06;
2968;B014681;5DOC;;2019-06-06;
2969;B014559;5DOC;;2019-06-06;
2970;B014521;ADU;1;;
2971;B014775;5DOC;;2019-06-03;* Catégorie=«5A» * UA=«5DOC»
2972;B014958;5DOC;;2019-06-06;
2973;B014751;5DOC;;2019-06-06;
2974;B014753;5DOC;;2019-06-06;
2975;B014754;5DOC;;2019-06-06;
2976;B014934;5DOC;;2019-06-06;* Cote=«612.7»
2977;B014936;5DOC;;2019-06-10;
2978;B014937;5DOC;;2019-06-03;* Catégorie=«5A» * UA=«5DOC»
2979;B015134;5DOC;;2019-06-06;
2980;B015021;5DOC;;2019-06-06;
2981;B015020;5DOC;;2019-06-06;
2982;B015016;5DOC;;2019-06-06;
2983;B015014;5DOC;;2019-06-06;
2984;B015015;5DOC;;2019-06-06;
2985;B015017;5DOC;;2019-06-06;
2986;B015019;5DOC;;2019-06-06;
2987;B015018;5DOC;;2019-06-06;
2988;B015013;5DOC;;2019-06-06;
2989;B015164;5DOC;;2019-06-06;
2989;B019201;5DOC;;2019-06-06;
2990;B015163;5DOC;;2019-06-06;
2991;B015162;5DOC;;2019-06-03;* Catégorie=«5A» * UA=«5DOC»
2992;B015161;5DOC;;2019-06-07;
2993;B015180;5DOC;;2019-06-06;
2994;B015236;5DOC;;2019-06-06;
2995;B015237;5DOC;;2019-06-06;
2996;B015239;5DOC;;2019-06-06;
2997;B015238;5DOC;;2019-06-06;
2998;B015240;5DOC;;2019-06-06;
2999;B015242;5DOC;;2019-06-06;
3000;B015204;5DOC;;2019-06-06;
3001;B015193;5DOC;;2019-06-06;
3002;B014748;5DOC;;2019-06-03;* Catégorie=«5A» * UA=«5DOC»
3003;B014749;5DOC;;2019-06-06;
3004;B014780;5DOC;;2019-06-03;* Catégorie=«5A» * UA=«5DOC» * Cote=«615.822»
3005;B014785;5DOC;;2019-06-03;* Catégorie=«5A» * UA=«5DOC»
3006;B014787;5DOC;;2019-06-06;
3007;B014786;5DOC;;2019-06-06;
3008;B015342;5DOC;;2019-05-31;* Catégorie=«5A» * UA=«5DOC»
3009;B014769;5DOC;;2019-06-06;
3010;B014752;5DOC;;2019-06-06;
3011;B015305;5DOC;;2019-06-06;
3012;B015311;5DOC;;2019-06-03;* Catégorie=«5A» * UA=«5DOC»
3013;B015315;5DOC;;2019-06-03;* Catégorie=«5A» * UA=«5DOC» * Cote=«599.755»
3014;B015227;5DOC;;2019-05-31;* Catégorie=«5A» * UA=«5DOC»
3015;B014747;5DOC;;2019-06-06;
3016;B015367;5DOC;;2019-06-06;
3017;B015369;5DOC;;2019-06-06;
3018;B015308;5DOC;;2019-06-06;
3019;B015309;5DOC;;2019-06-06;
3020;B015307;5DOC;;2019-06-06;
3021;B015647;5DOC;;2019-06-06;
3022;B015634;5DOC;;2019-06-06;
3022;B015631;5DOC;;2019-06-06;
3023;B015642;5DOC;;2019-06-06;
3023;B017668;5DOC;;2019-06-06;
3024;B015546;5DOC;;2019-06-06;
3025;B015177;5DOC;;2019-06-06;* Cote=«222.430»
3026;B015810;5DOC;;2019-06-06;
3027;B015860;5DOC;1;;
3028;B015847;5DOC;;2019-06-10;* Catégorie=«5A» * UA=«5DOC» * Cote=«302.343»
3029;B015197;5DOC;;2019-06-06;
3030;B015644;5DOC;;2019-06-06;
3031;B015906;5DOC;;2019-06-06;
3032;B015922;5DOC;;2019-06-06;
3033;B015912;5DOC;;2019-06-06;
3034;B015907;5DOC;;2019-06-06;
3035;B015909;5DOC;;2019-06-06;
3036;B015908;5DOC;;2019-06-06;* Cote=«599.751»
3037;B015910;5DOC;;2019-06-06;
3038;B015911;5DOC;;2019-06-07;
3039;B015888;5DOC;;2019-06-06;
3040;B015856;5DOC;;2019-06-07;
3041;B015892;5DOC;;2019-06-06;
3042;B016015;5DOC;;2019-06-06;
3043;B016012;5DOC;;2019-06-06;* Cote=«510 25»
3044;B016410;5DOC;;2019-06-06;
3045;B016354;5DOC;;2019-06-06;
3046;B016251;5DOC;;2019-06-03;* Catégorie=«5A» * UA=«5DOC»
3047;B016228;5DOC;;2019-06-07;
3048;B016400;5DOC;;2019-06-06;
3049;B016407;5DOC;;2019-05-31;* Catégorie=«5A» * UA=«5DOC»
3050;B016402;5DOC;;2019-06-06;
3051;B016565;5DOC;;2019-06-03;* Catégorie=«5A» * UA=«5DOC»
3052;B016571;5DOC;;2019-06-06;
3053;B016592;5DOC;;2019-05-31;* Catégorie=«5A» * UA=«5DOC»
3054;B016660;5DOC;;2019-06-03;* Catégorie=«5A» * UA=«5DOC»
3054;B017636;5DOC;;2019-06-06;* Catégorie=«5A» * UA=«5DOC» * Cote=«741.59»
3055;B016690;5DOC;;2019-06-06;
3056;B016705;5DOC;;2019-06-06;
3057;B016452;5DOC;;2019-06-03;* Catégorie=«5A» * UA=«5DOC»
3058;B016453;5DOC;;2019-06-06;
3059;B016762;5DOC;;2019-06-03;* Catégorie=«5A» * UA=«5DOC»
3060;B016401;5DOC;;2019-06-06;
3061;B016901;5DOC;;2019-05-31;* Catégorie=«5A» * UA=«5DOC»
3062;B016900;5DOC;;2019-06-06;
3063;B016905;5DOC;;2019-06-07;
3064;B016910;5DOC;;2019-06-06;
3065;B016907;5DOC;;2019-06-06;
3066;B016898;5DOC;;2019-06-03;* Catégorie=«5A» * UA=«5DOC»
3067;B016908;5DOC;;2019-06-06;
3068;B016909;5DOC;;2019-06-06;
3069;B016906;5DOC;;2019-06-06;
3070;B016963;5DOC;;2019-06-03;* Catégorie=«5A» * UA=«5DOC» * Cote=«910 88»
3070;B017698;5DOC;;2019-06-07;
3071;B016964;5DOC;;2019-05-31;* Catégorie=«5A» * UA=«5DOC»
3072;B016965;5DOC;;2019-06-03;* Catégorie=«5A» * UA=«5DOC»
3072;B017677;5DOC;;2019-06-07;
3073;B016966;5DOC;;2019-06-10;
3073;B017673;5DOC;;2019-06-07;
3074;B016970;5DOC;;2019-06-06;
3074;B017256;5DOC;;2019-06-06;
3075;B017101;5DOC;;2019-06-06;
3076;B016830;5DOC;;2019-06-06;
3077;B016837;5DOC;;;
3078;B016828;5DOC;;2019-06-06;
3079;B016834;5DOC;;2019-06-06;
3080;B016833;5DOC;;2019-06-06;
3081;B016839;5DOC;;2019-06-06;
3082;B016835;5DOC;;2019-06-06;
3083;B016838;5DOC;;2019-06-06;
3084;B016832;5DOC;;2019-06-06;
3085;B016831;5DOC;;2019-06-06;
3086;B016824;5DOC;;2019-06-06;
3087;B016827;5DOC;;2019-06-06;
3088;B016825;5DOC;;2019-06-06;
3089;B019408;5DOC;;2019-06-06;
3090;B016826;5DOC;;2019-06-06;
3091;B016836;5DOC;;2019-06-06;
3092;B016961;5DOC;;2019-06-06;
3092;B017699;5DOC;;2019-06-06;
3092;B018889;5DOC;;2019-06-06;
3093;B016962;5DOC;;2019-06-06;
3093;B017675;5DOC;;2019-06-06;
3094;B016960;5DOC;;2019-06-07;
3094;B017697;5DOC;;2019-06-07;
3095;B016959;5DOC;;2019-06-06;
3096;B016876;5DOC;;2019-06-06;
3097;B017066;5DOC;;2019-06-07;
3098;B017215;5DOC;;2019-06-06;
3098;B018903;5DOC;;2019-06-06;
3099;B017217;5DOC;;2019-06-06;
3100;B017218;5DOC;;2019-06-06;
3100;B017216;5DOC;;2019-06-06;
3100;B018904;5DOC;;2019-06-06;
3101;B017219;5DOC;;2019-06-06;
3101;B018911;5DOC;;2019-06-06;
3102;B017231;5DOC;;2019-06-07;
3102;B019632;5DOC;;2019-06-07;
3103;B017255;5DOC;;2019-06-07;
3103;B018283;5DOC;;2019-06-07;
3104;B017287;5DOC;;2019-06-07;
3105;B017288;5DOC;;2019-06-07;
3106;B017285;5DOC;;2019-06-07;
3107;B017286;5DOC;;2019-06-07;
3108;B017378;5DOC;;2019-06-07;
3109;B017655;5DOC;;2019-06-03;* Catégorie=«5A» * UA=«5DOC»
3109;B018947;5DOC;;2019-06-03;* Catégorie=«5A» * UA=«5DOC»
3110;B017679;5DOC;;2019-06-03;* Catégorie=«5A» * UA=«5DOC»
3110;B018909;5DOC;;2019-06-06;
3111;B017670;5DOC;;2019-06-07;* UA=«5DOC» * Cote=«155.92»
3111;B017802;5DOC;;2019-06-06;
3112;B017689;5DOC;;2019-06-03;* Catégorie=«5A» * UA=«5DOC»
3112;B018241;5DOC;;2019-06-07;
3113;B017688;5DOC;;;
3113;B018238;5DOC;;2019-06-07;* Cote=«341.1»
3114;B017687;5DOC;;2019-06-07;
3114;B018239;5DOC;;2019-06-03;* Catégorie=«5A» * UA=«5DOC»
3115;B017722;5DOC;;2019-06-06;
3115;B018908;5DOC;;2019-06-06;
3116;B017886;5DOC;;2019-06-06;
3116;B018254;5DOC;;2019-06-06;
3116;B018944;5DOC;;2019-06-06;
3117;B017915;5DOC;;2019-06-06;
3118;B017959;5DOC;;2019-06-06;
3119;B017968;5DOC;;2019-06-06;
3120;B017092;5DOC;;2019-05-31;* Catégorie=«5A» * UA=«5DOC»
3121;B017606;5DOC;1;;
3122;B018314;5DOC;;2019-06-06;
3123;B018392;5DOC;;2019-06-07;
3124;B018240;5DOC;;2019-06-07;
3125;B018279;5DOC;;2019-06-07;
3126;B018280;5DOC;;2019-06-06;
3127;B018284;5DOC;;2019-06-03;* Catégorie=«5A» * UA=«5DOC»
3128;B018289;5DOC;;2019-06-06;* Cote=«305.232»
3129;B018105;5DOC;;2019-06-06;
3130;B018278;5DOC;;2019-06-07;
3131;B018337;5DOC;;2019-06-03;* Catégorie=«5A» * UA=«5DOC»
3132;B018467;5DOC;;2019-06-07;
3133;B018540;5DOC;;2019-06-06;
3134;B018542;5DOC;;2019-05-31;* Catégorie=«5A» * UA=«5DOC»
3135;B018686;5DOC;1;;
3136;B018734;5DOC;;2019-05-31;* Catégorie=«5A» * UA=«5DOC»
3137;B018703;5DOC;;2019-06-10;
3138;B018583;5DOC;;2019-06-03;* Catégorie=«5A» * UA=«5DOC»
3139;B018943;5DOC;;2019-06-03;* Catégorie=«5A» * UA=«5DOC»
3140;B019145;5DOC;;2019-06-03;* Catégorie=«5A» * UA=«5DOC»
3140;B018922;5DOC;;2019-06-03;* Catégorie=«5A» * UA=«5DOC» * Cote=«613.71»
3141;B019051;5DOC;;2019-06-06;
3142;B019047;5DOC;;2019-06-03;* Catégorie=«5A» * UA=«5DOC»
3143;B019052;5DOC;;2019-06-06;
3144;B018929;5DOC;;2019-06-06;
3144;B018890;5DOC;;2019-06-06;
3145;B018923;5DOC;;2019-05-31;* Catégorie=«5A» * UA=«5DOC»
3146;B018906;5DOC;;2019-06-10;* Catégorie=«5A» * UA=«5DOC» * Cote=«599.352»
3147;B018905;5DOC;;2019-06-06;
3148;B018907;5DOC;;2019-06-06;
3149;B018910;5DOC;;2019-06-06;
3150;B018891;5DOC;;2019-06-06;
3151;B019026;5DOC;;2019-06-07;
3152;B019031;5DOC;;2019-06-07;
3153;B019055;5DOC;;2019-06-03;* Catégorie=«5A» * UA=«5DOC»
3154;B019202;5DOC;;2019-06-03;* Catégorie=«5A» * UA=«5DOC» * Cote=«613.704»
3155;B019197;5DOC;;2019-06-06;* Catégorie=«5A» * UA=«5DOC»
3156;B019200;5DOC;;2019-06-06;* Catégorie=«5A» * UA=«5DOC»
3157;B018508;5DOC;1;;
3158;B019176;5DOC;;2019-06-06;
3159;B019174;5DOC;;2019-06-07;
3160;B019343;5DOC;;2019-05-31;* Catégorie=«5A» * UA=«5DOC» * Cote=«232.95»
3161;B019355;5DOC;;2019-05-31;* Catégorie=«5A» * UA=«5DOC»
3162;B019358;5DOC;;2019-06-06;
3163;B019338;5DOC;;2019-06-03;* Catégorie=«5A» * UA=«5DOC»
3164;B019345;5DOC;;2019-06-07;
3165;B000006;DOC;;2019-06-03;
3166;B000037;DOC;;2019-05-31;
3167;B000036;DOC;;2019-05-31;
3168;B000067;DOC;;2019-05-31;
3169;B000586;DOC;;2019-05-31;
3170;B000585;DOC;;2019-05-31;
3171;B000597;DOC;;2019-05-31;* Cote=«158.2»
3172;B000595;DOC;;2019-06-03;
3173;B000587;DOC;;2019-05-31;
3174;B000045;DOC;;2019-06-10;
3174;B000044;DOC;;2019-06-10;
3175;B000620;DOC;;2019-05-31;
3176;B000619;DOC;;2019-05-31;
3177;B000138;DOC;;2019-05-31;
3178;B000700;DOC;;2019-05-31;
3179;B000709;DOC;;2019-05-31;
3180;B000185;DOC;;2019-06-03;
3181;B000182;DOC;;2019-05-31;
3182;B000177;DOC;;2019-05-31;
3183;B000176;DOC;;2019-05-31;
3184;B000151;DOC;;2019-05-31;
3185;B000150;DOC;;2019-05-31;
3186;B000149;DOC;;2019-05-31;
3187;B000148;DOC;;2019-05-31;
3188;B000207;DOC;;2019-05-31;* Cote=«385»
3189;B000735;DOC;;2019-05-31;* Cote=«398.2»
3190;B000736;DOC;;2019-05-31;
3191;B000741;DOC;;2019-05-31;
3192;B000761;DOC;;2019-05-31;
3193;B000769;DOC;;2019-05-31;
3194;B000771;DOC;;2019-05-31;
3195;B000772;DOC;;2019-05-31;
3196;B000773;DOC;;2019-05-31;
3197;B000774;DOC;;2019-05-31;
3198;B000775;DOC;;2019-05-31;* Cote=«394.26»
3199;B000776;DOC;;2019-05-31;
3200;B000777;DOC;;2019-05-31;
3201;B004303;DOC;;2019-05-31;
3202;B004320;DOC;1;;
3202;B004319;DOC;;2019-05-31;* Cote=«398.2097105»
3203;B004323;DOC;;2019-05-31;
3204;B004324;DOC;;2019-05-31;
3205;B004325;DOC;;2019-05-31;
3206;B004327;DOC;;2019-05-31;* Cote=«398.2454»
3207;B004328;DOC;;2019-05-31;
3208;B004329;DOC;;2019-05-31;* Cote=«398.24»
3209;B004314;DOC;;2019-06-10;* Catégorie=«23C» * UA=«DOC» * Cote=«398.2»
3210;B004316;DOC;;2019-06-10;* Catégorie=«23C» * UA=«DOC» * Cote=«398.2»
3211;B004318;DOC;;2019-06-10;* Catégorie=«23C» * UA=«DOC» * Cote=«398.2»
3212;B004308;DOC;;2019-06-10;* Catégorie=«23C» * UA=«DOC» * Cote=«398.2»
3213;B004309;DOC;;2019-06-10;* Catégorie=«23C» * UA=«DOC» * Cote=«398.2»
3214;B004312;DOC;;2019-06-10;* Catégorie=«23C» * UA=«DOC» * Cote=«398.2»
3215;B004306;DOC;;2019-06-10;* Catégorie=«23C» * UA=«DOC» * Cote=«398.2»
3216;B004304;DOC;;2019-06-10;* Catégorie=«23C» * UA=«DOC» * Cote=«398.2»
3217;B000759;DOC;;2019-05-31;
3218;B000756;DOC;;2019-05-31;
3219;B013741;DOC;;2019-05-31;
3220;B000717;DOC;;2019-06-10;
3221;B000731;DOC;;2019-05-31;
3222;B004332;DOC;;2019-05-31;
3223;B004335;DOC;;2019-05-31;* Cote=«398.8»
3224;B000219;DOC;;2019-05-31;
3225;B000223;DOC;;2019-05-31;
3225;B013352;DOC;;2019-05-31;* Cote=«507.896»
3225;B016686;DOC;;2019-06-10;
3226;B000225;DOC;;2019-06-03;* Cote=«507.8»
3227;B000226;DOC;;2019-05-31;
3228;B000234;DOC;;2019-05-31;
3229;B000235;DOC;;2019-05-31;
3230;B000240;DOC;;2019-05-31;
3231;B000241;DOC;;2019-05-31;
3232;B000253;DOC;;2019-05-31;
3233;B000258;DOC;;2019-05-31;
3234;B000263;DOC;;2019-05-31;
3235;B000264;DOC;;2019-05-31;* Cote=«530»
3236;B000272;DOC;;2019-05-31;
3237;B000782;DOC;;2019-05-31;
3238;B000784;DOC;;2019-06-03;
3239;B000786;DOC;;2019-06-03;
3240;B000787;DOC;;2019-05-31;
3241;B000789;DOC;;2019-05-31;
3242;B000792;DOC;;2019-05-31;
3243;B000807;DOC;;2019-05-31;
3244;B000808;DOC;;2019-06-03;
3245;B000809;DOC;;2019-06-03;
3246;B000810;DOC;;2019-06-03;
3247;B000795;DOC;;2019-06-03;
3248;B000227;DOC;;2019-05-31;
3249;B000820;DOC;;2019-06-03;
3250;B000821;DOC;;2019-06-03;
3251;B000823;DOC;;2019-06-03;
3252;B000826;DOC;;2019-06-03;* Cote=«560»
3253;B000827;DOC;;2019-06-03;
3254;B000828;DOC;;2019-06-03;
3255;B000833;DOC;;2019-06-03;
3256;B000836;DOC;;2019-06-03;
3257;B000837;DOC;;2019-06-03;
3258;B000838;DOC;;2019-06-03;
3259;B000839;DOC;;2019-06-03;* Cote=«567.9»
3260;B000843;DOC;;2019-06-10;* Catégorie=«23C» * UA=«DOC» * Cote=«567.9»
3261;B000846;DOC;1;;
3262;B000847;DOC;;2019-06-03;
3263;B000848;DOC;;2019-06-03;
3264;B000296;DOC;;2019-06-03;
3265;B000299;DOC;;2019-06-03;
3266;B000298;DOC;;2019-06-03;
3267;B011523;DOC;;2019-06-04;
3267;B011526;DOC;;2019-06-04;
3268;B000825;DOC;;2019-06-03;
3269;B000819;DOC;;2019-06-10;
3270;B000849;DOC;;2019-06-04;* Catégorie=«23C» * UA=«DOC» * Cote=«590.3»
3271;B000850;DOC;;2019-06-03;
3272;B000855;DOC;;2019-06-03;
3273;B000856;DOC;;2019-06-03;
3274;B000857;DOC;;2019-06-03;
3275;B000866;DOC;;2019-06-03;
3276;B000869;DOC;;2019-06-03;
3277;B011666;DOC;;2019-06-04;
3277;B011665;DOC;1;;
3277;B011664;DOC;;2019-06-04;
3278;B011652;DOC;;2019-06-04;
3278;B011650;DOC;;2019-06-04;
3279;B000945;DOC;;2019-06-04;
3279;B011000;DOC;;2019-06-04;
3280;B000948;DOC;;2019-06-03;
3281;B000949;DOC;;2019-06-04;
3281;B011001;DOC;;2019-06-04;
3281;B011002;DOC;;2019-06-04;
3282;B010952;DOC;;2019-06-04;
3282;B010953;DOC;;2019-06-04;
3283;B000957;DOC;;2019-06-04;
3283;B010975;DOC;;2019-06-04;
3283;B010976;DOC;;2019-06-04;
3284;B011005;DOC;;2019-06-04;
3284;B011006;DOC;;2019-06-04;
3285;B010960;DOC;;2019-06-04;
3285;B010961;DOC;;2019-06-04;
3285;B011662;DOC;;2019-06-04;
3286;B010958;DOC;;2019-06-04;
3286;B010959;DOC;;2019-06-04;
3287;B000976;DOC;;2019-06-10;
3288;B000931;DOC;;2019-06-03;
3289;B011520;DOC;;2019-06-04;
3289;B011522;DOC;;2019-06-04;
3290;B000447;DOC;;2019-06-03;
3291;B010977;DOC;;2019-06-04;
3291;B011659;DOC;;2019-06-04;
3292;B000378;DOC;;2019-06-03;
3293;B010993;DOC;;2019-06-04;
3293;B010994;DOC;;2019-06-04;
3294;B000374;DOC;;2019-06-03;* Cote=«597.96»
3295;B000373;DOC;;2019-06-03;
3296;B000372;DOC;;2019-06-03;
3297;B000371;DOC;;2019-06-03;
3298;B000368;DOC;;2019-06-03;
3299;B000367;DOC;;2019-06-04;
3299;B010991;DOC;;2019-06-04;
3300;B000365;DOC;;2019-06-03;
3301;B000363;DOC;;2019-06-03;
3302;B010981;DOC;;2019-06-04;
3302;B011658;DOC;;2019-06-04;
3303;B000354;DOC;;2019-06-03;
3304;B011519;DOC;;2019-06-04;
3304;B011524;DOC;;2019-06-04;
3305;B000393;DOC;;2019-06-03;
3306;B000349;DOC;;2019-06-04;* Catégorie=«23C» * UA=«DOC» * Cote=«597.3»
3307;B000348;DOC;;2019-06-03;
3308;B000347;DOC;;2019-06-03;
3309;B004026;DOC;;2019-06-03;
3310;B011655;DOC;;2019-06-04;
3310;B011654;DOC;;2019-06-04;
3310;B011653;DOC;;2019-06-04;
3311;B004033;DOC;;2019-06-03;
3312;B004035;DOC;;2019-06-03;
3313;B004041;DOC;;2019-06-03;
3314;B004050;DOC;;2019-06-03;
3315;B004051;DOC;;2019-06-03;
3316;B004052;DOC;;2019-06-03;
3317;B004053;DOC;;2019-06-03;
3318;B004056;DOC;;2019-06-03;
3319;B004061;DOC;;2019-06-03;
3320;B004065;DOC;;2019-06-03;* Cote=«599.53»
3321;B004067;DOC;;2019-06-03;
3322;B004068;DOC;;2019-06-03;
3323;B004074;DOC;;2019-06-03;
3324;B004093;DOC;;2019-06-03;
3325;B004100;DOC;;2019-06-03;
3326;B010979;DOC;;;
3326;B010980;DOC;;2019-06-04;
3327;B011525;DOC;;2019-06-04;
3327;B011521;DOC;;2019-06-04;
3328;B004037;DOC;;2019-06-03;
3329;B004108;DOC;;2019-06-03;
3329;B013011;DOC;;2019-06-03;
3330;B004111;DOC;;2019-06-03;
3331;B004115;DOC;;2019-06-03;
3332;B010955;DOC;;2019-06-04;
3332;B010954;DOC;;2019-06-04;
3333;B010989;DOC;;2019-06-04;
3333;B010990;DOC;;2019-06-04;
3334;B004130;DOC;;2019-06-03;
3335;B004131;DOC;;2019-06-03;* Cote=«599.78»
3336;B004135;DOC;;2019-06-03;
3337;B004140;DOC;;2019-06-03;* Cote=«599.8846»
3338;B000477;DOC;;2019-06-10;
3339;B000465;DOC;;2019-06-03;
3340;B012033;DOC;;2019-06-03;* Cote=«612.003»
3341;B000459;DOC;;2019-06-03;
3342;B000458;DOC;;2019-06-03;
3343;B000457;DOC;;2019-06-03;
3344;B000456;DOC;;2019-06-03;
3345;B004153;DOC;;2019-06-03;
3346;B004154;DOC;;2019-06-03;
3347;B004157;DOC;;2019-06-03;
3348;B004159;DOC;;2019-06-03;
3349;B004163;DOC;;2019-06-03;
3350;B004167;DOC;;2019-06-03;
3351;B004168;DOC;;2019-06-03;
3352;B004155;DOC;;2019-06-03;
3353;B000466;DOC;1;;
3354;B000472;DOC;;2019-06-03;
3355;B004175;DOC;;2019-06-03;
3356;B004174;DOC;;2019-06-03;
3357;B004195;DOC;;2019-06-03;* Cote=«629.4»
3358;B004196;DOC;;2019-06-03;* Cote=«629.442»
3359;B004201;DOC;;2019-06-03;
3360;B004202;DOC;;2019-06-03;
3361;B000569;DOC;;2019-06-03;
3361;B014806;DOC;;2019-06-03;
3362;B000562;DOC;;2019-06-03;
3363;B010950;DOC;;;
3363;B010951;DOC;;2019-06-04;
3364;B000552;DOC;;2019-06-03;
3365;B000549;DOC;;2019-06-03;
3366;B000527;DOC;;2019-06-03;
3367;B000521;DOC;;2019-06-03;
3368;B000510;DOC;;2019-06-03;* Cote=«636.9322»
3369;B000509;DOC;;2019-06-03;
3370;B004173;DOC;;2019-06-03;
3371;B004217;DOC;;2019-06-03;
3372;B004220;DOC;;2019-06-03;
3373;B004225;DOC;;2019-06-03;
3373;B004224;DOC;;2019-06-03;
3374;B004226;DOC;;2019-06-03;
3374;B019109;DOC;;2019-06-03;
3375;B004231;DOC;;2019-06-03;
3376;B004233;DOC;;2019-06-03;
3377;B004236;DOC;;2019-06-03;* Cote=«746.42»
3378;B004247;DOC;;2019-06-03;
3379;B004248;DOC;;2019-06-03;
3380;B004258;DOC;;2019-06-03;
3381;B004259;DOC;;2019-06-03;
3382;B004262;DOC;;2019-06-03;
3383;B004274;DOC;;2019-06-03;
3384;B004275;DOC;;2019-06-03;
3385;B004276;DOC;;2019-06-03;
3386;B004277;DOC;;2019-06-10;
3387;B010894;DOC;;2019-06-03;
3388;B004295;DOC;;2019-06-03;* Cote=«743.6»
3389;B004344;DOC;;2019-06-03;* Cote=«758.77»
3390;B004345;DOC;;2019-06-03;* Cote=«793.737»
3390;B015729;DOC;;2019-06-03;
3391;B004346;DOC;;2019-06-03;
3391;B012028;DOC;;2019-06-03;
3392;B004347;DOC;;2019-06-03;
3393;B004348;DOC;;2019-06-03;
3394;B004293;DOC;;2019-06-03;
3395;B004273;DOC;;2019-06-10;
3396;B004381;DOC;;2019-06-03;
3397;B004382;DOC;;2019-06-03;
3398;B004370;DOC;;2019-06-03;
3399;B004364;DOC;;2019-06-03;* Cote=«927.59»
3399;B004700;DOC;;2019-06-03;
3400;B004359;DOC;;2019-06-03;
3401;B004360;DOC;;2019-06-03;
3402;B004357;DOC;;2019-06-03;
3403;B004351;DOC;;2019-06-03;
3404;B004352;DOC;;2019-06-03;
3405;B004414;DOC;;2019-06-10;
3406;B004422;DOC;;2019-06-03;
3406;B009481;DOC;;2019-06-03;
3407;B004428;DOC;;2019-06-03;
3408;B004427;DOC;;2019-06-03;
3409;B004421;DOC;;2019-06-03;
3410;B004435;DOC;;2019-06-03;
3411;B004432;DOC;;2019-06-03;
3412;B004433;DOC;;2019-06-03;
3413;B004350;DOC;;2019-06-03;
3414;B004349;DOC;;2019-06-03;
3415;B004356;DOC;;2019-06-03;
3416;B004363;DOC;;2019-06-03;
3417;B004362;DOC;;2019-06-03;
3418;B004361;DOC;;2019-06-03;
3419;B004367;DOC;;2019-06-03;
3420;B004369;DOC;;2019-06-03;
3421;B004447;DOC;;2019-06-03;
3422;B004315;DOC;;2019-06-10;* Catégorie=«23C» * UA=«DOC» * Cote=«398.2»
3423;B004313;DOC;;2019-06-10;* Catégorie=«23C» * UA=«DOC» * Cote=«398.2»
3424;B004307;DOC;;2019-06-10;* Catégorie=«23C» * UA=«DOC» * Cote=«398.2»
3425;B000779;DOC;;2019-05-31;* Cote=«394.26»
3426;B000230;DOC;;2019-05-31;
3427;B000242;DOC;;2019-05-31;
3427;B010793;DOC;;2019-05-31;
3428;B000790;DOC;;2019-05-31;
3429;B000236;DOC;;2019-05-31;
3430;B000822;DOC;;2019-06-04;* Catégorie=«23C» * UA=«DOC» * Cote=«552»
3431;B004547;DOC;1;;
3432;B004549;DOC;;2019-06-03;
3433;B004550;DOC;;2019-06-03;
3434;B004543;DOC;;2019-06-03;
3435;B004546;DOC;;2019-06-03;
3436;B004529;DOC;;2019-06-03;
3437;B004527;DOC;;2019-06-03;
3438;B004515;DOC;;2019-06-03;
3439;B004505;DOC;;2019-06-03;
3440;B004506;DOC;;2019-06-03;
3441;B004509;DOC;;2019-06-03;* Cote=«797.21»
3442;B004510;DOC;;2019-06-03;
3443;B004500;DOC;;2019-06-03;* Cote=«796.48»
3444;B004503;DOC;;2019-06-03;
3445;B004493;DOC;;2019-06-03;
3446;B004494;DOC;;2019-06-03;
3447;B004495;DOC;;2019-06-03;
3448;B004496;DOC;;2019-06-03;
3449;B004491;DOC;;2019-06-03;
3450;B004492;DOC;;2019-06-03;
3451;B004485;DOC;;2019-06-07;
3452;B004488;DOC;;2019-06-03;
3453;B004481;DOC;;2019-06-03;
3454;B004483;DOC;;2019-06-03;
3455;B004479;DOC;;2019-06-03;
3456;B004480;DOC;;2019-06-03;
3457;B004475;DOC;;2019-06-03;
3458;B004476;DOC;;2019-06-03;
3459;B004468;DOC;;2019-06-03;
3460;B004472;DOC;;2019-06-03;
3461;B004464;DOC;;2019-06-03;
3462;B004454;DOC;;2019-06-03;
3463;B004453;DOC;;2019-06-03;
3464;B004452;DOC;;2019-06-03;
3465;B004482;DOC;;2019-06-03;
3466;B004486;DOC;;2019-06-03;
3467;B004502;DOC;;2019-06-03;
3468;B004513;DOC;;2019-06-03;
3469;B004474;DOC;;2019-06-10;
3470;B004526;DOC;;2019-06-03;
3471;B004524;DOC;;2019-06-03;
3472;B004541;DOC;;2019-06-03;
3473;B004545;DOC;;2019-06-03;
3474;B004544;DOC;;2019-06-03;
3475;B004551;DOC;;2019-06-03;
3476;B004552;DOC;;2019-06-03;
3477;B004553;DOC;;2019-06-03;
3478;B004554;DOC;;2019-06-03;
3479;B004555;DOC;;2019-06-03;
3479;B004556;DOC;;2019-06-03;
3480;B004557;DOC;;2019-06-03;* Cote=«503.00»
3480;B016712;DOC;;2019-05-31;
3481;B004573;DOC;;2019-06-03;
3482;B004593;DOC;;2019-06-03;
3483;B004595;DOC;;2019-06-03;
3484;B004596;DOC;;2019-06-03;* Catégorie=«23C» * UA=«DOC»
3485;B004597;DOC;;2019-06-03;
3486;B004598;DOC;;2019-06-03;
3487;B004599;DOC;;2019-06-03;
3488;B004626;DOC;;2019-06-03;
3489;B004627;DOC;;2019-06-03;
3490;B004631;DOC;;2019-06-03;
3491;B004610;DOC;;2019-06-03;
3492;B004584;DOC;;2019-06-03;
3493;B004586;DOC;;2019-06-03;
3494;B004666;DOC;;2019-06-03;
3495;B004662;DOC;;2019-06-10;
3496;B004696;DOC;;2019-06-03;
3497;B004698;DOC;;2019-06-03;
3498;B004702;DOC;;2019-06-03;
3499;B004701;DOC;;2019-06-03;
3500;B004699;DOC;;2019-06-03;
3501;B004731;DOC;;2019-06-03;
3502;B004722;DOC;;2019-06-03;
3503;B004721;DOC;;2019-05-31;
3504;B004737;DOC;;2019-06-03;
3505;B004743;DOC;;2019-06-03;
3506;B004742;DOC;;2019-06-03;
3507;B004740;DOC;;2019-06-03;
3508;B004663;DOC;;2019-06-03;
3509;B004732;DOC;;2019-06-03;
3510;B004754;DOC;;2019-06-03;
3511;B004761;DOC;;2019-06-03;
3512;B004773;DOC;;2019-06-03;
3513;B004785;DOC;;2019-06-03;* Cote=«940.1»
3514;B004793;DOC;;2019-06-03;
3515;B011933;DOC;;2019-06-03;* Cote=«941.1»
3516;B004818;DOC;;2019-06-03;
3517;B004829;DOC;;2019-06-03;* Cote=«962»
3518;B004830;DOC;;2019-06-03;
3519;B004831;DOC;;2019-06-03;
3520;B004835;DOC;;2019-06-03;
3521;B004840;DOC;;2019-06-03;
3522;B004842;DOC;;2019-06-03;
3523;B004844;DOC;;2019-06-03;
3524;B004839;DOC;;2019-06-03;
3525;B004782;DOC;;2019-06-03;
3526;B004853;DOC;;2019-06-03;
3527;B004882;DOC;;2019-06-03;
3528;B004894;DOC;;2019-06-03;
3529;B004895;DOC;;2019-06-03;
3530;B004896;DOC;;2019-06-03;
3531;B004897;DOC;;2019-06-03;
3532;B004898;DOC;;2019-06-03;
3533;B004899;DOC;;2019-06-03;
3534;B004900;DOC;;2019-06-03;
3535;B004901;DOC;;2019-06-03;
3536;B004905;DOC;;2019-06-03;
3537;B004906;DOC;;2019-06-03;
3538;B004907;DOC;;2019-06-03;
3539;B004908;DOC;;2019-06-03;
3540;B004918;DOC;;2019-06-03;
3541;B004928;DOC;;2019-06-03;
3542;B004935;DOC;;2019-06-03;
3543;B004932;DOC;;2019-06-03;
3544;B004888;DOC;;2019-06-03;
3545;B004914;DOC;;2019-06-03;
3546;B004915;DOC;;2019-06-03;
3547;B004917;DOC;;2019-06-03;
3548;B004916;DOC;;2019-06-03;
3549;B003431;DOC;;2019-06-03;
3550;B000360;DOC;;2019-06-04;
3551;B004107;DOC;;2019-06-04;
3552;B005069;DOC;;2019-05-31;
3553;B005070;DOC;;2019-05-31;
3554;B005071;DOC;;2019-05-31;
3555;B010794;DOC;;2019-05-31;
3555;B016516;DOC;;2019-05-31;
3556;B005073;DOC;;2019-05-31;* Cote=«520»
3557;B005074;DOC;;2019-05-31;
3558;B005078;DOC;;2019-05-31;
3559;B005079;DOC;;2019-05-31;
3560;B005086;DOC;;2019-06-03;
3561;B005088;DOC;;2019-06-03;
3562;B005089;DOC;;2019-06-03;
3563;B005104;DOC;;2019-06-03;
3564;B005105;DOC;;2019-06-03;
3565;B005111;DOC;;2019-06-03;
3566;B005119;DOC;;2019-06-03;
3567;B007421;DOC;;2019-06-03;
3568;B007439;DOC;;2019-06-10;
3569;B004278;DOC;;2019-06-03;
3570;B004659;DOC;;2019-06-03;* Cote=«R DAU»
3570;B004637;DOC;;2019-06-03;* Cote=«R DAU»
3570;B004711;DOC;;2019-06-10;* Catégorie=«23C» * UA=«DOC» * Cote=«R DAU»
3570;B004636;DOC;;2019-06-03;* Cote=«R DAU»
3570;B004648;DOC;;2019-06-03;* Cote=«R DAU»
3570;B004716;DOC;;2019-06-03;* Cote=«R DAU»
3570;B004684;DOC;;2019-06-03;* Cote=«R DAU»
3570;B004644;DOC;;2019-06-03;* Cote=«R DAU»
3570;B004693;DOC;;2019-06-03;* Cote=«R DAU»
3570;B004708;DOC;;2019-06-03;* Cote=«R DAU»
3570;B004714;DOC;;2019-06-03;* Cote=«R DAU»
3570;B004668;DOC;;2019-06-03;* Cote=«R DAU»
3570;B004687;DOC;;2019-06-03;* Cote=«R DAU»
3570;B004704;DOC;;2019-06-03;* Cote=«R DAU»
3570;B004646;DOC;;2019-06-03;* Cote=«R DAU»
3570;B004688;DOC;;2019-06-03;* Cote=«R DAU»
3570;B004689;DOC;;2019-06-03;* Cote=«R DAU»
3570;B004642;DOC;;2019-06-03;* Cote=«R DAU»
3570;B004680;DOC;;2019-06-03;* Cote=«R DAU»
3570;B004677;DOC;;2019-06-03;* Cote=«R DAU»
3570;B004675;DOC;;2019-06-03;* Cote=«R DAU»
3570;B004676;DOC;;2019-06-03;* Cote=«R DAU»
3570;B004682;DOC;;2019-06-03;* Cote=«R DAU»
3570;B002210;DOC;;2019-06-04;* UA=«DOC»
3571;B004651;DOC;;2019-06-03;
3572;B004358;DOC;;2019-06-03;
3573;B004365;DOC;;2019-06-03;
3573;B004373;DOC;;2019-06-03;
3574;B004594;DOC;;2019-06-03;
3575;B004667;DOC;;2019-06-03;
3576;B004691;DOC;;2019-06-03;
3577;B004237;DOC;;2019-06-03;
3578;B004469;DOC;;2019-06-03;
3579;B000699;DOC;;2019-05-31;
3580;B000565;DOC;;2019-06-03;
3581;B005361;DOC;;2019-06-10;
3581;B000233;DOC;;2019-06-10;
3582;B000102;DOC;;2019-05-31;
3583;B000715;DOC;;2019-05-31;
3584;B004310;DOC;;2019-06-10;* Catégorie=«23C» * UA=«DOC» * Cote=«398.2»
3585;B004305;DOC;;2019-05-31;
3586;B004311;DOC;;2019-06-10;* Catégorie=«23C» * UA=«DOC» * Cote=«398.2»
3586;B004317;DOC;;2019-06-10;* Catégorie=«23C» * UA=«DOC» * Cote=«398.2»
3587;B000768;DOC;;2019-05-31;
3588;B004525;DOC;;2019-06-03;
3589;B004540;DOC;;2019-06-03;* Cote=«841.7»
3590;B004521;DOC;;2019-06-03;
3591;B000255;DOC;;2019-06-10;
3592;B004564;DOC;;2019-06-10;
3593;B009482;ADU;;2019-06-10;* Cote=«EALS 0 SEA»
3594;B009502;DOC;;2019-06-03;
3595;B009472;DOC;;2019-06-03;
3596;B009465;DOC;;2019-06-03;
3597;B009464;DOC;;2019-06-03;
3598;B009463;DOC;;2019-05-31;
3599;B009466;DOC;;2019-06-03;
3600;B009467;DOC;;2019-06-03;
3601;B010526;DOC;;2019-06-03;
3602;B009499;DOC;;2019-06-03;
3603;B009445;DOC;;2019-06-03;
3604;B009450;DOC;;2019-06-03;
3605;B009428;DOC;;2019-05-31;
3606;B009427;DOC;;2019-05-31;
3607;B009426;DOC;;2019-06-03;
3608;B012012;DOC;;2019-06-03;
3609;B009421;DOC;;2019-05-31;
3610;B009469;DOC;;2019-05-31;
3611;B009471;DOC;;2019-06-03;
3612;B009478;DOC;;2019-06-03;
3613;B009480;DOC;;2019-06-03;
3614;B009291;DOC;;2019-05-31;
3615;B009290;DOC;;2019-05-31;
3616;B011727;DOC;;2019-05-31;
3617;B009287;DOC;1;2019-06-12;* Catégorie=«23C» * UA=«DOC» * Cote=«128.37» * PRÊTÉ ou PERDU
3618;B011725;DOC;;2019-05-31;
3619;B009493;DOC;;2019-06-03;
3620;B009492;DOC;;2019-06-03;
3621;B009434;DOC;;2019-06-03;
3622;B009491;DOC;;;
3623;B009485;DOC;;2019-06-03;
3624;B009475;DOC;;2019-06-03;
3625;B009435;DOC;;2019-06-03;
3626;B009415;DOC;;2019-06-03;
3626;B011449;DOC;1;;
3627;B009414;DOC;;2019-06-03;
3628;B009413;DOC;;2019-06-03;
3628;B014627;DOC;;2019-06-03;
3629;B009412;DOC;;2019-06-04;* Catégorie=«23C» * UA=«DOC» * Cote=«599.8»
3630;B009411;DOC;;2019-06-04;* Catégorie=«23C» * UA=«DOC» * Cote=«597.96»
3631;B009410;DOC;;2019-06-04;* Catégorie=«23C» * UA=«DOC» * Cote=«599.75»
3632;B009347;DOC;;2019-05-31;
3633;B009405;DOC;;2019-06-03;
3634;B009406;DOC;;2019-06-03;
3635;B009407;DOC;;2019-06-03;
3636;B009400;DOC;;2019-06-03;
3637;B009399;DOC;;2019-06-03;
3638;B009398;DOC;1;;
3639;B009394;DOC;;2019-06-03;* Cote=«967»
3639;B010478;DOC;;2019-06-03;* Cote=«967»
3640;B009393;DOC;;2019-06-03;
3641;B009388;DOC;;2019-06-03;
3642;B009387;DOC;;2019-06-03;
3643;B009384;DOC;;2019-06-03;
3644;B009452;DOC;;2019-06-03;
3645;B009370;DOC;;2019-06-03;* Cote=«741.5»
3646;B009489;DOC;;2019-06-03;
3647;B009487;DOC;;2019-06-03;
3648;B009486;DOC;;2019-06-03;
3649;B009311;DOC;;2019-06-03;
3650;B009333;DOC;;2019-06-03;
3651;B009368;DOC;;2019-06-03;
3652;B009366;DOC;;2019-05-31;
3653;B009365;DOC;;2019-06-03;
3654;B009364;DOC;;2019-06-03;
3655;B009363;DOC;;2019-06-03;
3656;B009359;DOC;;2019-06-03;
3657;B009360;DOC;;2019-05-31;
3658;B009361;DOC;;2019-06-03;
3659;B009362;DOC;;2019-06-03;
3660;B009294;DOC;;2019-06-03;* Cote=«616»
3661;B009293;DOC;;2019-06-03;
3662;B009377;DOC;;2019-06-03;
3663;B009376;DOC;;2019-06-03;
3664;B009328;DOC;;2019-06-03;
3665;B009327;DOC;;2019-06-03;
3666;B009325;DOC;;2019-06-03;
3667;B009324;DOC;;2019-06-03;
3668;B009323;DOC;;2019-06-03;
3669;B009322;DOC;;2019-06-03;
3670;B009321;DOC;;2019-06-03;
3670;B010633;DOC;;2019-06-03;
3671;B009319;DOC;;2019-06-03;* Cote=«577.3»
3672;B009318;DOC;;2019-06-03;
3673;B009317;DOC;;2019-06-03;
3674;B009316;DOC;;2019-06-03;
3675;B009425;DOC;;2019-05-31;
3676;B009332;DOC;;2019-06-03;
3677;B009331;DOC;;2019-06-03;
3678;B009330;DOC;;2019-05-31;
3679;B009329;DOC;;2019-06-03;
3680;B009336;DOC;;2019-06-03;
3681;B009335;DOC;;2019-06-03;
3682;B009455;DOC;;2019-06-03;
3683;B009357;DOC;;2019-05-31;
3684;B009356;DOC;;2019-06-03;
3685;B009355;DOC;;2019-06-03;
3686;B009354;DOC;;2019-05-31;
3687;B009353;DOC;;2019-05-31;
3688;B009352;DOC;;2019-06-03;
3689;B009351;DOC;;2019-06-03;
3690;B009423;DOC;;2019-05-31;
3691;B009431;DOC;;2019-05-31;
3692;B009430;DOC;;2019-05-31;
3693;B009429;DOC;;2019-05-31;
3694;B009344;DOC;;2019-05-31;
3695;B009438;DOC;;2019-06-03;
3696;B009437;DOC;;2019-06-03;* Cote=«910.02154»
3697;B009346;DOC;;2019-06-03;
3698;B009374;DOC;;2019-05-31;* Cote=«387.2»
3699;B009372;DOC;;2019-05-31;
3700;B009343;DOC;;2019-06-03;
3701;B009403;DOC;;2019-06-03;
3702;B009342;DOC;;2019-05-31;
3703;B009341;DOC;;2019-06-03;
3704;B009408;DOC;;2019-05-31;
3705;B009348;DOC;;2019-05-31;
3706;B009715;DOC;;2019-06-03;
3707;B009716;DOC;;2019-06-03;
3708;B009628;DOC;;2019-06-03;
3709;B009630;DOC;;2019-06-03;
3710;B009539;DOC;;2019-06-03;
3711;B009589;DOC;;2019-06-03;
3712;B009584;DOC;;2019-06-03;
3713;B009536;DOC;;2019-05-31;
3714;B009586;DOC;;2019-05-31;
3715;B009535;DOC;;2019-06-03;
3716;B009538;DOC;;2019-06-03;
3717;B009583;DOC;;2019-06-03;
3718;B009543;DOC;;2019-05-31;
3719;B009534;DOC;1;;
3720;B009531;DOC;;2019-06-03;
3721;B009530;DOC;;2019-06-03;
3722;B009529;DOC;;2019-06-03;
3723;B009585;DOC;;2019-06-03;
3724;B009527;DOC;;2019-06-03;
3725;B009588;DOC;;2019-06-03;
3726;B009526;DOC;;2019-06-03;
3727;B009525;DOC;;2019-06-03;
3728;B009524;DOC;;2019-06-03;
3729;B009520;DOC;;2019-06-03;
3730;B009521;DOC;;2019-06-03;
3731;B009519;DOC;;2019-06-03;
3732;B009518;DOC;;2019-06-03;
3733;B009509;DOC;;2019-06-03;
3734;B009516;DOC;;2019-06-03;
3735;B009623;DOC;;2019-06-03;
3736;B009622;DOC;;2019-06-03;
3737;B009544;DOC;;2019-06-03;
3738;B009511;DOC;;2019-06-03;
3739;B009508;DOC;;2019-06-03;
3740;B009505;DOC;;2019-06-03;
3741;B009608;DOC;;2019-06-03;
3742;B009609;DOC;;2019-06-03;
3743;B009621;DOC;;2019-06-03;
3744;B009619;DOC;;2019-06-03;
3745;B009616;DOC;;2019-06-03;
3746;B009617;DOC;;2019-06-03;
3747;B009611;DOC;;2019-06-03;
3747;B015774;DOC;;2019-06-03;
3748;B009613;DOC;;2019-06-03;
3749;B009600;DOC;;2019-06-03;
3750;B009614;DOC;;2019-06-03;
3751;B009515;DOC;;2019-06-03;
3752;B009514;DOC;;2019-06-03;
3753;B009604;DOC;;2019-06-03;
3754;B009601;DOC;;2019-06-03;
3755;B009597;DOC;;2019-06-03;
3756;B009599;DOC;;2019-06-03;
3757;B009592;DOC;;2019-06-03;
3758;B009593;DOC;;2019-06-03;
3759;B009594;DOC;;2019-06-03;
3760;B009595;DOC;;2019-06-03;
3761;B009596;DOC;;2019-06-03;
3762;B009591;DOC;;2019-06-03;
3763;B009587;DOC;;2019-06-03;
3764;B009582;DOC;;2019-06-03;
3765;B009581;DOC;;2019-06-03;
3766;B009580;DOC;;2019-06-03;
3767;B009579;DOC;;2019-06-03;
3768;B009565;DOC;;2019-05-31;
3769;B009563;DOC;;2019-06-03;
3770;B009562;DOC;;2019-06-03;
3771;B009567;DOC;;2019-06-03;
3772;B009685;DOC;;2019-06-03;
3772;B009691;DOC;;2019-06-03;
3772;B009690;DOC;;2019-06-03;
3772;B009681;DOC;;2019-06-03;
3772;B009693;DOC;;2019-06-03;
3772;B009698;DOC;;2019-06-03;
3772;B009706;DOC;;2019-06-03;
3772;B009704;DOC;;2019-06-03;
3772;B009705;DOC;;2019-06-03;
3772;B009700;DOC;;2019-06-03;
3772;B009701;DOC;;2019-06-03;
3772;B009702;DOC;;2019-06-03;
3772;B009703;DOC;;2019-06-03;
3773;B009696;DOC;;2019-06-03;
3773;B009688;DOC;;2019-06-03;
3773;B009687;DOC;;2019-06-03;
3773;B009686;DOC;;2019-06-03;
3773;B009683;DOC;;2019-06-03;
3773;B009684;DOC;;2019-06-03;
3773;B009680;DOC;;2019-06-03;
3773;B009682;DOC;;2019-06-03;
3773;B009695;DOC;;2019-06-03;
3773;B009694;DOC;;2019-06-03;
3773;B009692;DOC;;2019-06-03;
3773;B009697;DOC;;2019-06-03;
3773;B009689;DOC;;2019-06-03;
3773;B009699;DOC;;2019-06-03;
3774;B009632;DOC;;2019-06-03;* Cote=«598.909714»
3775;B009636;DOC;;2019-06-03;
3776;B009634;DOC;;2019-06-03;
3777;B009649;DOC;;2019-06-03;
3778;B009645;DOC;;2019-05-31;* Cote=«549»
3779;B009650;DOC;;2019-06-03;
3780;B009653;DOC;;2019-06-03;* Cote=«915.042092»
3781;B009651;DOC;;2019-06-03;
3782;B009658;DOC;;2019-05-31;
3783;B009657;DOC;;2019-05-31;
3783;B009874;DOC;;2019-05-31;
3784;B009656;DOC;;2019-05-31;* Catégorie=«23C» * UA=«DOC»
3785;B009655;DOC;;2019-05-31;
3785;B009873;DOC;;2019-05-31;
3786;B009659;DOC;;2019-05-31;
3787;B009661;DOC;;2019-05-31;
3788;B009667;DOC;;2019-05-31;
3788;B010787;DOC;;2019-05-31;
3789;B010792;DOC;;2019-06-03;
3790;B009671;DOC;;2019-06-03;
3791;B010987;DOC;;2019-06-04;
3791;B010988;DOC;;2019-06-04;
3792;B009669;DOC;;2019-06-03;
3793;B009668;DOC;;2019-06-03;
3794;B009676;DOC;;2019-05-31;
3795;B009678;DOC;;2019-05-31;
3796;B009674;DOC;;2019-05-31;
3797;B009748;DOC;;2019-06-03;
3798;B009752;DOC;;2019-06-03;
3799;B010475;DOC;;2019-06-03;* Cote=«950»
3800;B009389;DOC;;2019-05-31;
3801;B009673;DOC;;2019-05-31;
3802;B009677;DOC;;2019-05-31;
3803;B009675;DOC;;2019-05-31;
3804;B009369;DOC;;2019-06-03;
3805;B009754;DOC;1;;
3806;B009762;DOC;;2019-06-04;* Catégorie=«23C» * UA=«DOC» * Cote=«599»
3807;B009760;DOC;;2019-06-03;* Cote=«567.9»
3808;B009759;DOC;;2019-05-31;
3809;B009761;DOC;;2019-05-31;
3810;B009418;DOC;;2019-05-31;
3811;B009416;DOC;;2019-06-03;
3812;B009417;DOC;;2019-06-03;* Cote=«550»
3813;B009796;DOC;;2019-06-03;
3813;B009795;DOC;;2019-06-03;
3813;B009794;DOC;;2019-06-03;
3813;B009793;DOC;;2019-06-03;
3813;B009792;DOC;;2019-06-03;
3813;B009791;DOC;;2019-06-03;
3813;B009790;DOC;;2019-06-03;
3813;B009789;DOC;;2019-06-03;
3813;B009788;DOC;;2019-06-03;
3813;B009787;DOC;;2019-06-03;
3813;B009786;DOC;;2019-06-03;
3813;B009784;DOC;;2019-06-03;
3813;B009785;DOC;;2019-06-03;
3814;B009783;DOC;;2019-05-31;
3815;B009781;DOC;;2019-05-31;
3816;B009780;DOC;;2019-06-03;
3817;B009779;DOC;;2019-06-03;
3818;B009778;DOC;;2019-06-03;
3819;B009777;DOC;;2019-05-31;
3820;B009776;DOC;;2019-06-03;* Cote=«972.65»
3821;B009775;DOC;;2019-06-03;
3822;B009774;DOC;;2019-06-03;
3823;B009773;DOC;;2019-05-31;* Cote=«388.09»
3824;B009772;DOC;;2019-06-03;
3825;B009468;DOC;;2019-06-03;* Cote=«551.6971»
3826;B011318;DOC;;2019-06-03;
3827;B009799;DOC;;2019-06-03;
3828;B009809;DOC;;2019-06-03;
3829;B009808;DOC;;2019-06-03;* Cote=«629.4553»
3830;B009807;DOC;;2019-05-31;
3831;B009805;DOC;;2019-06-04;* Catégorie=«23C» * UA=«DOC» * Cote=«599.5»
3832;B009804;DOC;;2019-06-03;
3833;B009803;DOC;;2019-06-03;
3834;B009802;DOC;;2019-06-03;
3835;B009801;DOC;;2019-05-31;
3836;B009818;DOC;;2019-06-03;* Cote=«567.9»
3837;B009830;DOC;;2019-06-03;
3838;B009822;DOC;;2019-06-03;
3839;B009886;DOC;;2019-06-03;
3840;B009884;DOC;;2019-06-03;
3841;B009883;DOC;;2019-06-03;
3842;B009881;DOC;;2019-06-03;
3843;B009880;DOC;;2019-06-03;* Cote=«597.96»
3844;B009876;DOC;;2019-06-03;
3845;B009401;DOC;;2019-06-03;
3846;B009624;DOC;;2019-06-03;
3847;B009603;DOC;;2019-06-03;
3848;B009625;DOC;;2019-06-03;
3849;B009349;DOC;;2019-06-03;
3850;B009432;DOC;;2019-06-03;
3851;B009433;DOC;;2019-06-03;
3852;B009379;DOC;;2019-06-03;* Cote=«641.5»
3853;B004819;DOC;;2019-06-03;
3854;B004471;DOC;;2019-06-03;
3855;B000203;DOC;;2019-05-31;
3856;B000202;DOC;;2019-05-31;
3857;B000204;DOC;;2019-05-31;
3858;B004611;DOC;;2019-06-03;
3859;B009390;DOC;;2019-05-31;
3860;B009391;DOC;;2019-05-31;
3861;B000359;DOC;;2019-06-03;
3862;B009501;DOC;;2019-06-03;
3863;B009602;DOC;;2019-06-03;
3864;B009545;DOC;;2019-06-03;
3865;B000816;DOC;;2019-06-03;* Cote=«551.5789»
3866;B010293;DOC;;2019-06-03;
3867;B000205;DOC;;2019-05-31;
3867;B000206;DOC;1;2019-06-04;* Catégorie=«23C» * UA=«DOC» * PRÊTÉ ou PERDU
3868;B004542;DOC;;2019-06-03;
3869;B000179;DOC;;2019-05-31;
3870;B000201;DOC;;2019-05-31;
3870;B019995;DOC;1;;
3871;B010349;DOC;;2019-06-03;
3872;B010350;DOC;;2019-06-03;
3873;B010351;DOC;;2019-06-03;
3874;B010352;DOC;;2019-06-03;
3875;B010353;DOC;;2019-06-03;
3876;B010357;DOC;;2019-05-31;
3877;B010298;DOC;;2019-06-03;
3878;B010299;DOC;;2019-06-03;
3879;B010370;DOC;;2019-06-03;
3880;B010371;DOC;;2019-06-03;
3881;B010372;DOC;;2019-06-03;
3882;B010377;DOC;;2019-06-10;
3883;B010378;DOC;;2019-06-03;
3884;B010382;DOC;;2019-06-03;
3885;B010383;DOC;;2019-06-03;
3886;B010384;DOC;;2019-06-03;* Cote=«796.334»
3887;B010385;DOC;;2019-06-03;
3887;B016704;DOC;;2019-06-03;
3888;B010360;DOC;;2019-06-03;
3888;B016685;DOC;;2019-06-03;
3889;B010362;DOC;;2019-06-03;
3890;B010363;DOC;;2019-06-03;
3891;B010365;DOC;;2019-06-03;
3892;B010366;DOC;;2019-06-03;
3893;B010367;DOC;;2019-06-03;
3894;B010368;DOC;;2019-06-03;
3895;B010369;DOC;;2019-06-03;
3896;B010387;DOC;;2019-06-03;
3897;B010386;DOC;;2019-06-03;
3898;B010411;DOC;;2019-06-03;
3899;B010412;DOC;;2019-06-03;
3900;B010416;DOC;;2019-06-03;
3901;B010418;DOC;;2019-06-03;
3902;B010419;DOC;;2019-06-03;
3903;B010420;DOC;;2019-06-03;
3904;B010425;DOC;;2019-06-03;
3904;B010426;DOC;;2019-06-03;
3905;B010427;DOC;;2019-06-03;
3906;B010428;DOC;;2019-06-03;
3907;B010429;DOC;;2019-06-03;
3908;B010430;DOC;;2019-06-03;
3909;B010390;DOC;;2019-06-03;
3910;B010393;DOC;;2019-06-03;
3911;B010394;DOC;;2019-06-03;
3912;B010395;DOC;;2019-06-03;* Cote=«743.695»
3913;B010396;DOC;;2019-06-03;
3914;B010397;DOC;;2019-06-03;
3915;B010398;DOC;;2019-06-03;
3916;B010407;DOC;;2019-06-03;
3917;B010437;DOC;;2019-06-03;
3917;B010436;DOC;;2019-06-03;
3917;B011165;DOC;;2019-06-03;
3918;B010456;DOC;;2019-06-03;* Cote=«916.4»
3919;B010457;DOC;;2019-06-03;
3920;B010458;DOC;;2019-06-03;
3921;B010459;DOC;;2019-06-03;
3922;B010460;DOC;;2019-06-03;
3923;B010461;DOC;;2019-06-03;
3924;B010462;DOC;;2019-06-03;
3925;B010463;DOC;;2019-06-03;
3926;B010464;DOC;;2019-06-03;
3927;B010465;DOC;;2019-06-03;
3928;B010467;DOC;;2019-06-03;
3929;B010468;DOC;;2019-06-03;
3930;B010469;DOC;;2019-06-03;
3931;B010470;DOC;;2019-06-03;
3932;B010471;DOC;;2019-06-03;
3933;B010446;DOC;;2019-05-31;
3934;B010447;DOC;;2019-05-31;
3935;B010448;DOC;;2019-05-31;
3936;B010449;DOC;;2019-05-31;
3937;B010452;DOC;;2019-05-31;
3938;B010454;DOC;;2019-06-03;
3939;B010474;DOC;;2019-06-03;
3940;B010476;DOC;;2019-06-03;
3941;B010477;DOC;;2019-06-03;
3942;B010480;DOC;;2019-05-31;
3943;B010481;DOC;;2019-05-31;
3944;B010483;DOC;;2019-05-31;
3945;B010484;DOC;;2019-06-03;
3946;B010485;DOC;;2019-06-03;
3947;B010486;DOC;;2019-06-03;
3948;B010487;DOC;;2019-06-03;
3949;B010488;DOC;;2019-06-03;
3950;B010489;DOC;;2019-06-03;
3951;B010490;DOC;;2019-06-03;
3952;B010491;DOC;;2019-06-03;
3953;B010492;DOC;;2019-06-03;
3954;B010493;DOC;;2019-06-03;
3955;B010455;DOC;;2019-06-03;
3956;B010509;DOC;;2019-06-03;
3957;B010510;DOC;;2019-06-03;
3958;B010515;DOC;;2019-05-31;
3959;B010518;DOC;;2019-06-06;* Catégorie=«23C» * UA=«DOC»
3960;B010530;DOC;;2019-06-03;
3961;B010541;DOC;;2019-06-03;
3962;B010542;DOC;;2019-06-07;* Catégorie=«23C» * UA=«DOC»
3963;B010543;DOC;;2019-06-04;
3963;B011004;DOC;;2019-06-04;
3963;B011660;DOC;;2019-06-04;
3964;B010544;DOC;;2019-06-04;
3964;B010995;DOC;;2019-06-04;
3965;B010545;DOC;;2019-06-03;
3966;B010564;DOC;;2019-05-31;
3967;B010562;DOC;;2019-06-03;
3968;B010561;DOC;;2019-06-03;
3969;B010558;DOC;;2019-06-03;
3970;B010557;DOC;;2019-05-31;
3971;B010556;DOC;;2019-06-03;
3972;B010555;DOC;;2019-06-03;
3973;B010554;DOC;;2019-06-03;
3974;B010553;DOC;;2019-05-31;
3975;B010552;DOC;;2019-06-03;
3976;B010551;DOC;;2019-06-03;
3977;B010550;DOC;;2019-06-03;
3978;B010549;DOC;;2019-06-03;
3979;B010548;DOC;;2019-06-03;
3980;B010547;DOC;;2019-06-03;
3981;B010546;DOC;;2019-06-03;
3982;B010579;DOC;;2019-06-03;
3983;B010578;DOC;;2019-06-03;
3984;B010577;DOC;;2019-06-03;
3985;B010576;DOC;;2019-06-03;
3986;B010575;DOC;;2019-06-03;
3987;B010573;DOC;;2019-06-03;
3988;B010572;DOC;;2019-06-03;
3989;B010574;DOC;;2019-06-03;
3990;B010643;DOC;;2019-06-03;
3991;B010642;DOC;;2019-06-03;
3992;B010641;DOC;;2019-06-10;
3993;B010639;DOC;;2019-06-03;
3994;B010638;DOC;;2019-06-03;
3995;B010634;DOC;;2019-06-03;
3996;B010632;DOC;;2019-06-03;
3997;B010631;DOC;;2019-06-03;* Cote=«624.209714471»
3998;B010630;DOC;;2019-06-03;* Cote=«629.222029»
3999;B010628;DOC;;2019-06-03;* Cote=«641.568»
4000;B010627;DOC;;2019-05-31;* Cote=«507.8»
4001;B010626;DOC;;2019-06-04;
4001;B010968;DOC;;2019-06-04;
4002;B010625;DOC;;2019-06-03;
4003;B010624;DOC;;2019-06-03;
4004;B010616;DOC;;2019-06-03;
4005;B010615;DOC;;2019-06-03;
4006;B010613;DOC;;2019-06-03;
4007;B010609;DOC;;2019-06-03;
4008;B010607;DOC;;2019-06-03;
4009;B010605;DOC;;2019-06-03;
4010;B010604;DOC;;2019-06-03;
4011;B010603;DOC;;2019-06-06;* Catégorie=«23C» * UA=«DOC»
4012;B010602;DOC;;2019-06-03;
4013;B010598;DOC;;2019-06-03;
4014;B010597;DOC;;2019-06-03;* Cote=«579.6»
4015;B010596;DOC;;2019-06-03;
4016;B010595;DOC;;2019-05-31;
4017;B010594;DOC;;2019-06-03;
4018;B010593;DOC;;2019-06-03;
4018;B011293;DOC;;2019-06-03;
4019;B010592;DOC;;2019-06-03;
4020;B010591;DOC;;2019-06-03;
4021;B010646;DOC;;2019-06-03;
4021;B012236;DOC;;;
4022;B010650;DOC;;2019-06-03;
4023;B010651;DOC;;2019-06-03;
4024;B010586;DOC;;2019-06-03;
4025;B010587;DOC;;2019-06-03;
4026;B010585;DOC;;2019-06-06;* Catégorie=«23C» * UA=«DOC»
4027;B010649;DOC;;2019-06-03;* Cote=«577.53094947»
4028;B010965;DOC;;2019-06-04;
4028;B010966;DOC;;2019-06-04;
4029;B010963;DOC;;2019-06-04;
4030;B011007;DOC;;2019-06-04;
4031;B010997;DOC;;2019-06-04;
4031;B010998;DOC;;2019-06-04;
4032;B010971;DOC;;2019-06-04;
4032;B010969;DOC;;2019-06-04;
4033;B010974;DOC;;2019-06-04;
4033;B010973;DOC;;2019-06-04;
4033;B010972;DOC;;2019-06-04;
4034;B010840;DOC;;2019-06-03;
4035;B010796;DOC;;2019-06-03;
4036;B010791;DOC;;2019-05-31;
4037;B010790;DOC;;2019-06-03;
4038;B010906;DOC;;2019-05-31;
4039;B010905;DOC;;2019-05-31;
4040;B010902;DOC;;2019-05-31;
4041;B010901;DOC;;2019-05-31;
4042;B010898;DOC;;2019-05-31;
4043;B010897;DOC;;2019-06-03;
4044;B010893;DOC;;2019-06-03;
4045;B010892;DOC;;2019-06-03;
4046;B010888;DOC;;2019-06-03;
4047;B010886;DOC;;2019-05-31;
4047;B011249;DOC;;2019-05-31;
4048;B010851;DOC;;2019-06-03;
4049;B010850;DOC;1;;
4050;B010849;DOC;;2019-06-03;
4050;B016760;DOC;;2019-06-03;
4051;B010847;DOC;;2019-06-03;
4052;B010846;DOC;;2019-06-03;
4053;B010844;DOC;;2019-06-03;
4054;B010843;DOC;;2019-06-03;
4055;B010841;DOC;;2019-06-03;
4056;B010815;DOC;;2019-06-03;
4057;B010889;DOC;;2019-05-31;
4058;B010887;DOC;;2019-06-03;
4059;B010857;DOC;;2019-06-03;
4060;B010858;DOC;;2019-06-03;
4061;B010852;DOC;;2019-06-03;
4062;B010903;DOC;;2019-05-31;* Cote=«513.2»
4063;B010908;DOC;;2019-06-03;
4064;B011115;DOC;;2019-06-03;
4065;B010842;DOC;;2019-06-03;
4066;B011130;DOC;;2019-06-03;
4067;B011131;DOC;;2019-06-03;
4068;B011120;DOC;;2019-06-03;
4069;B011117;DOC;;2019-06-10;
4070;B011122;DOC;;2019-06-03;
4071;B011124;DOC;;2019-06-03;
4072;B011212;DOC;;2019-06-03;
4073;B011210;DOC;;2019-06-03;
4074;B011216;DOC;;2019-05-31;* Cote=«532»
4075;B011213;DOC;;2019-06-03;
4076;B011218;DOC;;2019-06-03;
4077;B011215;DOC;;2019-05-31;
4078;B011217;DOC;;2019-05-31;
4079;B011225;DOC;;2019-06-03;
4080;B011224;DOC;;2019-06-04;* Catégorie=«23C» * UA=«DOC» * Cote=«595.7»
4081;B011223;DOC;;2019-06-03;
4082;B011222;DOC;;2019-06-03;
4083;B011220;DOC;;2019-06-03;
4084;B011209;DOC;;2019-06-03;
4085;B011208;DOC;;2019-06-03;
4086;B011342;DOC;;2019-05-31;
4087;B011345;DOC;;2019-05-31;
4088;B011346;DOC;;2019-05-31;
4089;B011347;DOC;;2019-05-31;
4090;B011349;DOC;;2019-05-31;
4091;B011350;DOC;;2019-05-31;
4092;B011207;DOC;;2019-06-03;
4093;B011260;DOC;;2019-05-31;
4094;B011261;DOC;;2019-05-31;
4095;B011351;DOC;;2019-06-03;
4096;B011233;DOC;;2019-06-03;* Cote=«577.27»
4097;B011232;DOC;;2019-06-03;
4098;B011228;DOC;;2019-06-03;
4099;B011354;DOC;;2019-06-03;
4100;B011230;DOC;;2019-05-31;
4101;B011273;DOC;;2019-06-03;
4102;B011309;DOC;;2019-06-03;
4103;B011285;DOC;;2019-06-03;
4104;B011288;DOC;;2019-05-31;
4105;B011287;DOC;;2019-06-03;
4106;B011369;DOC;;2019-05-31;
4107;B011276;DOC;;2019-06-03;
4108;B011265;DOC;;2019-06-06;* Catégorie=«23C» * UA=«DOC»
4109;B011303;DOC;;2019-05-31;
4110;B011340;DOC;;2019-06-03;
4111;B011312;DOC;;2019-06-03;* Cote=«569.9»
4112;B011311;DOC;;2019-06-03;
4113;B011314;DOC;;2019-06-10;* Catégorie=«23C» * UA=«DOC» * Cote=«590»
4114;B011332;DOC;;2019-05-31;
4115;B011310;DOC;;2019-06-03;
4116;B011313;DOC;;2019-06-03;
4117;B011341;DOC;;2019-05-31;
4118;B011290;DOC;;2019-05-31;
4119;B011299;DOC;;2019-06-03;* Cote=«578.73»
4120;B011289;DOC;;2019-06-03;* Cote=«578.47»
4121;B011298;DOC;;2019-06-03;
4122;B011315;DOC;;2019-06-03;
4123;B011339;DOC;;2019-06-03;* Cote=«577.3»
4124;B011307;DOC;;2019-06-03;
4125;B011214;DOC;;2019-05-31;
4126;B011355;DOC;;2019-05-31;* Cote=«034.1»
4127;B011242;DOC;;2019-05-31;
4128;B011366;DOC;;2019-06-03;
4129;B011286;DOC;;2019-06-03;
4130;B011280;DOC;;2019-06-03;* Cote=«577.3»
4131;B011252;DOC;;2019-06-03;
4132;B011334;DOC;;2019-06-03;
4133;B011450;DOC;;2019-06-03;
4134;B011428;DOC;;2019-06-06;* Catégorie=«23C» * UA=«DOC»
4135;B011411;DOC;;2019-06-03;
4136;B011475;DOC;;2019-05-31;
4137;B011484;DOC;;2019-05-31;* Cote=«508»
4138;B011477;DOC;;2019-05-31;
4139;B011486;DOC;;2019-05-31;* Cote=«508»
4140;B011489;DOC;;2019-05-31;
4141;B011304;DOC;;2019-06-03;
4142;B011476;DOC;;2019-05-31;
4143;B011482;DOC;;2019-05-31;
4144;B011481;DOC;;2019-05-31;
4145;B011479;DOC;;2019-05-31;
4146;B011474;DOC;;2019-05-31;
4147;B011493;DOC;;2019-06-03;
4148;B011508;DOC;;2019-06-03;
4149;B012898;DOC;;2019-06-03;
4150;B011510;DOC;;2019-05-31;
4151;B011511;DOC;;2019-05-31;
4152;B011397;DOC;;2019-06-03;
4153;B011498;DOC;;2019-06-03;
4154;B011305;DOC;;2019-06-03;
4155;B011300;DOC;;2019-06-03;
4156;B011512;DOC;;2019-05-31;
4157;B011250;DOC;;2019-06-03;
4158;B011432;DOC;;2019-06-03;
4159;B011395;DOC;;2019-05-31;
4160;B011528;DOC;;2019-05-31;
4161;B011506;DOC;;2019-06-03;
4162;B011274;DOC;;2019-06-03;* Catégorie=«23C» * UA=«DOC»
4163;B011492;DOC;;2019-06-03;
4164;B011264;DOC;;2019-06-03;
4165;B011548;DOC;;2019-05-31;
4166;B011591;DOC;;2019-06-03;* Cote=«577.099»
4167;B011592;DOC;;2019-06-03;
4168;B011593;DOC;;2019-06-03;
4169;B011594;DOC;;2019-06-03;
4170;B011595;DOC;;2019-06-03;
4171;B011596;DOC;;2019-06-03;
4172;B011552;DOC;;2019-05-31;
4173;B011320;DOC;;2019-06-03;
4174;B011619;DOC;;2019-06-03;
4175;B011616;DOC;;2019-06-03;
4176;B011613;DOC;;2019-06-03;
4177;B011789;DOC;;2019-05-31;
4178;B011672;DOC;;2019-05-31;
4179;B011556;DOC;;2019-05-31;* Cote=«508»
4180;B011271;DOC;;2019-06-03;
4181;B011575;DOC;;2019-05-31;
4182;B011545;DOC;;2019-05-31;
4183;B011576;DOC;;2019-05-31;
4184;B011549;DOC;;2019-05-31;
4185;B011763;DOC;;2019-06-03;
4186;B011762;DOC;;2019-06-03;
4187;B011253;DOC;;2019-06-03;* Cote=«579.177»
4188;B011814;DOC;;2019-06-03;
4189;B011815;DOC;;2019-06-03;
4190;B011726;DOC;;2019-05-31;
4191;B011813;DOC;;2019-06-03;
4192;B011597;DOC;;2019-05-31;
4193;B011599;DOC;;2019-05-31;
4194;B011573;DOC;;2019-05-31;* Cote=«398.209»
4195;B011579;DOC;;2019-05-31;
4196;B011578;DOC;;2019-05-31;
4197;B011676;DOC;;2019-06-03;
4198;B011820;DOC;;2019-05-31;
4199;B011821;DOC;;2019-05-31;
4200;B011667;DOC;;2019-06-04;
4201;B012891;DOC;;2019-05-31;
4202;B011925;DOC;1;;
4203;B011240;DOC;;2019-05-31;
4204;B011438;DOC;;2019-06-03;
4205;B011272;DOC;;2019-05-31;
4206;B011270;DOC;;2019-05-31;
4207;B011920;DOC;;2019-05-31;
4208;B011921;DOC;;2019-05-31;
4209;B011546;DOC;;2019-05-31;
4210;B011859;DOC;;2019-05-31;
4211;B011447;DOC;;2019-06-03;
4212;B011446;DOC;;2019-06-03;
4213;B011555;DOC;;2019-05-31;
4214;B011885;DOC;;2019-06-03;
4215;B011883;DOC;;2019-05-31;
4216;B011881;DOC;;2019-05-31;
4216;B012934;DOC;;2019-05-31;
4217;B011882;DOC;;2019-06-03;
4218;B011884;DOC;;2019-06-03;
4219;B011880;DOC;;2019-06-03;
4220;B011608;DOC;;2019-06-03;
4221;B011671;DOC;;2019-05-31;
4222;B011943;DOC;;2019-05-31;
4223;B011942;DOC;;2019-05-31;
4224;B011958;DOC;;2019-05-31;
4225;B011964;DOC;;2019-05-31;
4226;B011396;DOC;;2019-06-03;
4227;B011553;DOC;;2019-05-31;
4228;B011976;DOC;;2019-06-03;
4229;B011974;DOC;;2019-06-03;
4230;B011975;DOC;;2019-06-03;
4231;B011924;DOC;;2019-06-03;
4231;B013807;DOC;;2019-06-03;
4231;B016663;DOC;1;;
4232;B011899;5DOC;;2019-06-03;* Catégorie=«5A» * UA=«5DOC»
4233;B012023;DOC;;2019-06-03;
4234;B012022;DOC;;2019-06-03;
4235;B012031;DOC;;2019-06-03;
4236;B012018;DOC;;2019-06-03;
4237;B012026;DOC;;2019-06-03;
4238;B012017;DOC;;2019-06-03;* Cote=«599.53»
4239;B011997;DOC;;2019-06-03;
4240;B012010;DOC;;2019-06-03;
4241;B012025;DOC;;2019-06-03;* Cote=«726.109»
4241;B013837;DOC;;2019-06-03;* Cote=«726.109»
4242;B012019;DOC;;2019-06-03;
4243;B012020;DOC;;2019-05-31;
4244;B012027;DOC;;2019-06-03;
4245;B012032;DOC;;2019-06-03;
4246;B012117;DOC;;2019-06-03;
4247;B012116;DOC;;2019-06-03;
4248;B012107;DOC;;2019-06-03;
4249;B012119;DOC;;2019-06-03;
4250;B012118;DOC;;2019-06-03;
4251;B012112;DOC;;2019-06-03;
4252;B012120;DOC;;2019-06-03;
4253;B012114;DOC;;2019-06-03;
4254;B012113;DOC;;2019-06-03;
4255;B012115;DOC;;2019-06-10;* Catégorie=«23C» * UA=«DOC» * Cote=«952»
4256;B012125;DOC;;2019-06-03;
4257;B012126;DOC;;2019-06-03;
4258;B012128;DOC;;2019-06-03;
4259;B012133;DOC;;2019-06-03;
4260;B012121;DOC;;2019-06-03;
4261;B012132;DOC;;2019-06-03;
4262;B012124;DOC;;2019-06-03;
4263;B012122;DOC;;2019-06-03;
4264;B012123;DOC;;2019-06-03;
4265;B012139;DOC;;2019-06-03;
4266;B012149;DOC;;2019-06-03;
4267;B012156;DOC;;2019-06-03;
4268;B012168;DOC;;2019-06-03;
4269;B012169;DOC;;2019-06-03;
4270;B012167;DOC;;2019-06-03;
4271;B012150;DOC;;2019-06-03;
4272;B012154;DOC;;2019-06-03;
4273;B012170;DOC;;2019-06-03;* Cote=«577.27»
4274;B012160;DOC;;2019-05-31;
4275;B012161;DOC;;2019-05-31;
4276;B012166;DOC;;2019-06-03;
4277;B012164;DOC;;2019-06-03;* Cote=«930.1»
4278;B012155;DOC;;2019-06-03;
4279;B012162;DOC;;2019-05-31;
4280;B012152;DOC;;2019-06-03;
4281;B012157;DOC;;2019-06-03;
4282;B012151;DOC;;2019-05-31;
4283;B012158;DOC;;2019-06-03;
4284;B012159;DOC;;2019-06-03;* Cote=«910.9»
4285;B012163;DOC;;2019-05-31;
4286;B012153;DOC;;2019-06-03;
4287;B012176;DOC;;2019-05-31;
4288;B012177;DOC;;2019-05-31;
4289;B012175;DOC;;2019-06-03;
4290;B012181;DOC;;2019-06-03;
4291;B012183;DOC;;2019-06-03;
4292;B012196;DOC;;2019-06-03;
4293;B012201;DOC;;2019-06-03;
4294;B012195;DOC;;2019-06-03;
4295;B012190;DOC;;2019-06-03;
4296;B012200;DOC;;2019-06-03;
4297;B012197;DOC;;2019-06-03;
4298;B012202;DOC;;2019-05-31;
4299;B012198;DOC;;2019-06-03;
4300;B012292;DOC;;2019-06-03;
4301;B012213;DOC;;2019-06-03;
4302;B012295;DOC;;2019-06-03;
4303;B012289;DOC;;2019-05-31;* Cote=«530.092»
4304;B012291;DOC;;2019-05-31;
4305;B012294;DOC;;2019-06-03;
4306;B012211;DOC;;2019-06-03;
4307;B012297;DOC;;2019-06-03;* Cote=«629.222»
4308;B012219;DOC;;2019-06-03;
4309;B012218;DOC;;2019-06-03;
4310;B012222;DOC;;2019-06-03;
4311;B012221;DOC;;2019-05-31;
4312;B012424;DOC;;2019-06-03;
4313;B012129;DOC;;;
4314;B012235;DOC;;2019-06-03;
4315;B012234;DOC;;2019-06-03;* Cote=«636.1»
4316;B012301;DOC;;2019-06-03;
4317;B012308;DOC;;2019-06-03;
4318;B012300;DOC;;2019-06-03;
4318;B014444;DOC;;2019-06-03;
4319;B012307;DOC;;2019-06-03;
4319;B016364;DOC;;2019-06-03;
4320;B012302;DOC;;2019-06-03;
4321;B012323;DOC;;2019-05-31;
4321;B012339;DOC;;2019-06-10;* Catégorie=«23C» * UA=«DOC»
4321;B012340;DOC;;2019-06-10;* Catégorie=«23C» * UA=«DOC»
4321;B012341;DOC;;2019-06-10;* Catégorie=«23C» * UA=«DOC»
4322;B012337;DOC;;2019-06-03;
4323;B012338;DOC;;2019-06-03;
4324;B012333;DOC;;2019-05-31;
4325;B012135;DOC;1;;
4326;B012143;DOC;;2019-06-03;
4327;B012365;DOC;;2019-06-03;
4328;B012332;DOC;;2019-05-31;
4329;B012210;DOC;;2019-06-03;
4330;B012331;DOC;;2019-06-03;
4331;B012298;DOC;;2019-06-10;
4332;B014899;DOC;;2019-06-03;
4333;B012182;DOC;;2019-06-03;
4334;B012134;DOC;;2019-06-03;
4335;B012299;DOC;;2019-05-31;
4336;B012377;DOC;;2019-06-03;* Cote=«577.554»
4337;B012386;DOC;;2019-06-03;* Cote=«569.9»
4338;B012413;DOC;;2019-05-31;
4339;B012415;DOC;;2019-06-03;
4340;B012405;DOC;;2019-06-03;
4341;B012402;DOC;;2019-06-03;
4342;B012409;DOC;;2019-06-03;
4343;B012401;DOC;;2019-06-03;
4344;B012407;DOC;;2019-06-03;
4345;B012408;DOC;;2019-06-03;
4346;B012417;DOC;;2019-06-03;
4347;B012416;DOC;;2019-06-03;
4348;B012427;DOC;;2019-06-03;
4349;B012419;DOC;;2019-06-03;
4350;B012418;DOC;;2019-06-03;
4351;B012437;DOC;;2019-06-03;* Cote=«748.432»
4352;B012425;DOC;;2019-06-03;
4353;B012432;DOC;;2019-06-03;
4354;B012436;DOC;;2019-06-03;
4355;B012435;DOC;;2019-05-31;
4356;B012422;DOC;;2019-06-03;
4357;B012428;DOC;;2019-06-03;
4358;B012420;DOC;;2019-06-03;
4359;B012423;DOC;;2019-06-10;* Catégorie=«1C» * UA=«DOC» * Cote=«793.73»
4360;B012439;DOC;;2019-06-03;
4361;B012429;DOC;;2019-06-03;
4362;B012400;DOC;;2019-06-03;
4363;B012710;DOC;;2019-05-31;
4364;B012752;DOC;;2019-06-03;
4365;B012750;DOC;;2019-06-03;
4366;B012749;DOC;;2019-06-03;
4367;B012751;DOC;;2019-06-03;
4368;B012776;DOC;;2019-06-03;
4369;B012858;DOC;;2019-06-03;
4370;B012804;DOC;;2019-05-31;* Cote=«529.3»
4371;B012793;DOC;;2019-05-31;* Cote=«363.192»
4372;B012790;DOC;;2019-06-03;
4373;B012803;DOC;;2019-06-03;* Cote=«789.412»
4374;B012792;DOC;;2019-06-03;
4375;B012853;DOC;;2019-06-03;
4376;B016652;DOC;;2019-06-03;
4377;B012861;DOC;;2019-05-31;
4378;B012897;DOC;;2019-06-03;
4379;B012933;DOC;;2019-06-03;
4380;B012893;DOC;;2019-06-03;
4381;B012886;DOC;;2019-06-03;
4382;B012932;DOC;;2019-06-03;
4383;B012899;DOC;;2019-06-03;
4384;B012931;DOC;;2019-05-31;
4385;B012924;DOC;;2019-06-03;
4386;B012925;DOC;;2019-06-03;
4387;B012926;DOC;;2019-06-03;
4388;B012928;DOC;;2019-06-03;
4389;B012927;DOC;;2019-06-03;
4390;B012910;DOC;;2019-06-03;
4391;B012889;DOC;;2019-06-03;
4392;B012896;DOC;;2019-06-03;
4393;B012399;DOC;;2019-06-03;
4394;B012398;DOC;;2019-06-03;* Cote=«842.91»
4395;B012397;DOC;;2019-06-03;* Cote=«842.91»
4396;B012396;DOC;;2019-06-03;
4397;B013055;DOC;;2019-06-03;
4398;B013057;DOC;;2019-06-03;
4399;B013044;DOC;;2019-06-03;
4400;B013039;DOC;;2019-06-03;
4401;B013046;DOC;;2019-06-03;
4402;B013068;DOC;;2019-05-31;
4403;B013040;DOC;;2019-05-31;
4404;B013043;DOC;;2019-05-31;* Cote=«509»
4405;B013041;DOC;;2019-05-31;
4406;B013042;DOC;;2019-06-03;
4407;B013058;DOC;;2019-06-03;
4408;B013080;DOC;;2019-05-31;
4409;B013048;DOC;;2019-06-03;
4410;B013012;DOC;;2019-06-03;
4411;B013294;DOC;;2019-05-31;
4412;B013315;DOC;;2019-05-31;
4413;B013295;DOC;;2019-05-31;
4414;B013299;DOC;;2019-05-31;
4415;B013297;DOC;;2019-05-31;
4416;B013298;DOC;;2019-05-31;
4417;B013308;DOC;;2019-06-03;
4418;B013314;DOC;;2019-06-03;
4419;B013345;DOC;;2019-06-03;
4420;B013320;DOC;;2019-06-03;
4421;B013322;DOC;;2019-06-03;
4422;B013307;DOC;;2019-06-03;
4423;B013398;DOC;;2019-05-31;
4424;B013017;DOC;;2019-06-03;
4425;B013443;DOC;;2019-06-03;
4426;B013337;DOC;;2019-05-31;
4427;B013317;DOC;;2019-05-31;
4428;B013349;DOC;;2019-06-03;
4429;B013350;DOC;;2019-06-03;* Cote=«599.759»
4430;B013348;DOC;;2019-06-03;* Cote=«599.53»
4431;B013358;DOC;;2019-05-31;
4432;B013355;DOC;;2019-06-03;* Cote=«641.53»
4433;B013340;DOC;;2019-06-03;
4434;B013341;DOC;;2019-06-03;
4435;B013339;DOC;;2019-06-03;
4436;B013342;DOC;;2019-06-03;
4437;B013037;DOC;;2019-06-03;* Cote=«624.209»
4438;B013343;DOC;;2019-06-03;
4439;B013344;DOC;;2019-06-03;* Cote=«636.8»
4440;B013072;DOC;;2019-06-03;
4441;B013347;DOC;;2019-06-03;
4442;B013333;DOC;;2019-05-31;
4443;B013334;DOC;;2019-05-31;
4444;B013377;DOC;;2019-06-03;
4445;B013306;DOC;;2019-06-03;
4446;B013305;DOC;;2019-05-31;
4447;B013379;DOC;;2019-06-03;* Cote=«636.707»
4448;B013378;DOC;;2019-06-03;
4449;B013376;DOC;;2019-06-03;
4450;B013390;DOC;;2019-06-03;
4451;B013375;DOC;;2019-06-03;* Cote=«636.935»
4452;B013395;DOC;;2019-06-03;
4453;B013392;DOC;;2019-06-03;
4454;B013393;DOC;;2019-06-03;
4455;B013457;DOC;;2019-05-31;
4456;B013458;DOC;;2019-05-31;
4457;B013455;DOC;;2019-06-03;
4458;B013456;DOC;;2019-05-31;
4459;B013470;DOC;;2019-05-31;
4460;B013360;DOC;;2019-05-31;
4461;B013485;DOC;1;2019-06-12;* Catégorie=«23C» * UA=«DOC» * Cote=«177.7» * PRÊTÉ ou PERDU
4462;B013484;DOC;;2019-05-31;
4463;B013482;DOC;;2019-05-31;
4464;B013481;DOC;;2019-06-03;
4465;B013486;DOC;;2019-05-31;
4466;B013454;DOC;;2019-06-03;
4467;B013469;DOC;;2019-06-03;
4468;B013417;DOC;;2019-06-03;
4469;B013416;DOC;;2019-06-03;
4470;B013414;DOC;;2019-05-31;* Cote=«070.5»
4471;B016020;DOC;;2019-06-03;
4472;B013374;DOC;;2019-06-03;
4473;B013421;DOC;;2019-06-03;
4474;B013410;DOC;;2019-06-03;
4475;B013409;DOC;;2019-06-03;
4476;B013523;DOC;;2019-06-03;
4477;B013524;DOC;;2019-06-03;
4478;B013418;DOC;;2019-06-03;
4479;B013547;DOC;;2019-05-31;
4480;B013504;DOC;;2019-05-31;* Cote=«394.26»
4481;B013502;DOC;;2019-06-03;
4482;B013503;DOC;;2019-06-03;
4483;B013496;DOC;;2019-06-03;
4484;B013494;DOC;;2019-06-03;
4485;B013493;DOC;;2019-06-03;
4486;B013495;DOC;;2019-06-03;
4487;B013520;DOC;;2019-05-31;
4488;B013521;DOC;;2019-06-03;
4489;B013517;DOC;;2019-05-31;* Cote=«398.209»
4490;B013565;DOC;;2019-05-31;
4491;B013566;DOC;;2019-05-31;
4492;B013568;DOC;;2019-06-03;
4493;B013569;DOC;;2019-06-03;
4494;B013373;DOC;;2019-06-03;
4495;B013845;DOC;;2019-06-03;
4496;B013575;DOC;;2019-05-31;
4497;B013501;DOC;;2019-06-03;
4498;B013606;DOC;;2019-06-03;
4499;B013607;DOC;;2019-06-03;
4500;B013609;DOC;;2019-05-31;
4501;B013596;DOC;;2019-05-31;
4502;B013595;DOC;;2019-06-03;
4503;B013603;DOC;;2019-06-03;
4504;B013604;DOC;;2019-05-31;
4505;B013605;DOC;;2019-05-31;
4506;B013655;DOC;;2019-06-03;
4507;B013656;DOC;;2019-06-03;
4508;B013619;DOC;;2019-06-03;
4509;B013635;DOC;;2019-06-03;
4510;B013632;DOC;;2019-05-31;
4511;B013631;DOC;;2019-06-03;
4512;B013685;DOC;;2019-06-03;
4513;B013684;DOC;;2019-06-03;
4514;B013698;DOC;;2019-06-03;
4515;B013696;DOC;;2019-06-03;
4516;B013691;DOC;;2019-06-03;
4517;B013697;DOC;;2019-06-03;
4518;B013686;DOC;;2019-06-03;
4519;B013689;DOC;;2019-06-03;
4520;B013692;DOC;;2019-06-03;
4521;B013693;DOC;;2019-06-03;
4522;B013690;DOC;;2019-06-03;
4523;B013694;DOC;;2019-06-03;
4524;B013687;DOC;;2019-06-03;
4525;B013674;DOC;;2019-06-03;
4526;B013677;DOC;;2019-06-03;
4527;B013676;DOC;;2019-06-03;
4528;B013675;DOC;;2019-06-03;
4529;B013699;DOC;;2019-06-03;
4530;B013613;DOC;;2019-06-10;* Catégorie=«23C» * UA=«DOC» * Cote=«630»
4531;B013830;DOC;;2019-05-31;
4531;B017952;DOC;;2019-05-31;
4532;B013829;DOC;;2019-06-03;
4533;B013760;DOC;;2019-06-04;
4533;B013762;DOC;;2019-06-04;
4534;B013759;DOC;;2019-06-04;
4534;B013758;DOC;1;;
4534;B013763;DOC;;2019-06-04;
4535;B013617;DOC;;2019-06-03;
4536;B013624;DOC;;2019-05-31;
4537;B013623;DOC;;2019-05-31;
4538;B013622;DOC;;2019-05-31;
4539;B013621;DOC;;2019-05-31;
4540;B013688;DOC;;2019-06-03;
4541;B013695;DOC;;2019-06-03;
4542;B013663;DOC;;2019-06-03;
4543;B013835;DOC;;2019-06-03;
4544;B013831;DOC;;2019-06-03;
4545;B013832;DOC;;2019-06-03;
4546;B013681;DOC;;2019-06-03;
4547;B013679;DOC;;2019-06-03;
4548;B013680;DOC;;2019-06-03;
4549;B013712;DOC;;2019-05-31;
4550;B013803;DOC;;2019-05-31;
4551;B013810;DOC;;2019-05-31;
4552;B013809;DOC;;2019-06-03;
4552;B014690;DOC;;2019-06-03;
4553;B013757;DOC;;2019-06-04;
4554;B013746;DOC;;2019-06-03;
4554;B014079;DOC;;2019-06-03;
4555;B013678;DOC;;2019-06-03;
4556;B013806;5DOC;;2019-06-03;* Catégorie=«5A» * UA=«5DOC»
4557;B013798;DOC;;2019-05-31;
4557;B014788;DOC;;2019-05-31;
4558;B013814;DOC;;2019-06-03;
4559;B013813;DOC;;2019-06-03;
4560;B013662;DOC;;2019-06-03;
4561;B013664;DOC;;2019-06-03;
4562;B013808;DOC;;2019-06-03;
4563;B013745;DOC;;2019-06-03;
4564;B014075;DOC;;2019-06-03;
4565;B013821;DOC;;2019-06-06;* Catégorie=«23C» * UA=«DOC»
4566;B013673;DOC;;2019-06-03;
4567;B013610;DOC;;2019-06-03;
4568;B014078;DOC;;2019-06-03;
4568;B014742;DOC;;2019-06-03;
4569;B014073;DOC;;2019-05-31;
4570;B014072;DOC;;2019-06-03;
4571;B014071;DOC;;2019-05-31;
4572;B015696;DOC;;2019-05-31;
4573;B014077;DOC;;2019-06-03;
4574;B014074;DOC;;2019-05-31;
4575;B014080;DOC;;2019-06-03;
4576;B014081;DOC;;;
4577;B013811;DOC;;2019-06-03;
4578;B013834;DOC;;2019-05-31;
4579;B010845;DOC;;2019-06-03;
4580;B013148;DOC;;2019-06-03;
4581;B014116;DOC;;2019-06-03;
4582;B014115;DOC;;2019-06-03;
4583;B014108;DOC;;2019-06-03;
4584;B014109;DOC;;2019-06-03;
4585;B014110;DOC;;2019-06-03;
4586;B014111;DOC;;2019-06-03;
4587;B014113;DOC;;2019-06-03;
4588;B014098;DOC;;2019-06-03;
4588;B018275;DOC;;2019-06-10;* Catégorie=«23C» * UA=«DOC»
4589;B014097;DOC;;2019-06-03;
4589;B014750;DOC;;2019-06-03;* Cote=«641.5»
4590;B014122;DOC;;2019-05-31;
4591;B014120;DOC;;2019-05-31;
4592;B014119;DOC;;2019-05-31;
4593;B014130;DOC;;2019-05-31;* Cote=«394.26»
4594;B014129;DOC;;2019-05-31;
4595;B014125;DOC;;2019-06-03;
4596;B014128;DOC;;2019-06-03;
4597;B008214;DOC;;2019-06-10;
4598;B014164;DOC;;2019-06-03;
4599;B014165;DOC;;2019-06-03;
4600;B014167;DOC;;2019-05-31;
4601;B014166;DOC;;2019-06-03;
4602;B014170;DOC;;2019-06-03;
4603;B014169;DOC;;2019-06-03;
4604;B014168;DOC;;2019-05-31;
4605;B014172;DOC;;2019-06-03;* Cote=«720»
4606;B014171;DOC;;2019-06-03;
4607;B014173;DOC;;2019-06-03;
4608;B014155;DOC;;2019-06-03;
4609;B014156;DOC;;2019-06-03;
4610;B014157;DOC;;2019-06-03;
4611;B014158;DOC;;2019-06-03;
4612;B014159;DOC;;2019-06-03;
4613;B014160;DOC;;2019-06-03;
4614;B014161;DOC;;2019-06-03;
4615;B014162;DOC;;2019-06-03;
4616;B014163;DOC;;2019-06-03;
4617;B014289;DOC;;2019-05-31;
4618;B014292;DOC;;2019-05-31;
4619;B014291;DOC;;2019-05-31;
4620;B014293;DOC;;2019-05-31;
4621;B014290;DOC;;2019-05-31;
4622;B014301;DOC;;2019-06-03;
4623;B014302;DOC;;2019-06-03;
4624;B014341;DOC;;2019-06-03;
4625;B014331;DOC;;2019-06-03;
4626;B014336;DOC;;2019-06-03;
4627;B014340;DOC;;2019-06-03;
4628;B014338;DOC;;2019-05-31;* Cote=«508»
4629;B014337;DOC;;2019-05-31;
4630;B014339;DOC;;2019-05-31;
4631;B014367;DOC;;2019-06-03;* Cote=«569.9»
4632;B014107;DOC;;2019-06-03;
4633;B014465;DOC;;2019-06-03;
4634;B014467;DOC;;2019-06-03;
4635;B014466;DOC;;2019-06-03;
4636;B014463;DOC;;2019-05-31;* Cote=«338.542»
4637;B014461;DOC;;2019-06-03;
4638;B014468;DOC;;2019-05-31;
4639;B014462;DOC;;2019-06-03;
4640;B014477;DOC;;2019-05-31;
4641;B014478;DOC;;2019-05-31;
4642;B014479;DOC;;2019-06-03;
4643;B014480;DOC;;2019-06-03;
4644;B014481;DOC;;2019-06-03;
4645;B014483;DOC;;2019-06-03;
4646;B014475;DOC;;2019-06-03;
4647;B014474;DOC;;2019-06-03;
4648;B014473;DOC;;2019-06-03;
4649;B014476;DOC;;2019-06-03;
4650;B014568;DOC;;2019-05-31;
4651;B014570;DOC;;2019-05-31;
4652;B014569;DOC;;2019-06-03;
4653;B014567;DOC;;2019-05-31;
4654;B014566;DOC;;2019-05-31;
4655;B014565;DOC;;2019-05-31;
4656;B014546;DOC;;2019-05-31;
4657;B014547;DOC;;2019-05-31;
4658;B014548;DOC;;2019-05-31;
4659;B014549;DOC;;2019-05-31;
4660;B014550;DOC;;2019-05-31;
4661;B014551;DOC;;2019-05-31;
4662;B014552;DOC;;2019-05-31;
4663;B014553;DOC;;2019-05-31;
4664;B014554;DOC;;2019-05-31;
4665;B014555;ADU;1;;
4666;B014556;DOC;;2019-05-31;
4667;B014557;DOC;;2019-05-31;
4668;B014576;DOC;;2019-05-31;
4669;B014575;DOC;;;
4670;B014574;DOC;;2019-05-31;
4671;B014515;DOC;;2019-06-04;
4671;B015455;DOC;;2019-06-04;* UA=«DOC» * Cote=«796.962»
4672;B014514;DOC;;2019-06-04;
4672;B015419;DOC;;2019-06-04;
4672;B015423;DOC;;2019-06-04;
4673;B014516;DOC;;2019-06-04;
4673;B015418;DOC;;2019-06-04;
4673;B015417;DOC;;2019-06-04;
4673;B017052;DOC;;2019-06-04;
4674;B014513;DOC;;2019-06-04;
4675;B014517;DOC;;2019-06-04;
4675;B016955;DOC;;2019-06-04;
4676;B014503;DOC;;2019-05-31;* Cote=«398.2»
4677;B014614;DOC;;2019-06-03;
4678;B015403;DOC;;2019-06-03;
4679;B014619;DOC;;2019-06-03;
4680;B014620;DOC;;2019-06-03;
4681;B014625;DOC;;2019-06-03;
4682;B014535;DOC;;2019-05-31;
4683;B014534;DOC;;2019-05-31;
4683;B014818;DOC;;2019-05-31;
4684;B014496;DOC;;2019-06-10;* Catégorie=«23C» * UA=«DOC» * Cote=«100»
4685;B014504;DOC;;2019-05-31;
4686;B014440;DOC;;2019-06-03;
4687;B014446;DOC;;2019-05-31;
4688;B014573;DOC;;2019-05-31;
4689;B014526;DOC;;2019-05-31;
4690;B014571;DOC;;2019-05-31;
4691;B014562;DOC;;2019-06-03;
4692;B014563;DOC;;2019-06-03;
4693;B014561;DOC;;2019-05-31;
4694;B014677;DOC;;2019-05-31;
4695;B014680;DOC;;2019-05-31;
4696;B014678;DOC;;2019-05-31;
4697;B014679;DOC;;2019-05-31;
4698;B005725;DOC;;2019-06-03;
4699;B014572;DOC;;2019-05-31;
4700;B014558;DOC;;2019-06-03;
4701;B014532;DOC;;2019-05-31;* Cote=«507»
4702;B014668;DOC;;2019-06-03;
4703;B014628;DOC;;2019-06-03;
4704;B014626;DOC;;2019-06-03;
4705;B014634;DOC;;2019-06-03;
4706;B014633;DOC;;2019-05-31;
4707;B014632;DOC;;2019-06-03;
4708;B014640;DOC;;2019-05-31;
4709;B014637;DOC;;2019-05-31;
4710;B014638;DOC;;2019-05-31;
4711;B014639;DOC;;2019-06-03;
4712;B014635;DOC;;2019-05-31;
4713;B014636;DOC;;2019-05-31;
4714;B014630;DOC;;2019-06-03;
4715;B014629;DOC;;2019-06-03;
4716;B014445;DOC;;2019-06-03;
4717;B014443;DOC;;2019-06-03;
4718;B014442;DOC;;2019-05-31;
4719;B014441;DOC;;2019-06-03;
4720;B014685;DOC;;2019-05-31;
4721;B014687;DOC;;2019-06-03;
4722;B014493;DOC;;2019-06-03;
4723;B014492;DOC;;2019-06-03;
4724;B014528;DOC;;2019-06-03;
4725;B014662;DOC;;2019-06-03;
4726;B014616;DOC;;2019-06-03;
4727;B014484;DOC;;2019-06-03;
4728;B014491;DOC;;2019-06-03;
4729;B014579;DOC;;2019-06-03;
4730;B014485;DOC;;2019-05-31;
4731;B014488;DOC;;2019-05-31;
4732;B014523;DOC;;2019-05-31;
4733;B014530;DOC;;2019-05-31;
4734;B014529;DOC;;2019-05-31;* Cote=«398.209»
4735;B014494;DOC;;2019-05-31;
4736;B014498;DOC;;2019-05-31;
4737;B014684;DOC;;2019-05-31;
4738;B014124;DOC;;2019-06-03;
4739;B014927;DOC;;2019-06-03;
4740;B014691;DOC;;2019-06-03;* Cote=«613.2»
4741;B014761;DOC;;2019-06-03;
4742;B014760;DOC;;2019-06-03;
4743;B014762;DOC;;2019-06-03;
4744;B014759;DOC;;2019-06-03;
4745;B014809;DOC;;2019-06-03;
4746;B014929;DOC;;2019-06-03;
4747;B014782;DOC;1;2019-06-03;* Catégorie=«23C» * UA=«DOC» * PRÊTÉ ou PERDU
4748;B014783;DOC;;2019-06-03;
4749;B014773;DOC;1;2019-06-03;* Catégorie=«23C» * UA=«DOC» * PRÊTÉ ou PERDU
4750;B014777;DOC;;2019-06-03;
4751;B014706;DOC;;2019-06-04;
4751;B014705;DOC;;2019-06-04;
4752;B014704;DOC;;2019-06-04;
4753;B014959;DOC;;2019-05-31;
4754;B014960;DOC;;2019-06-03;
4754;B017236;DOC;;2019-06-03;
4755;B014961;DOC;;2019-06-03;
4756;B014697;DOC;;2019-06-03;
4757;B015022;DOC;;2019-05-31;
4758;B015023;DOC;;2019-06-03;
4759;B015053;DOC;;2019-05-31;
4760;B015052;DOC;;2019-05-31;
4761;B015048;DOC;;2019-05-31;
4762;B015060;DOC;;2019-05-31;
4763;B015055;DOC;;2019-05-31;
4764;B015058;DOC;;2019-05-31;
4765;B015065;DOC;;2019-05-31;
4766;B015066;DOC;;2019-05-31;
4767;B015064;DOC;;2019-05-31;
4768;B015063;DOC;;2019-05-31;
4769;B015069;DOC;;2019-05-31;
4770;B015068;DOC;;2019-05-31;
4771;B015067;DOC;;2019-05-31;
4772;B015050;DOC;;2019-05-31;
4773;B015059;DOC;;2019-05-31;
4774;B015057;DOC;;2019-05-31;
4775;B015047;DOC;;2019-05-31;
4776;B014940;DOC;;2019-06-03;
4777;B014939;DOC;;2019-06-03;
4778;B015049;DOC;;2019-05-31;
4779;B015051;DOC;;2019-05-31;
4780;B015054;DOC;;2019-06-03;
4781;B015056;DOC;;2019-05-31;
4782;B015077;DOC;;2019-06-03;
4783;B015076;DOC;;2019-06-03;
4784;B015080;DOC;;2019-06-03;
4785;B015081;DOC;;2019-06-03;
4786;B015082;DOC;;2019-05-31;
4787;B015079;DOC;;2019-06-03;
4788;B015145;DOC;;2019-06-03;
4789;B015131;DOC;;2019-06-03;
4789;B015132;DOC;;2019-06-03;
4790;B015121;DOC;;2019-06-03;
4791;B015124;DOC;;2019-06-03;
4791;B016967;DOC;;2019-06-03;
4792;B015123;DOC;;2019-06-03;
4792;B016969;DOC;;2019-06-03;
4792;B017696;DOC;;2019-06-03;
4793;B015159;DOC;;2019-06-03;
4794;B015158;DOC;;2019-06-03;
4795;B015151;DOC;;2019-05-31;
4796;B015157;DOC;;2019-06-03;
4797;B015152;DOC;;2019-06-03;
4798;B015153;DOC;;2019-06-03;
4799;B015154;DOC;;2019-06-03;
4800;B015155;DOC;;2019-06-03;
4801;B015114;DOC;;2019-05-31;
4802;B015128;DOC;;2019-06-03;
4803;B015028;DOC;;2019-05-31;* Cote=«338.477»
4804;B015027;DOC;;2019-05-31;
4805;B015025;DOC;;2019-05-31;
4806;B015026;DOC;;2019-05-31;
4807;B015029;DOC;;2019-05-31;
4808;B015030;DOC;;2019-05-31;
4809;B015031;DOC;;2019-05-31;
4810;B015032;DOC;;2019-06-03;* Cote=«641.65»
4811;B014970;DOC;;2019-05-31;
4812;B014765;DOC;;2019-05-31;
4813;B014764;DOC;;2019-06-03;
4814;B014767;DOC;;2019-06-03;
4815;B014763;DOC;;2019-05-31;
4816;B014963;DOC;;2019-05-31;
4816;B017701;DOC;;2019-05-31;
4817;B014967;DOC;;2019-06-03;
4818;B014755;DOC;;2019-06-03;
4819;B014527;DOC;;2019-05-31;
4820;B014518;DOC;;2019-06-06;* Catégorie=«23C» * UA=«DOC»
4821;B015078;DOC;;2019-06-03;
4822;B015139;DOC;;2019-06-03;
4823;B015140;DOC;;2019-06-03;
4824;B015143;DOC;;2019-06-03;
4825;B015130;DOC;;2019-05-31;
4826;B015160;DOC;;2019-06-03;
4827;B014729;DOC;;2019-06-03;
4828;B015186;ADU;1;;
4829;B015187;DOC;;2019-05-31;
4830;B015181;DOC;;2019-05-31;
4831;B015182;DOC;;2019-05-31;
4832;B015249;DOC;;2019-06-03;
4833;B015250;DOC;;2019-05-31;
4834;B015251;DOC;;2019-06-03;
4835;B015252;DOC;;2019-06-03;
4836;B015211;DOC;;2019-06-03;* Cote=«720»
4837;B015245;DOC;;2019-05-31;* Cote=«070.5»
4838;B015246;DOC;;2019-05-31;
4839;B015247;DOC;;2019-06-03;
4840;B015248;DOC;;2019-06-03;
4841;B015244;DOC;;2019-06-03;
4842;B015213;DOC;;2019-05-31;
4843;B015201;DOC;;2019-05-31;
4844;B015206;DOC;;2019-06-03;
4845;B015210;DOC;;2019-06-03;
4846;B015208;DOC;;2019-06-03;
4847;B015207;DOC;;2019-06-03;
4848;B015205;DOC;;2019-05-31;
4849;B014779;DOC;;2019-05-31;
4850;B014743;DOC;;2019-06-03;
4851;B015224;DOC;;2019-06-03;
4852;B014464;DOC;;2019-05-31;
4853;B015343;DOC;;2019-06-03;
4854;B014778;DOC;;2019-05-31;
4855;B014766;DOC;;2019-06-03;
4856;B014768;DOC;;2019-05-31;
4857;B014770;DOC;;2019-06-03;
4858;B014771;DOC;;2019-06-03;
4859;B014756;DOC;;2019-06-03;
4860;B014758;DOC;;2019-06-03;
4861;B014757;DOC;;2019-06-03;
4862;B015326;DOC;;2019-05-31;
4863;B015328;DOC;;2019-06-03;
4864;B015323;DOC;;2019-06-03;
4865;B015288;DOC;;2019-06-03;
4866;B015304;DOC;;2019-06-03;
4867;B015306;DOC;;2019-06-03;
4868;B015303;DOC;;2019-06-03;
4869;B015324;DOC;;2019-06-03;
4870;B015325;DOC;;2019-06-03;
4871;B015310;DOC;;2019-06-03;* Cote=«597.56»
4872;B015312;DOC;;2019-06-03;
4873;B015313;DOC;;2019-06-03;
4874;B015314;DOC;;2019-06-03;
4875;B015316;DOC;;2019-06-03;
4876;B015320;DOC;;2019-06-03;
4877;B015319;DOC;;2019-06-03;
4878;B015318;DOC;;2019-06-03;
4879;B015317;DOC;;2019-06-03;
4880;B015351;DOC;;2019-05-31;
4881;B015223;DOC;;2019-06-03;
4882;B015222;DOC;;2019-06-03;
4883;B015221;DOC;;2019-06-03;
4884;B015220;DOC;;2019-06-03;
4885;B015219;DOC;;;
4886;B015452;DOC;;2019-06-04;
4887;B015436;DOC;;2019-06-04;
4887;B015437;DOC;;2019-06-04;
4887;B015413;DOC;;2019-06-04;
4888;B015426;DOC;;2019-06-04;
4888;B015427;DOC;;2019-06-04;
4888;B016155;DOC;;2019-06-04;
4889;B015414;DOC;;2019-06-04;
4889;B015431;DOC;;2019-06-04;
4889;B015432;DOC;;2019-06-04;
4890;B015439;DOC;;2019-06-04;
4890;B015422;DOC;;2019-06-04;
4890;B015421;DOC;;2019-06-04;
4890;B015438;DOC;;2019-06-04;
4891;B015424;DOC;;2019-06-04;
4891;B017159;DOC;;2019-06-04;
4892;B015430;DOC;;2019-06-04;
4892;B015416;DOC;;2019-06-04;
4893;B015420;DOC;;2019-06-04;
4893;B015435;DOC;;2019-06-04;
4893;B015433;DOC;;2019-06-04;
4893;B015434;DOC;;2019-06-04;
4894;B015138;DOC;;2019-06-03;
4895;B015384;DOC;;2019-05-31;* Cote=«398.45»
4896;B015385;DOC;;2019-05-31;
4897;B015386;DOC;;2019-05-31;* Cote=«398.45»
4898;B015383;DOC;;2019-06-03;
4899;B015299;DOC;;2019-06-03;
4900;B015300;DOC;;2019-06-03;
4901;B015301;DOC;;2019-06-03;
4902;B015292;DOC;;2019-05-31;
4903;B015376;DOC;;2019-06-03;
4904;B015527;DOC;;2019-06-03;
4905;B015620;DOC;;;
4906;B015542;DOC;;2019-06-03;
4906;B015540;DOC;;2019-06-03;
4907;B015541;DOC;;2019-06-03;
4908;B015539;DOC;;2019-06-03;
4909;B015565;DOC;;2019-05-31;
4910;B015544;DOC;;2019-06-03;
4910;B019211;DOC;;2019-06-03;* Cote=«629.224»
4911;B016441;DOC;;2019-06-03;* Cote=«629.227»
4911;B019210;DOC;;2019-06-03;* Cote=«629.227»
4912;B015543;DOC;;2019-06-03;
4913;B015692;DOC;;2019-06-03;
4914;B015694;DOC;;2019-06-03;
4914;B016327;DOC;;2019-06-03;
4915;B015693;DOC;;2019-06-03;
4915;B016596;DOC;;2019-06-03;
4916;B017683;DOC;;2019-06-03;
4917;B015561;DOC;;2019-06-03;
4918;B015655;DOC;;2019-05-31;* Cote=«398.22»
4919;B015370;DOC;;2019-05-31;* Cote=«398.45»
4920;B015371;DOC;;2019-05-31;
4921;B015406;DOC;;2019-06-03;
4921;B015407;DOC;1;;
4922;B015388;DOC;;2019-06-03;
4923;B015377;DOC;;2019-05-31;
4924;B015621;DOC;;2019-06-03;
4924;B016662;DOC;;2019-06-03;
4925;B015690;DOC;;2019-06-03;
4926;B015378;DOC;;2019-05-31;
4927;B015372;DOC;;2019-05-31;
4928;B015374;DOC;;2019-05-31;
4929;B015615;DOC;;;
4930;B015614;DOC;;2019-06-10;* Catégorie=«23C» * UA=«DOC» * Cote=«641.865»
4930;B016689;DOC;;2019-06-03;* Cote=«641.865»
4931;B015381;DOC;;2019-05-31;
4931;B017678;DOC;;2019-05-31;
4932;B015741;DOC;;2019-05-31;
4933;B015559;DOC;;2019-06-03;* Cote=«725.970»
4934;B015550;DOC;;2019-06-03;
4935;B015547;DOC;;2019-06-03;
4936;B015732;DOC;;2019-06-03;
4937;B015731;DOC;;2019-05-31;
4938;B015730;DOC;;2019-05-31;
4939;B015723;DOC;;2019-05-31;
4940;B015697;DOC;;2019-05-31;
4941;B015691;DOC;1;2019-06-04;* Catégorie=«23C» * UA=«DOC» * PRÊTÉ ou PERDU
4942;B015408;DOC;;2019-05-31;
4943;B015721;DOC;;2019-06-03;
4944;B015563;DOC;;2019-05-31;
4944;B016691;DOC;;2019-05-31;
4944;B017692;DOC;;2019-05-31;
4945;B015562;DOC;;2019-05-31;
4945;B016764;DOC;;2019-05-31;
4945;B017690;DOC;;2019-05-31;
4946;B015646;DOC;;2019-06-03;
4947;B015302;DOC;;2019-06-03;
4948;B015382;DOC;;2019-05-31;
4949;B015767;DOC;;2019-05-31;* Cote=«398.218»
4950;B015373;DOC;;2019-05-31;
4951;B015773;DOC;;2019-06-03;
4952;B015771;DOC;;2019-06-03;
4953;B015560;DOC;;2019-06-03;
4954;B015863;DOC;;2019-06-03;
4955;B015780;DOC;;2019-05-31;
4956;B015861;DOC;;2019-06-03;
4957;B015862;DOC;;2019-06-03;
4958;B015913;DOC;;2019-05-31;
4959;B015885;DOC;;2019-05-31;
4960;B015880;DOC;;2019-05-31;
4961;B015874;DOC;;2019-05-31;
4962;B015877;DOC;;2019-06-03;
4963;B015904;DOC;;2019-05-31;
4964;B015876;DOC;;2019-05-31;
4965;B015375;DOC;;2019-05-31;
4966;B014968;DOC;;2019-06-03;
4967;B015368;DOC;;2019-06-03;
4968;B015379;DOC;;2019-06-03;
4969;B015147;DOC;;2019-06-03;
4970;B015722;DOC;;2019-06-03;
4971;B014449;DOC;;2019-05-31;
4972;B015548;DOC;;2019-06-03;
4973;B014772;DOC;1;2019-06-03;* PRÊTÉ ou PERDU
4974;B015916;DOC;;2019-06-03;
4975;B015915;DOC;;2019-05-31;
4976;B015921;DOC;;2019-05-31;
4977;B015920;DOC;;2019-05-31;
4978;B015914;DOC;;2019-05-31;
4979;B015923;DOC;;2019-05-31;
4980;B015817;DOC;;2019-06-03;
4981;B015924;DOC;;2019-05-31;
4982;B015925;DOC;;2019-06-03;
4983;B015927;DOC;;2019-06-03;
4984;B015926;DOC;;2019-06-03;
4985;B015905;DOC;;2019-05-31;
4986;B015918;ADU;;2019-06-10;
4987;B015919;DOC;;2019-05-31;
4988;B015917;DOC;;2019-06-03;
4989;B015890;DOC;;2019-06-03;
4990;B015931;DOC;;2019-06-03;
4991;B015896;DOC;;2019-06-03;
4992;B015805;DOC;;2019-06-03;
4993;B015937;DOC;;2019-06-03;
4994;B016023;DOC;;2019-05-31;
4995;B016013;DOC;;2019-05-31;
4996;B016000;DOC;;2019-05-31;
4997;B016022;DOC;;2019-06-03;
4998;B016005;DOC;;2019-06-03;
4999;B016044;DOC;;2019-05-31;
5000;B011119;DOC;;2019-06-03;
5001;B014564;DOC;;2019-06-03;
5002;B014560;DOC;;2019-05-31;
5003;B016152;DOC;;2019-06-04;
5004;B016161;DOC;;2019-06-04;
5004;B016162;DOC;;2019-06-04;
5004;B017581;DOC;;2019-06-04;
5004;B017661;DOC;;2019-06-04;
5004;B017653;DOC;;2019-06-04;
5005;B016154;DOC;;2019-06-04;
5005;B016153;DOC;;2019-06-04;
5006;B016160;DOC;;2019-06-04;
5007;B016157;DOC;;2019-06-04;
5008;B016151;DOC;;2019-06-04;
5009;B016149;DOC;;2019-06-04;
5010;B016159;DOC;;2019-06-04;
5011;B016158;DOC;;2019-06-04;
5012;B016286;DOC;;2019-06-03;
5013;B016279;DOC;;2019-06-03;
5014;B016280;DOC;;2019-06-03;
5014;B016446;DOC;;2019-06-03;* Cote=«595.44»
5015;B016284;DOC;;2019-06-03;
5016;B016339;DOC;;2019-05-31;
5016;B018325;ADU;;2019-06-10;* Catégorie=«23C» * UA=«DOC»
5017;B016356;DOC;;2019-06-03;
5018;B016363;DOC;;2019-06-03;
5019;B016721;DOC;;;
5019;B017684;DOC;;2019-06-03;
5019;B016341;DOC;;2019-06-03;
5020;B016221;DOC;;2019-05-31;
5020;B016610;DOC;;2019-05-31;* Cote=«531.607»
5020;B018298;DOC;;2019-05-31;
5021;B016241;DOC;;2019-05-31;
5022;B016332;DOC;;2019-06-03;* Cote=«629.34»
5023;B016226;DOC;;2019-05-31;
5023;B018290;DOC;;2019-05-31;
5024;B016247;DOC;;2019-05-31;
5025;B016225;DOC;;2019-05-31;
5026;B016244;DOC;;2019-05-31;
5027;B016230;DOC;;2019-05-31;
5028;B016403;DOC;;2019-05-31;
5029;B016285;DOC;;2019-06-03;
5029;B016659;DOC;;2019-06-03;
5030;B016420;DOC;;2019-05-31;
5031;B016535;DOC;;2019-05-31;
5032;B016504;DOC;;2019-05-31;
5033;B016549;DOC;;2019-05-31;* Cote=«398.20»
5034;B016544;DOC;;2019-05-31;
5034;B017237;DOC;;2019-05-31;
5034;B018274;DOC;;2019-05-31;
5034;B019747;DOC;;2019-05-31;
5035;B016554;DOC;;2019-06-03;
5036;B016532;DOC;;2019-06-03;
5037;B016589;DOC;;2019-05-31;
5038;B016585;DOC;;2019-05-31;* Cote=«520.325»
5039;B016584;DOC;;2019-05-31;
5040;B016628;DOC;;2019-05-31;
5041;B016666;DOC;;2019-06-04;
5041;B017180;DOC;;2019-06-04;
5042;B016670;DOC;;2019-06-03;
5043;B016679;DOC;;2019-05-31;
5044;B016588;DOC;;2019-06-03;
5045;B016678;DOC;;2019-06-03;
5046;B016587;DOC;;2019-06-03;
5047;B016519;DOC;;2019-05-31;
5048;B016711;DOC;;2019-06-03;
5049;B016710;DOC;;2019-06-03;
5050;B016709;DOC;;2019-06-03;
5051;B016708;DOC;;2019-06-03;
5052;B016630;DOC;;2019-06-03;* Cote=«553.7»
5053;B016707;DOC;;2019-06-03;
5054;B016703;DOC;;2019-05-31;
5055;B016325;DOC;;2019-06-03;
5056;B016326;DOC;;2019-06-03;* Catégorie=«1C»
5057;B016324;DOC;;2019-06-03;
5058;B016323;DOC;;2019-05-31;
5058;B017239;DOC;;2019-05-31;
5059;B016322;DOC;;2019-06-03;
5059;B018288;DOC;;2019-06-03;
5060;B016739;DOC;;2019-05-31;
5061;B016733;DOC;;2019-06-03;
5062;B016644;DOC;;2019-06-03;
5063;B016428;DOC;;2019-06-03;
5064;B016429;DOC;;2019-06-03;
5065;B016421;DOC;;2019-06-03;
5066;B016763;DOC;;2019-05-31;
5067;B016765;DOC;;2019-05-31;
5067;B017691;DOC;;2019-05-31;
5068;B016767;DOC;;2019-06-03;
5069;B016761;DOC;;2019-06-03;
5070;B016823;DOC;;2019-05-31;
5071;B016890;DOC;;2019-06-03;
5072;B016893;DOC;;2019-05-31;
5073;B016892;DOC;;2019-05-31;
5074;B016899;DOC;;2019-06-06;* Catégorie=«23C» * UA=«DOC»
5075;B016904;DOC;;2019-05-31;
5076;B016902;DOC;;2019-06-03;
5077;B016903;DOC;;2019-06-03;
5078;B016914;DOC;;2019-05-31;
5079;B016912;DOC;;2019-05-31;* Cote=«495.682»
5080;B016915;DOC;;2019-06-03;
5081;B016874;DOC;;2019-05-31;
5082;B016875;DOC;;2019-05-31;
5083;B016923;DOC;;2019-05-31;
5084;B016924;DOC;;2019-06-03;
5085;B016925;DOC;;2019-05-31;
5086;B016935;DOC;;2019-05-31;
5087;B016938;DOC;;2019-06-03;
5088;B016953;DOC;;2019-06-03;
5089;B016968;DOC;;2019-05-31;
5090;B016921;DOC;;2019-05-31;
5091;B016933;DOC;;2019-05-31;
5092;B016922;DOC;;;
5093;B016932;DOC;;2019-06-03;
5094;B017271;DOC;;2019-06-03;
5095;B017669;DOC;;2019-05-31;
5096;B016877;DOC;;2019-06-03;
5097;B017139;DOC;;2019-05-31;
5098;B017140;DOC;;2019-05-31;
5099;B017137;DOC;;2019-05-31;
5100;B017138;DOC;;2019-05-31;
5101;B017099;DOC;;2019-06-03;
5101;B017365;DOC;;2019-06-03;
5102;B017098;DOC;;2019-06-03;
5103;B016940;DOC;;2019-06-03;
5104;B016939;DOC;;2019-06-03;
5105;B017160;DOC;;2019-06-04;
5106;B017162;DOC;;2019-06-04;
5107;B016952;DOC;;2019-06-03;
5108;B016946;DOC;;2019-05-31;
5109;B016926;DOC;;2019-05-31;
5110;B016927;DOC;;2019-05-31;
5111;B016929;DOC;;2019-05-31;
5112;B016928;DOC;;2019-05-31;
5113;B016930;DOC;;2019-05-31;
5114;B016934;DOC;;2019-06-03;
5115;B016931;DOC;;2019-05-31;* Cote=«299.713»
5116;B017065;DOC;;2019-06-03;
5117;B017028;DOC;;2019-06-03;
5118;B017006;DOC;;2019-06-03;
5119;B017194;DOC;;2019-05-31;
5120;B017196;DOC;;2019-05-31;
5121;B017199;DOC;;2019-05-31;
5121;B017074;DOC;;2019-05-31;
5122;B017200;DOC;;2019-05-31;
5123;B017198;DOC;;2019-05-31;
5124;B017195;DOC;;2019-05-31;
5125;B017201;DOC;;2019-06-03;
5125;B018040;DOC;;2019-06-03;
5126;B017197;DOC;;2019-05-31;
5127;B017221;DOC;;2019-06-03;
5128;B017222;DOC;;2019-06-03;
5129;B017263;DOC;;2019-06-03;
5130;B017264;DOC;;2019-05-31;
5131;B017119;DOC;;2019-06-03;
5131;B018071;DOC;;2019-06-03;
5132;B017120;DOC;;2019-05-31;
5133;B017070;DOC;;2019-06-03;
5134;B017068;DOC;;2019-05-31;
5135;B017230;DOC;;2019-06-03;
5135;B017695;DOC;;2019-06-03;
5135;B018236;DOC;;2019-06-03;
5136;B017229;DOC;;2019-06-03;
5136;B017694;DOC;;2019-06-03;
5137;B017228;DOC;;2019-06-03;
5137;B017693;DOC;;2019-06-03;
5137;B018235;DOC;;2019-06-03;
5138;B017097;DOC;;2019-06-03;
5139;B017110;DOC;;2019-06-03;
5140;B017111;DOC;;2019-06-03;* Cote=«967 .0»
5141;B017108;DOC;;2019-05-31;
5142;B017073;DOC;;2019-06-03;
5143;B017027;DOC;;2019-06-03;
5144;B016582;DOC;;2019-06-03;
5145;B017072;DOC;;2019-06-03;
5146;B017013;DOC;;2019-06-03;
5147;B017029;DOC;;2019-06-03;
5148;B017026;DOC;;2019-06-03;
5149;B017030;DOC;;2019-06-03;
5150;B017284;DOC;;2019-06-03;
5151;B017550;DOC;;2019-06-10;
5151;B017580;DOC;;2019-06-04;
5151;B017549;DOC;;2019-06-04;
5152;B017557;DOC;;2019-06-04;
5152;B017565;DOC;;2019-06-04;
5152;B017573;DOC;;2019-06-04;
5153;B017654;DOC;;2019-06-04;
5153;B017662;DOC;;2019-06-04;
5153;B017649;DOC;;2019-06-04;
5154;B017682;DOC;;2019-06-03;
5155;B017672;DOC;;2019-06-03;
5156;B017372;DOC;;2019-05-31;
5157;B017380;DOC;;2019-06-03;
5158;B017337;DOC;;2019-06-03;* Cote=«968.065»
5159;B017686;DOC;;2019-06-03;
5160;B017680;DOC;;2019-05-31;
5161;B017364;DOC;;2019-06-03;
5162;B017220;DOC;;2019-06-03;
5163;B017112;DOC;;2019-06-03;
5164;B017685;DOC;1;;
5165;B017666;DOC;;2019-05-31;
5166;B017667;DOC;;2019-05-31;
5167;B017702;DOC;;2019-05-31;
5168;B017700;DOC;;2019-05-31;
5168;B018430;DOC;;2019-05-31;* Cote=«152.47»
5169;B017289;DOC;;2019-06-03;
5170;B016515;DOC;;2019-06-03;
5171;B017346;DOC;;2019-05-31;
5172;B017382;DOC;;2019-05-31;
5172;B017351;DOC;;2019-05-31;
5173;B017374;DOC;;2019-05-31;
5174;B017970;DOC;;2019-06-10;* Catégorie=«23C» * UA=«DOC»
5175;B017962;DOC;;2019-06-10;* Catégorie=«23C» * UA=«DOC»
5176;B017681;DOC;;2019-06-03;
5177;B017994;DOC;;2019-06-03;
5178;B018041;DOC;;2019-06-04;
5179;B018049;DOC;;2019-06-04;
5180;B018057;DOC;;2019-06-03;
5181;B018048;DOC;;2019-06-03;
5182;B018033;DOC;;2019-06-03;
5183;B018064;DOC;;2019-06-03;* Cote=«895.68»
5184;B018056;DOC;;2019-06-03;
5185;B018069;DOC;;2019-06-03;
5186;B018085;DOC;;2019-06-03;
5187;B018093;DOC;;2019-06-03;
5188;B018101;DOC;;2019-06-03;
5189;B018100;DOC;;2019-06-03;
5190;B018070;DOC;;2019-06-03;
5191;B018078;DOC;;2019-06-03;
5192;B018068;DOC;;2019-06-03;
5193;B018076;DOC;;2019-06-03;
5194;B018094;DOC;;2019-06-03;
5195;B018102;DOC;;2019-06-03;
5196;B018079;DOC;;2019-06-03;
5197;B018087;DOC;;2019-06-03;
5198;B018103;DOC;;2019-06-03;
5199;B018095;DOC;;2019-06-03;
5200;B018077;DOC;;2019-06-10;* Catégorie=«23C» * UA=«DOC»
5201;B018061;DOC;;2019-06-03;
5202;B018063;DOC;;2019-06-03;
5203;B018084;DOC;;2019-06-03;
5204;B018092;DOC;;2019-06-03;
5205;B018031;DOC;1;;
5206;B018072;DOC;;2019-05-31;
5207;B018251;DOC;;2019-05-31;
5208;B018303;DOC;;2019-05-31;
5209;B018381;DOC;;2019-05-31;
5210;B018378;DOC;;2019-06-03;
5211;B018377;DOC;;2019-06-03;
5212;B018376;DOC;;2019-06-03;
5213;B018073;DOC;;2019-06-03;
5214;B018053;DOC;;2019-06-03;
5215;B018066;DOC;;2019-06-03;* Cote=«940.53»
5216;B018312;DOC;;2019-05-31;
5217;B018349;DOC;;2019-06-06;* Catégorie=«23C» * UA=«DOC»
5218;B018285;DOC;;2019-06-03;
5218;B018892;DOC;;2019-06-03;
5218;B018893;DOC;;2019-06-03;
5219;B018226;DOC;;2019-06-04;
5219;B018227;DOC;;2019-06-04;
5220;B018270;DOC;;2019-06-03;* Cote=«904 43»
5221;B018267;DOC;;2019-06-03;
5222;B018277;DOC;;2019-05-31;
5223;B018231;DOC;;2019-06-10;* Catégorie=«23C» * UA=«DOC»
5224;B018407;DOC;;2019-06-10;* Catégorie=«23C» * UA=«DOC»
5225;B018432;DOC;;2019-05-31;* Cote=«034.1»
5225;B018431;DOC;;2019-05-31;
5225;B018233;DOC;;2019-05-31;
5226;B018433;DOC;1;;
5226;B018234;DOC;;2019-05-31;
5227;B018232;DOC;;2019-05-31;
5228;B018243;DOC;1;2019-06-13;* Catégorie=«23C» * UA=«DOC» * PRÊTÉ ou PERDU
5229;B018242;DOC;1;2019-06-03;* Catégorie=«23C» * UA=«DOC» * PRÊTÉ ou PERDU
5230;B018276;DOC;;2019-05-31;
5231;B018273;DOC;;2019-06-10;* Catégorie=«23C» * UA=«DOC»
5232;B018114;DOC;1;2019-06-13;* Catégorie=«23C» * UA=«DOC» * PRÊTÉ ou PERDU
5233;B018440;DOC;;2019-05-31;
5234;B018111;DOC;;2019-05-31;
5235;B018272;DOC;;2019-05-31;
5236;B018271;DOC;;2019-06-03;* Cote=«688.72»
5237;B018385;DOC;;2019-06-03;
5238;B018107;DOC;;2019-06-03;
5239;B018319;DOC;;2019-06-03;
5240;B018338;DOC;;2019-05-31;
5241;B018464;DOC;;2019-06-03;
5242;B018460;DOC;;2019-05-31;
5243;B018453;DOC;;2019-05-31;
5244;B018454;DOC;;2019-06-03;
5245;B018321;DOC;;2019-05-31;
5246;B018122;DOC;;2019-06-03;
5247;B018339;DOC;;2019-06-03;
5248;B018269;DOC;;2019-06-03;
5249;B018465;DOC;;2019-06-03;
5250;B018469;DOC;;2019-06-03;
5251;B018462;DOC;;2019-06-03;
5252;B018350;DOC;;2019-06-03;
5253;B018230;DOC;;2019-05-31;* Cote=«398.4»
5254;B018237;DOC;;2019-06-03;
5255;B018491;DOC;;2019-06-06;* Catégorie=«23C» * UA=«DOC» * Cote=«609 87»
5256;B018490;DOC;;2019-06-06;* Catégorie=«23C» * UA=«DOC» * Cote=«390 87»
5257;B018514;DOC;;2019-05-31;
5258;B018507;DOC;;2019-05-31;
5258;B019166;DOC;;2019-05-31;
5259;B018517;DOC;;2019-05-31;
5260;B018495;DOC;;2019-06-03;
5260;B018894;DOC;;2019-06-03;
5261;B018521;DOC;;2019-05-31;
5262;B018518;DOC;;2019-05-31;
5263;B018613;DOC;;2019-06-03;
5264;B018537;DOC;;2019-05-31;
5265;B018653;DOC;;2019-06-03;
5266;B018654;DOC;;2019-06-03;
5267;B018579;DOC;;2019-06-03;
5268;B018732;DOC;;2019-06-03;
5269;B018761;DOC;;2019-05-31;* Cote=«0.34»
5270;B018859;DOC;;2019-05-31;
5271;B019016;DOC;;2019-06-03;
5272;B018876;DOC;;2019-05-31;
5273;B018919;DOC;1;;
5274;B019110;DOC;;2019-06-03;
5275;B019108;DOC;;2019-06-03;
5276;B018406;DOC;;2019-06-10;* Catégorie=«23C» * UA=«DOC»
5277;B019105;DOC;;2019-06-03;
5278;B019111;DOC;;2019-06-03;
5279;B019107;DOC;;2019-06-03;
5280;B019131;DOC;;2019-06-03;
5281;B019085;DOC;;2019-06-03;
5282;B018898;DOC;;2019-06-04;
5282;B018897;DOC;;2019-06-04;
5282;B018899;DOC;;2019-06-04;
5283;B018902;DOC;;2019-06-04;
5283;B018901;DOC;;2019-06-04;
5283;B018900;DOC;;2019-06-04;
5284;B018925;DOC;;2019-06-03;
5285;B018926;DOC;;2019-06-03;
5285;B019744;DOC;;2019-06-03;
5286;B018927;DOC;;2019-06-03;
5287;B018928;DOC;;2019-06-03;* Cote=«746.432»
5288;B018931;DOC;;2019-06-03;
5289;B018932;DOC;;2019-06-03;
5290;B018896;DOC;;2019-06-03;
5291;B018888;DOC;;2019-06-03;
5292;B018895;DOC;;2019-06-03;
5293;B018999;DOC;;2019-06-10;* Catégorie=«23C» * UA=«DOC»
5294;B018998;DOC;;2019-06-10;* Catégorie=«23C» * UA=«DOC»
5295;B019008;DOC;;2019-06-03;
5296;B019023;DOC;;2019-05-31;
5297;B019029;DOC;;2019-06-03;
5298;B019014;DOC;;2019-06-03;
5299;B019027;DOC;;2019-06-10;* Catégorie=«23C» * UA=«DOC» * Cote=«745.594»
5300;B019022;DOC;;2019-06-03;
5301;B019040;DOC;;2019-06-03;
5302;B019034;DOC;;2019-06-03;
5303;B019042;DOC;;2019-06-03;
5304;B019041;DOC;;;
5305;B019033;DOC;;2019-06-03;
5306;B019032;DOC;;2019-06-03;
5307;B019036;DOC;;2019-06-03;
5308;B019044;DOC;;;
5309;B019035;DOC;;2019-06-03;
5310;B019038;DOC;;2019-06-03;
5311;B019039;DOC;;2019-06-03;
5312;B019043;DOC;;2019-06-03;
5313;B019258;DOC;;2019-06-03;
5314;B019175;DOC;;2019-05-31;
5315;B019274;DOC;;2019-06-03;
5316;B019167;DOC;;2019-06-03;
5317;B019165;DOC;;2019-06-03;
5318;B019277;DOC;;2019-06-03;
5319;B019450;DOC;;2019-05-31;
5320;B019451;DOC;;2019-05-31;
5321;B019437;DOC;;2019-05-31;
5321;B019885;DOC;;2019-05-31;
5322;B019438;DOC;;2019-05-31;
5322;B019886;DOC;;2019-05-31;
5323;B019456;DOC;;2019-05-31;
5323;B019869;DOC;;2019-05-31;
5324;B019436;DOC;;2019-05-31;
5325;B019434;DOC;;2019-05-31;
5326;B019435;DOC;;2019-05-31;
5327;B019440;DOC;;2019-05-31;
5327;B019888;DOC;;2019-05-31;
5328;B019439;DOC;;2019-05-31;
5328;B019887;DOC;;2019-05-31;
5329;B019454;DOC;;2019-05-31;
5330;B019356;DOC;;2019-06-03;
5331;B019357;DOC;;2019-06-03;
5332;B019528;DOC;;2019-06-05;* Catégorie=«23C» * UA=«DOC» * Cote=«398.45»
5333;B019532;DOC;;2019-05-31;
5334;B019531;DOC;;2019-05-31;
5335;B019529;DOC;;2019-05-31;* Cote=«533.68»
5335;B019336;DOC;;2019-05-31;
5336;B019530;DOC;;2019-05-31;* Cote=«553.7»
5336;B019335;DOC;;2019-06-03;
5337;B019502;DOC;;2019-06-03;
5337;B019501;DOC;;2019-06-03;
5338;B019520;DOC;;2019-05-31;
5339;B019511;DOC;;2019-05-31;* Cote=«507.853»
5340;B019420;DOC;;2019-05-31;
5341;B019315;DOC;;2019-06-03;
5342;B019314;DOC;;2019-05-31;
5343;B019311;DOC;;2019-06-03;* Cote=«607.34»
5344;B019312;DOC;;2019-06-03;
5345;B019308;DOC;;2019-06-03;
5346;B019316;DOC;;2019-06-03;
5347;B019301;DOC;;2019-06-03;
5348;B019304;DOC;;2019-06-03;
5349;B019303;DOC;;2019-06-03;
5350;B019302;DOC;;2019-06-03;
5351;B019306;DOC;;2019-06-03;
5352;B019307;DOC;;2019-06-03;
5353;B019305;DOC;;2019-06-03;
5354;B019333;DOC;;2019-05-31;
5355;B019334;DOC;;2019-05-31;* Cote=«541.39»
5356;B019300;DOC;;2019-06-03;
5357;B019310;DOC;;2019-06-03;
5358;B019309;DOC;1;;
5359;B019489;DOC;;2019-06-03;
5360;B019490;DOC;;2019-06-03;
5361;B019488;DOC;;2019-06-03;
5362;B019491;DOC;;2019-06-03;
5363;B019487;DOC;;2019-05-31;* Cote=«818.6»
5364;B019494;DOC;;2019-06-03;
5365;B019447;DOC;;2019-06-03;
5366;B019341;DOC;1;2019-06-12;* Catégorie=«23C» * UA=«DOC» * Cote=«177.627» * PRÊTÉ ou PERDU
5367;B005045;ROM;;2019-06-10;
5368;B002001;ROM;;2019-06-03;
5369;B002004;ROM;;2019-06-03;
5370;B001998;ROM;;2019-06-03;
5371;B002025;ROM;;2019-06-03;* Cote=«R ARD»
5372;B002022;ROM;;2019-06-03;
5372;B017225;ROM;;2019-06-03;
5373;B002019;ROM;;2019-06-04;
5374;B002037;ROM;;2019-06-03;* Cote=«R AYM»
5375;B002016;ROM;;2019-06-04;
5376;B002034;ROM;;2019-06-03;* Cote=«R ARR»
5377;B002032;ROM;;2019-06-04;
5378;B002029;ROM;;2019-06-04;
5379;B002035;ROM;;2019-06-04;
5380;B002038;ROM;;2019-06-04;
5381;B002033;ROM;;2019-06-04;
5382;B002010;ROM;;2019-06-04;
5383;B002020;ROM;;2019-06-04;
5384;B002023;ROM;;2019-06-04;
5385;B002017;ROM;;2019-06-04;
5386;B002015;ROM;;2019-06-04;
5387;B002012;ROM;;2019-06-04;
5388;B002061;ROM;;2019-06-04;
5389;B002055;ROM;;2019-06-04;
5390;B002052;ROM;;2019-06-04;
5391;B002043;ROM;;2019-06-04;
5392;B002041;ROM;;2019-06-04;* Cote=«R BOI»
5393;B002047;ROM;;2019-06-04;* Cote=«R BOI»
5394;B002054;ROM;;2019-06-04;* Cote=«R BOI»
5395;B002057;ROM;;2019-06-04;* Cote=«R BOI»
5396;B002051;ROM;;2019-06-04;
5397;B002045;ROM;;2019-06-04;
5398;B002093;ROM;;2019-06-04;
5399;B013465;ROM;;2019-06-04;
5400;B002070;ROM;;2019-06-04;
5401;B002092;ROM;;2019-06-04;
5402;B002072;ROM;;2019-06-04;
5403;B002078;ROM;;2019-06-04;
5404;B002111;ROM;;2019-06-04;
5405;B002120;ROM;;2019-06-04;
5406;B002123;ROM;;2019-06-04;
5407;B002130;ROM;;2019-06-04;
5408;B002136;ROM;;2019-06-10;
5409;B002139;ROM;;2019-06-04;
5410;B002145;ROM;;2019-06-04;
5411;B002154;ROM;;2019-06-04;
5412;B002157;ROM;;2019-06-04;
5413;B002158;ROM;;2019-06-04;
5413;B013713;ROM;;2019-06-04;
5414;B002155;ROM;;2019-06-04;
5415;B002149;ROM;;2019-06-04;
5416;B002146;ROM;;2019-06-04;
5417;B002137;ROM;;2019-06-10;
5418;B002131;ROM;;2019-06-04;
5419;B013074;ROM;;2019-06-04;
5419;B013075;ROM;;2019-06-04;
5420;B002156;ROM;;2019-06-04;
5421;B002144;ROM;;2019-06-04;
5422;B002147;ROM;;2019-06-04;
5423;B002182;ROM;;2019-06-04;
5424;B002166;ROM;;2019-06-04;
5425;B002169;ROM;;2019-06-04;
5426;B002183;ROM;;2019-06-04;
5427;B002165;ROM;;2019-06-04;
5428;B002168;ROM;;2019-06-04;
5429;B002194;ROM;;2019-06-04;
5430;B002200;ROM;;2019-06-04;
5431;B002204;ROM;;2019-06-04;
5432;B002192;ROM;;2019-06-04;
5433;B002235;ROM;;2019-06-04;
5434;B002233;ROM;;2019-06-04;
5435;B002230;ROM;;2019-06-04;* Catégorie=«23C» * UA=«ROM»
5435;B009859;ROM;;2019-06-04;* Catégorie=«23C» * UA=«ROM»
5436;B002221;ROM;;2019-06-04;* Catégorie=«23C» * UA=«ROM»
5436;B002227;ROM;1;;
5437;B002246;ROM;1;;
5438;B002243;ROM;;2019-06-04;* Catégorie=«23C» * UA=«ROM»
5438;B010766;ROM;1;2019-06-06;* Catégorie=«23C» * UA=«ROM» * Cote=«R DEM» * PRÊTÉ ou PERDU
5438;B011798;ROM;1;2019-06-06;* Catégorie=«23C» * UA=«ROM» * Cote=«R DEM» * PRÊTÉ ou PERDU
5439;B002231;ROM;;2019-06-04;
5440;B002271;ROM;;2019-06-04;
5440;B011800;ROM;;2019-06-04;
5442;B002267;ROM;;2019-06-04;
5443;B002255;ROM;;2019-06-04;
5443;B011717;ROM;;2019-06-04;
5444;B002252;ROM;;2019-06-04;
5444;B011716;ROM;;2019-06-04;
5445;B002304;ROM;;2019-06-04;
5446;B002301;ROM;;2019-06-04;
5447;B002298;ROM;;2019-06-04;
5448;B002306;ROM;;2019-06-04;
5449;B002300;ROM;;2019-06-04;
5450;B002297;ROM;;2019-06-04;
5451;B002334;ROM;;2019-06-04;
5451;B013282;ROM;;2019-06-04;
5452;B002282;ROM;;2019-06-04;
5453;B002288;ROM;;2019-06-06;* Catégorie=«23C» * UA=«ROM» * Cote=«R FER»
5454;B002316;ROM;;2019-06-04;
5454;B002319;ROM;;2019-06-04;
5455;B002338;ROM;;2019-06-04;
5455;B011742;ROM;;2019-06-04;
5456;B011741;ROM;;2019-06-04;
5457;B002335;ROM;;2019-06-04;
5457;B011748;ROM;;2019-06-04;
5458;B002313;ROM;;2019-06-04;
5458;B011744;ROM;;2019-06-04;
5458;B011838;ROM;;2019-06-04;
5458;B013982;ROM;;2019-06-04;
5459;B002322;ROM;;2019-06-04;
5460;B011171;ROM;;2019-06-04;
5461;B002323;ROM;;2019-06-04;
5462;B002294;ROM;;2019-06-04;
5463;B002333;ROM;;2019-06-04;
5464;B002336;ROM;;2019-06-04;
5465;B002399;ROM;;2019-06-04;* Catégorie=«23C» * UA=«ROM»
5466;B002285;ROM;;2019-06-04;
5466;B012187;ROM;;2019-06-04;
5467;B002387;ROM;;2019-06-04;
5468;B002422;ROM;;2019-06-04;
5469;B002384;ROM;;2019-06-04;
5470;B002381;ROM;;2019-06-04;
5471;B002378;ROM;;2019-06-04;
5472;B002375;ROM;;2019-06-04;
5472;B018742;ROM;;2019-06-04;
5473;B002372;ROM;;2019-06-04;
5474;B002421;ROM;;2019-06-04;
5475;B002424;ROM;;2019-06-04;
5476;B002427;ROM;;2019-06-04;
5477;B002418;ROM;;2019-06-04;
5478;B002415;ROM;;2019-06-04;
5478;B010279;ROM;;2019-06-04;
5479;B011088;ROM;;2019-06-04;
5480;B012091;ROM;;2019-06-04;
5481;B002390;ROM;;2019-06-04;
5482;B002393;ROM;;2019-06-04;
5483;B002396;ROM;;2019-06-04;* Cote=«R GRA»
5484;B002439;ROM;;2019-06-04;
5485;B002440;ROM;;2019-06-04;
5486;B002445;ROM;;2019-06-04;
5487;B002446;ROM;;2019-06-04;
5488;B002447;ROM;;2019-06-04;
5489;B002448;ROM;;2019-06-04;
5490;B002455;ROM;;2019-06-04;
5491;B002461;ROM;;2019-06-04;
5492;B002460;ROM;;2019-06-04;
5493;B002462;ROM;;2019-06-04;
5494;B002463;ROM;;2019-06-04;
5495;B002464;ROM;;2019-06-04;
5496;B002465;ROM;;2019-06-04;
5497;B002466;ROM;;2019-06-04;
5498;B002467;ROM;;2019-06-04;
5499;B002468;ROM;;2019-06-04;
5500;B002469;ROM;;2019-06-04;
5501;B002471;ROM;;2019-06-04;
5502;B002472;ROM;;2019-06-04;
5503;B002473;ROM;;2019-06-04;
5504;B002474;ROM;;2019-06-04;
5505;B012090;ROM;;2019-06-04;
5506;B002503;ROM;;2019-06-04;
5507;B002504;ROM;;2019-06-04;
5508;B002505;ROM;;2019-06-04;
5509;B002506;ROM;;2019-06-04;
5510;B002563;ROM;;2019-06-04;
5511;B002564;ROM;;2019-06-04;
5512;B002565;ROM;;2019-06-04;
5513;B002567;ROM;;2019-06-04;
5513;B010281;ROM;;2019-06-04;
5514;B002568;ROM;;2019-06-04;
5515;B002569;ROM;;2019-06-04;
5516;B014094;ROM;;2019-06-04;* Cote=«R LOI»
5517;B002574;ROM;;2019-06-04;
5518;B002575;ROM;;2019-06-04;
5519;B002576;ROM;;2019-06-04;
5520;B002577;ROM;;2019-06-04;
5521;B002578;ROM;;2019-06-04;
5522;B002579;ROM;;2019-06-04;
5523;B002580;ROM;;2019-06-04;
5524;B002581;ROM;;2019-06-04;
5525;B002582;ROM;;2019-06-04;
5526;B002583;ROM;;2019-06-10;
5527;B011562;ROM;;2019-06-04;
5528;B002605;ROM;;2019-06-04;
5528;B011079;ROM;;2019-06-04;
5528;B019850;ROM;;2019-06-04;
5529;B011092;ROM;;2019-06-04;* Cote=«C848'.914 M338v»
5530;B002620;ROM;;2019-06-04;
5531;B002623;ROM;;2019-06-04;
5532;B002624;ROM;;2019-06-04;
5533;B002628;ROM;;2019-06-04;
5534;B002629;ROM;;2019-06-04;
5535;B002630;ROM;;2019-06-04;
5536;B002633;ROM;;2019-06-10;
5537;B002637;ROM;;2019-06-04;
5538;B002634;ROM;;2019-06-04;
5539;B002635;ROM;;2019-06-04;
5540;B002636;ROM;;2019-06-04;
5541;B002638;ROM;;2019-06-04;
5542;B002639;ROM;;2019-06-04;
5543;B002640;ROM;;2019-06-04;
5544;B002642;ROM;;2019-06-04;
5545;B002647;ROM;;2019-06-04;* Cote=«R OGI»
5546;B002653;ROM;;2019-06-04;* Cote=«R PAO»
5547;B002654;ROM;;2019-06-04;
5548;B002655;ROM;;2019-06-04;
5549;B002656;ROM;;2019-06-04;
5550;B002688;ROM;;2019-06-04;
5551;B002702;ROM;;2019-06-04;
5552;B002704;ROM;;2019-06-04;
5553;B002713;ROM;;2019-06-04;* Cote=«R PRU»
5555;B002715;ROM;;2019-06-04;
5556;B002716;ROM;;2019-06-04;
5557;B011380;ROM;;2019-06-04;
5558;B002718;ROM;;2019-06-04;
5559;B002727;ROM;;2019-06-04;
5560;B002737;ROM;;2019-06-04;
5561;B002749;ROM;;2019-06-04;* Cote=«R ROY»
5562;B002755;ROM;;2019-06-04;
5563;B002758;ROM;;2019-06-04;
5564;B002730;ROM;;2019-06-04;
5565;B002733;ROM;;2019-06-04;
5566;B002734;ROM;;2019-06-04;
5567;B002732;ROM;;2019-06-04;
5568;B002769;ROM;;2019-06-04;
5569;B002761;ROM;;2019-06-10;
5570;B002786;ROM;;2019-06-04;
5571;B002783;ROM;;2019-06-04;
5572;B002771;ROM;;2019-06-04;
5573;B002818;ROM;;2019-06-04;
5574;B002797;ROM;;2019-06-04;
5575;B002807;ROM;;2019-06-04;
5576;B002804;ROM;;2019-06-10;* Catégorie=«23C» * UA=«ROM» * Cote=«R SNI v.01»
5577;B002801;ROM;;2019-06-04;
5578;B002798;ROM;;2019-06-04;
5579;B002795;ROM;;2019-06-04;
5580;B002792;ROM;;2019-06-04;
5581;B002847;ROM;;2019-06-04;
5582;B002838;ROM;;2019-06-04;
5583;B002832;ROM;;2019-06-04;
5584;B002829;ROM;;2019-06-04;
5585;B002826;ROM;;2019-06-04;
5585;B011063;ROM;;2019-06-04;
5585;B011054;ROM;;2019-06-04;
5585;B011053;ROM;;2019-06-04;
5585;B011870;ROM;;2019-06-04;
5586;B002820;ROM;;2019-06-04;
5586;B011058;ROM;;2019-06-04;
5586;B011057;ROM;;2019-06-04;
5586;B011056;ROM;;2019-06-04;
5586;B011070;ROM;1;2019-06-04;* PRÊTÉ ou PERDU
5587;B002840;ROM;;2019-06-10;* Catégorie=«23C» * UA=«ROM» * Cote=«R STE»
5588;B002834;ROM;;2019-06-10;* Catégorie=«23C» * UA=«ROM» * Cote=«R STE»
5589;B002831;ROM;;2019-06-10;
5590;B002828;ROM;;2019-06-10;* Catégorie=«23C» * UA=«ROM» * Cote=«R STE v.3»
5591;B002825;ROM;;2019-06-10;* Catégorie=«23C» * UA=«ROM» * Cote=«R STE v.5»
5592;B002822;ROM;;2019-06-10;* Catégorie=«23C» * UA=«ROM» * Cote=«R STE v.4»
5593;B002877;ROM;;2019-06-04;
5593;B014040;ROM;;2019-06-04;
5594;B002874;ROM;;2019-06-04;
5595;B002871;ROM;;2019-06-04;
5596;B002868;ROM;;2019-06-04;
5597;B002865;ROM;;2019-06-04;
5598;B002862;ROM;;2019-06-04;
5598;B015231;ROM;;2019-06-04;
5598;B016416;ROM;;2019-06-04;
5599;B002859;ROM;;2019-06-04;
5600;B002856;ROM;;2019-06-04;
5600;B016640;ROM;;2019-06-04;
5601;B002853;ROM;;2019-06-04;
5602;B002850;ROM;;2019-06-04;
5603;B011410;ROM;;2019-06-04;
5604;B002872;ROM;;2019-06-04;
5605;B002869;ROM;;2019-06-04;
5606;B002866;ROM;;2019-06-04;
5607;B011409;ROM;;2019-06-04;
5608;B015392;ROM;;2019-06-04;
5609;B002854;ROM;;2019-06-04;
5610;B002851;ROM;;2019-06-04;
5611;B002879;ROM;;2019-06-04;
5612;B002876;ROM;;2019-06-04;
5612;B016658;ROM;;2019-06-04;
5613;B002861;ROM;;2019-06-10;
5614;B002864;ROM;;2019-06-10;
5615;B002852;ROM;;2019-06-04;* Cote=«R TIB»
5615;B012816;ROM;;2019-06-04;
5616;B002881;ROM;;2019-06-04;
5616;B002886;ROM;;2019-06-04;
5617;B002883;ROM;;2019-06-04;
5617;B019391;ROM;;2019-06-04;
5617;B019371;ROM;;2019-06-04;
5618;B002888;ROM;;2019-06-04;
5618;B012088;ROM;;2019-06-04;
5619;B002895;ROM;;2019-06-04;
5619;B013202;ROM;;2019-06-04;
5619;B017949;ROM;;2019-06-04;
5620;B002896;ROM;;2019-06-04;
5621;B002906;ROM;;2019-06-04;
5622;B002907;ROM;;2019-06-04;
5623;B002922;ROM;;2019-06-04;
5624;B002935;ROM;;2019-06-04;
5625;B002936;ROM;;2019-06-04;
5626;B002938;ROM;;2019-06-04;
5627;B002975;ROM;;2019-06-04;
5628;B002957;ROM;;2019-06-04;
5628;B012637;ROM;;2019-06-04;
5628;B012636;ROM;;2019-06-04;
5628;B013711;ROM;;2019-06-04;
5629;B002958;ROM;;2019-06-04;
5630;B002142;ROM;;2019-06-04;
5631;B002163;ROM;;2019-06-04;
5632;B002151;ROM;;2019-06-04;
5633;B002148;ROM;;2019-06-04;
5634;B002258;ROM;;2019-06-04;
5634;B011718;ROM;;2019-06-04;
5635;B002566;ROM;;2019-06-04;
5636;B002837;ROM;;2019-06-10;* Catégorie=«23C» * UA=«ROM» * Cote=«R STE v.2»
5637;B002289;ROM;;2019-06-04;
5638;B002721;ROM;;2019-06-04;* Cote=«R PYL»
5639;B002290;ROM;;2019-06-04;
5640;B002237;ROM;1;2019-06-06;* Catégorie=«23C» * UA=«ROM» * Cote=«R DEM» * PRÊTÉ ou PERDU
5641;B009865;ROM;;2019-06-04;
5642;B009854;ROM;;2019-06-04;* Cote=«R SAB»
5643;B009852;ROM;;2019-06-04;
5644;B009851;ROM;;2019-06-04;
5645;B009850;ROM;;2019-06-04;
5646;B009849;ROM;;2019-06-04;
5647;B009847;ROM;;2019-06-04;
5648;B009846;ROM;;2019-06-04;
5649;B009836;ROM;;2019-06-04;
5650;B009893;ROM;;2019-06-04;
5651;B002013;ROM;;2019-06-04;* Cote=«R BAL»
5652;B010277;ROM;;2019-06-04;
5653;B010280;ROM;;2019-06-04;
5654;B010290;ROM;;2019-06-04;
5655;B010291;ROM;;2019-06-04;
5656;B009848;ROM;;2019-06-04;
5657;B009679;ROM;;2019-06-04;
5658;B010346;ROM;;2019-06-04;
5658;B010345;ROM;;2019-06-04;
5658;B010344;ROM;;2019-06-04;
5659;B010347;ROM;;2019-06-04;
5660;B010348;ROM;;2019-06-04;
5661;B010323;ROM;;2019-06-03;
5662;B011420;ROM;;2019-06-04;
5665;B010296;ROM;;2019-06-04;
5666;B010297;ROM;;2019-06-04;
5667;B010302;ROM;;2019-06-04;
5668;B010303;ROM;;2019-06-04;
5669;B010304;ROM;;2019-06-04;
5670;B010305;ROM;;2019-06-04;
5671;B010306;ROM;;2019-06-04;
5672;B010307;ROM;;2019-06-04;
5673;B010309;ROM;;2019-06-04;
5674;B010310;ROM;;2019-06-10;* Catégorie=«23C» * UA=«ROM» * Cote=«R STE v.6»
5675;B010311;ROM;;2019-06-10;* Catégorie=«23C» * UA=«ROM» * Cote=«R STE v.3»
5676;B010312;ROM;;2019-06-04;
5677;B010313;ROM;;2019-06-04;
5678;B010314;ROM;;2019-06-04;
5679;B010316;ROM;;2019-06-04;
5680;B010317;ROM;;2019-06-04;
5681;B010318;ROM;;2019-06-04;
5682;B010320;ROM;;2019-06-04;
5683;B010321;ROM;;2019-06-04;
5684;B010322;ROM;;2019-06-04;
5685;B010328;ROM;;2019-06-04;
5686;B010414;ROM;;2019-06-04;
5687;B010408;ROM;;2019-06-04;* Cote=«R STE»
5687;B011356;ROM;;2019-06-04;* Cote=«R STE»
5687;B020577;;;2019-06-04;* Cote=«R STE»
5688;B010434;ROM;;2019-06-03;
5689;B010410;ROM;;2019-06-04;
5690;B010409;ROM;;;
5690;B013246;ROM;;2019-06-04;
5691;B010648;ROM;;2019-06-04;
5692;B011021;ROM;;2019-06-04;
5692;B011025;ROM;;2019-06-04;
5692;B011018;ROM;;2019-06-04;
5692;B011468;ROM;;2019-06-04;
5692;B013968;ROM;;2019-06-04;
5693;B011027;ROM;;2019-06-04;
5694;B011022;ROM;;2019-06-04;
5694;B011026;ROM;;2019-06-04;
5694;B011023;ROM;;2019-06-04;
5694;B013966;ROM;;2019-06-04;
5695;B011016;ROM;;2019-06-04;
5695;B011019;ROM;;2019-06-04;
5695;B011020;ROM;;2019-06-04;
5695;B011015;ROM;;2019-06-04;
5695;B013970;ROM;;2019-06-04;
5696;B011028;ROM;;2019-06-04;
5696;B011711;ROM;;2019-06-04;
5696;B013976;ROM;;2019-06-04;
5697;B011029;ROM;;2019-06-04;
5697;B011706;ROM;;2019-06-04;
5697;B013974;ROM;;2019-06-04;
5698;B011030;ROM;;2019-06-04;
5698;B011709;ROM;;2019-06-04;
5698;B013971;ROM;;2019-06-04;
5699;B011031;ROM;;2019-06-04;
5699;B011710;ROM;;2019-06-04;
5699;B013972;ROM;;2019-06-04;
5700;B011032;ROM;;2019-06-04;
5701;B011033;ROM;;2019-06-04;
5702;B011034;ROM;;2019-06-04;
5702;B011747;ROM;;2019-06-04;
5703;B011035;ROM;;2019-06-04;
5703;B011746;ROM;;2019-06-04;
5704;B011038;ROM;;2019-06-04;
5705;B011039;ROM;;2019-06-04;
5706;B011040;ROM;;2019-06-04;
5706;B011743;ROM;;2019-06-04;
5707;B011041;ROM;;2019-06-04;
5708;B011042;ROM;;2019-06-04;
5709;B011043;ROM;;2019-06-04;
5710;B010810;ROM;;2019-06-04;
5711;B010809;ROM;;2019-06-04;
5712;B010808;ROM;;2019-06-04;
5713;B010807;ROM;;2019-06-04;
5714;B010806;ROM;;2019-06-04;
5715;B010805;ROM;;2019-06-04;
5716;B010804;ROM;;2019-06-04;
5717;B010803;ROM;;2019-06-04;
5718;B010802;ROM;;2019-06-04;
5718;B018856;ROM;;2019-06-04;
5719;B010800;ROM;;2019-06-04;
5719;B019386;ROM;;2019-06-04;
5720;B010799;ROM;;2019-06-04;
5720;B017957;ROM;;2019-06-04;
5721;B010789;ROM;;2019-06-04;
5721;B011473;ROM;;2019-06-04;
5722;B010788;ROM;;2019-06-04;
5722;B011472;ROM;1;2019-06-04;* PRÊTÉ ou PERDU
5723;B010918;ROM;;2019-06-04;
5724;B010912;ROM;;2019-06-04;
5725;B010911;ROM;;2019-06-04;
5726;B010896;ROM;;2019-06-04;
5726;B011720;ROM;;2019-06-04;
5727;B011722;ROM;;2019-06-04;
5728;B010813;ROM;;2019-06-04;
5729;B010801;ROM;;2019-06-04;
5730;B011050;ROM;;2019-06-04;
5731;B011059;ROM;;2019-06-04;
5731;B011062;ROM;;2019-06-04;
5731;B011061;ROM;;2019-06-04;
5731;B011060;ROM;;2019-06-04;
5731;B011069;ROM;;2019-06-04;
5732;B011083;ROM;;2019-06-04;
5732;B011538;ROM;;2019-06-04;
5733;B011090;ROM;;2019-06-04;
5734;B011080;ROM;;2019-06-04;
5734;B011533;ROM;;2019-06-04;
5735;B011084;ROM;;2019-06-04;
5736;B011076;ROM;;2019-06-04;
5736;B011085;ROM;;2019-06-04;
5737;B011087;ROM;;2019-06-04;
5738;B011081;ROM;;2019-06-04;
5739;B011082;ROM;;2019-06-04;
5739;B011537;ROM;;2019-06-04;
5740;B011089;ROM;;2019-06-04;
5741;B011091;ROM;;2019-06-03;
5742;B011077;ROM;;2019-06-04;
5743;B011078;ROM;;2019-06-04;
5744;B011536;ROM;;2019-06-04;
5744;B011830;ROM;;2019-06-04;
5745;B011072;ROM;;2019-06-04;
5745;B011535;ROM;;2019-06-04;
5745;B011837;ROM;;2019-06-04;
5746;B011074;ROM;;2019-06-04;
5747;B010910;ROM;;2019-06-04;
5748;B011086;ROM;;2019-06-04;
5748;B011590;ROM;;2019-06-04;
5749;B011073;ROM;;2019-06-04;
5750;B011093;ROM;;2019-06-04;
5750;B011534;ROM;;2019-06-04;
5751;B011113;ROM;;2019-06-04;
5752;B011112;ROM;;2019-06-04;
5752;B011809;ROM;;2019-06-04;
5752;B018548;ROM;;2019-06-04;
5753;B011110;ROM;;2019-06-04;
5754;B011111;ROM;;2019-06-04;
5754;B018679;ROM;;2019-06-04;
5755;B011114;ROM;;2019-06-04;
5756;B011109;ROM;;2019-06-04;
5757;B011371;ROM;;2019-06-04;
5758;B011367;ROM;;2019-06-07;* Catégorie=«23C» * UA=«ROM» * Cote=«R WEU»
5759;B011363;ROM;;2019-06-04;
5760;B011362;ROM;;2019-06-04;
5761;B011360;ROM;;2019-06-04;
5762;B011359;ROM;;2019-06-04;
5763;B011413;ROM;;2019-06-04;
5764;B011387;ROM;;2019-06-04;
5765;B011417;ROM;;2019-06-04;* Cote=«R CIR»
5766;B011416;ROM;;2019-06-04;
5767;B011415;ROM;;2019-06-04;
5768;B011388;ROM;;2019-06-04;
5769;B011414;ROM;;2019-06-04;
5770;B011384;ROM;;2019-06-04;
5771;B011424;ROM;;2019-06-04;
5772;B011423;ROM;;2019-06-04;
5773;B011466;ROM;;2019-06-04;
5773;B011465;ROM;;2019-06-04;
5773;B011464;ROM;;2019-06-04;
5773;B011463;ROM;;2019-06-04;
5773;B013969;ROM;;2019-06-04;
5774;B011412;ROM;;2019-06-04;
5775;B011470;ROM;;2019-06-04;
5776;B011471;ROM;;2019-06-04;
5777;B011469;ROM;;2019-06-04;
5778;B011496;ROM;;2019-06-04;
5779;B011559;ROM;;2019-06-04;
5780;B011647;ROM;;2019-06-04;
5781;B011648;ROM;;2019-06-04;
5782;B011627;ROM;;2019-06-03;
5783;B011565;ROM;;2019-06-04;
5784;B011631;ROM;;2019-06-04;
5785;B011636;ROM;;2019-06-03;
5786;B011621;ROM;;2019-06-03;
5787;B011624;ROM;;2019-06-03;
5788;B011633;ROM;;2019-06-03;
5789;B011630;ROM;;2019-06-03;
5790;B011585;ROM;;2019-06-04;
5791;B011622;ROM;;2019-06-04;
5792;B011610;ROM;;2019-06-04;
5793;B011646;ROM;;2019-06-04;
5793;B012641;ROM;;2019-06-04;
5793;B012640;ROM;;2019-06-04;
5793;B013701;ROM;;2019-06-04;
5793;B013700;ROM;;2019-06-04;
5794;B011612;ROM;;2019-06-04;
5794;B016580;ROM;;2019-06-04;
5794;B019268;ROM;;2019-06-04;
5795;B011780;ROM;;2019-06-04;
5796;B011781;ROM;;2019-06-04;
5797;B011778;ROM;;2019-06-04;
5797;B019543;ROM;;2019-06-04;
5798;B011777;ROM;;2019-06-04;
5799;B011776;ROM;;2019-06-04;
5800;B011774;ROM;;2019-06-04;
5801;B011775;ROM;;2019-06-04;
5801;B013440;ROM;;2019-06-04;
5802;B011580;ROM;;2019-06-04;
5803;B011784;ROM;;2019-06-04;
5804;B011783;ROM;;2019-06-04;
5805;B011773;ROM;;2019-06-04;
5806;B011772;ROM;;2019-06-04;
5807;B011766;ROM;;2019-06-04;
5808;B011768;ROM;;2019-06-04;
5809;B011770;ROM;;2019-06-04;
5810;B011771;ROM;;2019-06-04;
5811;B011767;ROM;;2019-06-04;
5812;B011787;ROM;;2019-06-04;
5813;B011708;ROM;;2019-06-04;
5813;B011702;ROM;;2019-06-04;
5813;B013973;ROM;;2019-06-04;
5814;B011749;ROM;;2019-06-04;
5814;B011740;ROM;;2019-06-04;
5815;B011705;ROM;;2019-06-04;
5815;B011707;ROM;;2019-06-04;
5816;B011703;ROM;;2019-06-04;
5816;B011704;ROM;;2019-06-04;
5816;B013975;ROM;;2019-06-04;
5817;B011750;ROM;;2019-06-04;
5817;B011745;ROM;;2019-06-04;
5818;B011808;ROM;;2019-06-04;
5818;B018673;ROM;;2019-06-04;
5819;B012089;ROM;;2019-06-04;
5819;B013203;ROM;;2019-06-04;
5820;B011719;ROM;;2019-06-04;
5821;B011712;ROM;;2019-06-04;
5821;B011713;ROM;;2019-06-04;
5822;B011714;ROM;;2019-06-04;
5822;B011715;ROM;;2019-06-04;
5823;B011628;ROM;;2019-06-04;
5823;B013967;ROM;;2019-06-04;
5824;B011643;ROM;;2019-06-04;
5825;B011641;ROM;;2019-06-04;
5826;B011828;ROM;;2019-06-04;
5826;B015258;ROM;;2019-06-04;
5827;B011827;ROM;;2019-06-04;
5827;B016648;ROM;;2019-06-04;
5828;B011826;ROM;;2019-06-04;
5828;B016645;ROM;;2019-06-04;
5829;B011819;ROM;;2019-06-04;
5830;B011832;ROM;;2019-06-04;* Cote=«R ROW»
5831;B011640;ROM;;2019-06-04;
5832;B011721;ROM;;2019-06-04;
5833;B011723;ROM;;2019-06-10;
5834;B011842;ROM;;2019-06-04;
5834;B013983;ROM;;2019-06-04;
5835;B011912;ROM;;2019-06-04;
5836;B011966;ROM;;2019-06-04;
5836;B013077;ROM;;2019-06-04;
5837;B011697;PR;;2019-06-04;* Catégorie=«1C» * UA=«PR»
5838;B011922;ROM;;2019-06-04;
5839;B012082;ROM;;2019-06-04;
5839;B015260;ROM;;2019-06-04;
5840;B012083;ROM;;2019-06-04;
5840;B014854;ROM;;2019-06-04;
5841;B012084;ROM;;2019-06-04;
5841;B014855;ROM;;2019-06-04;
5842;B012081;ROM;;2019-06-04;
5843;B012079;ROM;;2019-06-04;
5843;B014856;ROM;;2019-06-04;
5844;B012077;ROM;;2019-06-04;
5845;B012086;ROM;;2019-06-04;
5845;B014859;ROM;;2019-06-04;
5846;B012085;ROM;;2019-06-04;
5846;B014858;ROM;;2019-06-04;
5847;B012080;ROM;;2019-06-04;
5847;B014857;ROM;;2019-06-04;
5848;B012078;ROM;;2019-06-04;
5849;B012100;ROM;;2019-06-04;
5850;B012101;ROM;;2019-06-04;
5851;B012097;ROM;;2019-06-04;
5852;B012099;ROM;;2019-06-04;
5852;B013434;ROM;;2019-06-04;
5853;B012098;ROM;;2019-06-10;
5854;B012096;ROM;;2019-06-04;
5855;B012102;ROM;;2019-06-04;
5856;B012103;ROM;;2019-06-04;
5856;B016654;ROM;;2019-06-04;
5857;B012104;ROM;;2019-06-04;
5857;B016657;ROM;;2019-06-04;
5858;B012109;ROM;;2019-06-04;
5859;B011865;ROM;;2019-06-04;
5860;B012179;ROM;;2019-06-04;
5861;B012180;ROM;;2019-06-04;
5862;B012191;ROM;;2019-06-04;
5862;B012920;ROM;;2019-06-04;
5862;B018865;ROM;;2019-06-04;
5863;B012277;ROM;;2019-06-04;
5864;B012282;ROM;;2019-06-04;
5864;B012280;ROM;;2019-06-04;
5864;B016578;ROM;;2019-06-04;
5864;B019266;ROM;;2019-06-04;
5865;B012276;ROM;;2019-06-04;
5866;B012265;ROM;;2019-06-04;
5867;B012262;ROM;;2019-06-04;
5868;B012264;ROM;;2019-06-04;
5869;B012261;ROM;;2019-06-04;
5870;B012258;ROM;;2019-06-04;
5871;B012259;ROM;;2019-06-04;
5872;B012206;ROM;;2019-06-04;
5873;B012268;ROM;;2019-06-04;
5874;B012205;ROM;;2019-06-04;
5874;B018123;ROM;;2019-06-04;
5875;B012207;ROM;;2019-06-04;
5875;B013065;ROM;;2019-06-04;
5876;B012204;ROM;;2019-06-04;
5876;B013066;ROM;;2019-06-04;
5877;B012208;ROM;;2019-06-04;
5877;B013067;ROM;;2019-06-04;
5878;B012271;ROM;;2019-06-04;
5879;B012270;ROM;;2019-06-04;
5880;B012274;ROM;;2019-06-04;
5880;B015739;ROM;;2019-06-04;
5881;B012273;ROM;;2019-06-04;
5882;B012267;ROM;;2019-06-04;
5883;B012203;ROM;;2019-06-04;
5884;B012328;ROM;;2019-06-04;
5885;B012329;ROM;;2019-06-04;
5886;B012334;ROM;;2019-06-04;
5887;B012345;ROM;;2019-06-04;
5888;B012343;ROM;;2019-06-04;
5889;B012344;ROM;;2019-06-04;
5890;B012342;ROM;;2019-06-04;
5891;B012346;ROM;;2019-06-04;
5892;B012106;ROM;;2019-06-04;
5893;B012385;ROM;;2019-06-04;
5894;B012387;ROM;;2019-06-04;
5895;B012390;ROM;;2019-06-04;
5896;B012391;ROM;;2019-06-04;
5897;B012384;ROM;;2019-06-04;
5898;B012383;ROM;;2019-06-04;
5899;B012388;ROM;;2019-06-04;
5900;B012645;ROM;;2019-06-04;
5900;B012644;ROM;;2019-06-04;
5900;B013703;ROM;;2019-06-04;
5900;B013702;ROM;;2019-06-04;
5901;B012643;ROM;;2019-06-04;
5901;B012642;ROM;;2019-06-04;
5902;B012647;ROM;;2019-06-04;
5903;B012651;ROM;;2019-06-04;
5904;B012648;ROM;;2019-06-04;
5904;B013707;ROM;;2019-06-04;
5904;B013708;ROM;;2019-06-04;
5904;B014542;ROM;;2019-06-04;
5904;B014541;ROM;;2019-06-04;
5905;B012650;ROM;;2019-06-04;
5906;B012649;ROM;;2019-06-04;
5907;B012652;ROM;;2019-06-04;* Cote=«R BER»
5908;B012216;ROM;;2019-06-04;
5909;B012662;ROM;;2019-06-04;
5910;B012665;ROM;;2019-06-04;
5911;B012660;ROM;;2019-06-04;
5912;B012659;ROM;;2019-06-04;
5913;B012658;ROM;;2019-06-04;
5914;B012663;ROM;;2019-06-04;
5915;B012661;ROM;;2019-06-04;
5916;B012657;ROM;;2019-06-04;
5917;B012696;ROM;;2019-06-04;
5918;B012697;ROM;;2019-06-04;
5919;B012690;ROM;;2019-06-04;
5920;B012688;ROM;;2019-06-04;
5921;B012687;ROM;;2019-06-04;
5922;B012689;ROM;;2019-06-04;
5923;B012692;ROM;;2019-06-04;
5924;B012723;ROM;;2019-06-04;
5925;B012719;ROM;;;
5926;B012721;ROM;;2019-06-04;
5927;B012713;ROM;;2019-06-04;
5928;B012722;ROM;;2019-06-04;
5929;B012720;ROM;;2019-06-04;
5930;B012707;ROM;;2019-06-04;
5931;B012718;ROM;;2019-06-04;
5932;B012724;ROM;;2019-06-04;
5933;B012725;ROM;;2019-06-04;
5934;B012727;ROM;;2019-06-04;
5935;B012728;ROM;;2019-06-04;
5936;B012729;ROM;;2019-06-04;
5937;B012730;ROM;;2019-06-04;
5938;B012731;ROM;;2019-06-04;
5939;B012732;ROM;;2019-06-04;
5940;B012742;ROM;;2019-06-04;
5941;B012735;ROM;;2019-06-04;
5942;B012744;ROM;;2019-06-04;
5943;B012741;ROM;;2019-06-04;
5944;B012746;ROM;;2019-06-04;
5945;B012745;ROM;;2019-06-04;
5946;B012733;ROM;;2019-06-04;
5947;B012734;ROM;;2019-06-04;
5948;B012743;ROM;;2019-06-04;
5949;B012757;ROM;;2019-06-04;
5949;B013073;ROM;;2019-06-04;
5950;B012760;ROM;;2019-06-04;
5951;B012754;ROM;;2019-06-04;
5951;B013052;ROM;;2019-06-04;
5952;B012758;ROM;;2019-06-04;
5953;B012759;ROM;;2019-06-04;
5954;B012753;ROM;;2019-06-04;
5955;B012756;ROM;;2019-06-04;
5955;B013059;ROM;;2019-06-04;
5956;B012755;ROM;;2019-06-04;
5957;B012767;ROM;;2019-06-03;
5958;B012762;ROM;;2019-06-04;
5959;B012769;ROM;;2019-06-04;
5960;B012766;ROM;;2019-06-03;
5961;B012765;ROM;;2019-06-03;
5962;B012770;ROM;;2019-06-04;
5963;B012768;ROM;;2019-06-04;
5964;B012764;ROM;;2019-06-04;
5964;B012763;ROM;;2019-06-04;
5965;B012778;ROM;;2019-06-04;
5966;B012782;ROM;;2019-06-04;
5967;B012774;ROM;;2019-06-04;
5968;B012780;ROM;;2019-06-04;
5969;B012779;ROM;;2019-06-04;
5970;B012777;ROM;;2019-06-04;
5971;B012773;ROM;;2019-06-04;
5972;B012775;ROM;;2019-06-04;
5973;B012783;ROM;;2019-06-04;
5974;B012781;ROM;;2019-06-04;
5975;B012807;ROM;;2019-06-04;
5976;B012789;ROM;;2019-06-05;* Catégorie=«23C» * UA=«ROM» * Cote=«R DOY»
5977;B012806;ROM;;2019-06-04;
5978;B012784;ROM;;2019-06-04;
5979;B012817;ROM;;2019-06-04;
5980;B012855;ROM;;2019-06-04;
5981;B012814;ROM;;2019-06-04;
5982;B012856;ROM;;2019-06-04;
5983;B012854;ROM;;2019-06-04;
5983;B013749;ROM;;2019-06-04;
5983;B015462;ROM;;2019-06-04;
5983;B016168;ROM;;2019-06-04;
5984;B012815;ROM;;2019-06-04;
5985;B012862;ROM;;2019-06-04;
5986;B012863;ROM;;2019-06-04;
5987;B012859;ROM;;2019-06-04;
5988;B012909;ROM;;2019-06-04;
5988;B016775;ROM;;2019-06-04;
5988;B018777;ROM;;2019-06-04;
5989;B012901;ROM;;2019-06-04;
5990;B012907;ROM;;2019-06-04;
5990;B014038;ROM;;2019-06-04;
5990;B016772;ROM;;2019-06-04;
5990;B018774;ROM;;2019-06-04;
5990;B020630;ROM;;2019-06-04;
5991;B012905;ROM;;2019-06-04;
5991;B013896;ROM;;2019-06-04;
5992;B012903;ROM;;2019-06-04;
5993;B012921;ROM;;2019-06-04;
5994;B012900;ROM;;2019-06-04;
5995;B012072;ROM;;2019-06-04;
5996;B013060;ROM;;2019-06-04;
5997;B013050;ROM;;2019-06-04;
5998;B013051;ROM;;2019-06-04;
5999;B013049;ROM;;2019-06-04;
6000;B013063;ROM;;2019-06-04;
6001;B013056;ROM;;2019-06-04;
6002;B013053;ROM;;2019-06-04;
6003;B013069;ROM;;2019-06-04;
6004;B013136;ROM;;2019-06-04;
6005;B013064;ROM;;2019-06-04;
6006;B013062;ROM;;2019-06-04;
6007;B013061;ROM;;2019-06-04;
6008;B013004;ROM;;2019-06-04;
6009;B013032;ROM;;2019-06-04;
6009;B014045;ROM;;2019-06-04;
6010;B013233;ROM;;2019-06-04;
6011;B013232;ROM;;2019-06-04;
6012;B013231;ROM;;2019-06-04;* Cote=«R PSY v.02»
6013;B013235;ROM;;2019-06-04;
6014;B013236;ROM;;2019-06-04;
6015;B013245;ROM;;2019-06-04;
6016;B013239;ROM;;2019-06-04;
6017;B013238;ROM;;2019-06-04;
6018;B013237;ROM;;2019-06-04;
6019;B013054;ROM;;2019-06-04;
6020;B013241;ROM;;2019-06-04;
6021;B013240;ROM;;2019-06-04;
6022;B013243;ROM;;2019-06-04;
6023;B013244;ROM;;2019-06-04;
6024;B013126;ROM;;2019-06-04;
6025;B013296;ROM;;2019-06-04;
6026;B013300;ROM;;2019-06-04;
6027;B013275;ROM;;2019-06-04;
6028;B013002;ROM;;2019-06-04;
6029;B013397;ROM;;2019-06-04;
6030;B013242;ROM;;2019-06-04;
6031;B013425;ROM;;2019-06-04;
6032;B013429;ROM;;2019-06-04;
6033;B013428;ROM;;2019-06-04;
6034;B013427;ROM;;2019-06-04;
6035;B013426;ROM;;2019-06-04;
6035;B020565;ROM;;2019-06-04;
6036;B013439;ROM;;2019-06-04;
6037;B013438;ROM;;2019-06-04;
6038;B013432;ROM;;2019-06-04;
6039;B013431;ROM;;2019-06-04;
6040;B013430;ROM;;2019-06-04;
6041;B013436;ROM;;2019-06-04;
6042;B013435;ROM;;2019-06-04;
6043;B013433;ROM;;2019-06-04;
6044;B013437;ROM;;2019-06-04;
6045;B013442;ROM;;2019-06-04;
6045;B018784;ROM;;2019-06-04;
6046;B013441;ROM;;2019-06-04;
6046;B016776;ROM;;2019-06-04;
6046;B018778;ROM;;2019-06-04;
6047;B013459;ROM;;2019-06-10;
6048;B013467;ROM;;;
6049;B013511;ROM;;2019-06-04;
6050;B013585;ROM;;2019-06-04;
6051;B013584;ROM;;2019-06-04;
6051;B016641;ROM;;2019-06-04;
6052;B013597;ROM;;2019-06-04;
6053;B013643;ROM;;2019-06-04;
6054;B013649;ROM;;2019-06-04;
6055;B013650;ROM;;2019-06-04;
6056;B013645;ROM;;2019-06-04;
6057;B013646;ROM;;2019-06-04;
6058;B013647;ROM;;2019-06-04;
6059;B013648;ROM;;2019-06-04;
6060;B013644;ROM;;2019-06-04;
6061;B013652;ROM;;2019-06-04;
6061;B017951;ROM;;2019-06-04;
6062;B013634;ROM;;2019-06-04;
6063;B013639;ROM;;2019-06-04;
6064;B013638;ROM;;2019-06-04;
6065;B013636;ROM;;2019-06-04;
6066;B013641;ROM;;2019-06-04;
6067;B013642;ROM;;2019-06-04;
6068;B013706;ROM;;2019-06-04;
6068;B014543;ROM;;2019-06-04;
6068;B014544;ROM;;2019-06-04;
6069;B013728;ROM;;2019-06-04;
6069;B015257;ROM;;2019-06-04;
6069;B016576;ROM;;2019-06-04;
6070;B013752;ROM;;2019-06-04;
6070;B014836;ROM;;2019-06-04;
6071;B013750;ROM;;2019-06-04;
6071;B015461;ROM;;2019-06-04;
6071;B016167;ROM;;2019-06-04;
6072;B013751;ROM;;2019-06-04;
6072;B015466;ROM;;2019-06-04;
6072;B016166;ROM;;2019-06-04;
6073;B013772;ROM;;2019-06-04;
6074;B013775;ROM;;2019-06-04;
6075;B013771;ROM;;2019-06-04;
6076;B013774;ROM;;2019-06-04;
6076;B013773;ROM;;2019-06-04;
6076;B016575;ROM;;2019-06-04;
6076;B019270;ROM;;2019-06-04;
6077;B016025;ROM;;2019-06-04;
6078;B013776;ROM;;2019-06-03;* Cote=«R BEA v.2»
6079;B013637;ROM;;2019-06-04;
6080;B013651;ROM;;2019-06-04;
6081;B013779;ROM;;2019-06-04;
6081;B015485;ROM;;2019-06-04;
6082;B013787;ROM;;2019-06-04;
6083;B013786;ROM;;2019-06-04;
6083;B015486;ROM;;2019-06-04;
6084;B013704;ROM;;2019-06-04;
6085;B013274;ROM;;2019-06-04;
6086;B013778;ROM;;2019-06-04;
6087;B013640;ROM;;2019-06-04;
6088;B013756;ROM;;2019-06-04;
6088;B014083;ROM;;2019-06-04;
6089;B013788;ROM;;2019-06-04;
6089;B014745;ROM;;2019-06-04;
6090;B014051;ROM;;2019-06-04;
6091;B014052;ROM;;2019-06-04;
6092;B014054;ROM;;2019-06-04;
6093;B014053;ROM;;2019-06-04;
6094;B014055;ROM;;2019-06-04;
6095;B014056;ROM;;2019-06-04;
6096;B013897;ROM;;2019-06-04;
6096;B014084;ROM;;2019-06-04;
6097;B013754;ROM;;2019-06-04;
6097;B017077;ROM;;2019-06-04;
6098;B013753;ROM;;2019-06-04;
6098;B015625;ROM;;2019-06-04;
6098;B016312;ROM;;2019-06-04;
6099;B014057;ROM;;2019-06-04;
6100;B014082;ROM;;2019-06-04;
6101;B014088;ROM;;2019-06-04;
6102;B016016;ROM;;2019-06-04;
6103;B014086;ROM;;2019-06-04;
6104;B014085;ROM;;2019-06-04;
6105;B014091;ROM;;2019-06-04;
6106;B014092;ROM;;2019-06-04;
6107;B014093;ROM;;2019-06-04;
6108;B013755;ROM;;2019-06-04;
6108;B015533;ROM;;2019-06-04;
6109;B014047;ROM;;2019-06-04;
6109;B015746;ROM;;2019-06-04;
6110;B014048;ROM;;2019-06-04;
6110;B015745;ROM;;2019-06-04;
6111;B014046;ROM;;2019-06-04;
6111;B015744;ROM;;2019-06-04;
6112;B014049;ROM;;2019-06-04;
6112;B015742;ROM;;2019-06-04;
6113;B014044;ROM;;2019-06-04;
6113;B015743;ROM;;2019-06-04;
6114;B015960;ROM;;2019-06-04;
6115;B014041;ROM;;2019-06-04;
6116;B014042;ROM;;2019-06-04;
6117;B014039;ROM;;2019-06-04;
6117;B015215;ROM;;2019-06-04;
6118;B014096;ROM;;2019-06-04;
6119;B014095;ROM;;2019-06-04;
6120;B014015;ROM;;2019-06-04;
6121;B014017;ROM;;2019-06-04;
6122;B013984;ROM;;2019-06-04;
6123;B014013;ROM;;2019-06-04;
6124;B014009;ROM;;2019-06-04;
6125;B013977;ROM;;2019-06-04;
6126;B014114;ROM;;2019-06-04;
6127;B014010;ROM;;2019-06-04;
6128;B014089;ROM;;2019-06-04;
6129;B014219;ROM;;2019-06-04;
6129;B014220;ROM;;2019-06-04;
6129;B016574;ROM;;2019-06-04;
6129;B019269;ROM;;2019-06-04;
6130;B014206;ROM;;2019-06-04;
6131;B014207;ROM;;2019-06-04;
6132;B014208;ROM;;2019-06-04;
6133;B014209;ROM;;2019-06-04;
6134;B014214;ROM;;2019-06-04;
6135;B014215;ROM;;2019-06-04;
6136;B014216;ROM;;2019-06-04;
6137;B014212;ROM;;2019-06-04;
6138;B014213;ROM;;2019-06-04;
6139;B014217;ROM;;2019-06-04;
6140;B014218;ROM;;2019-06-04;* Cote=«R FAL»
6141;B014210;ROM;;2019-06-04;
6141;B016643;ROM;;2019-06-04;
6142;B014251;ROM;;2019-06-03;
6143;B016046;ROM;;2019-06-03;
6144;B014253;ROM;;2019-06-03;
6145;B014249;ROM;;2019-06-04;
6146;B014250;ROM;;2019-06-04;
6147;B014257;ROM;;2019-06-04;
6148;B014296;ROM;;2019-06-04;
6149;B014295;ROM;;2019-06-10;
6150;B014294;ROM;;2019-06-04;
6151;B014258;ROM;;2019-06-10;* Catégorie=«23C» * UA=«ROM» * Cote=«R SPE»
6152;B014256;ROM;;2019-06-04;
6153;B014254;ROM;;2019-06-04;
6154;B014300;ROM;;2019-06-04;
6155;B014299;ROM;;2019-06-04;
6156;B014297;ROM;;2019-06-04;
6157;B014833;ROM;;2019-06-04;
6157;B015956;ROM;;2019-06-04;
6158;B014184;ROM;;2019-06-04;
6159;B014190;ROM;;2019-06-04;* Cote=«R POU v.02»
6160;B016651;ROM;;2019-06-10;
6161;B014363;ROM;;2019-06-04;
6162;B014362;ROM;;2019-06-04;
6162;B016650;ROM;;2019-06-04;
6163;B014361;ROM;;;
6164;B014360;ROM;;2019-06-04;
6165;B014365;ROM;;2019-06-10;
6166;B014359;ROM;;2019-06-04;
6167;B014357;ROM;;2019-06-04;
6168;B014358;ROM;;2019-06-04;
6169;B014356;ROM;;2019-06-04;
6170;B014326;ROM;;2019-06-04;
6171;B014211;ROM;;2019-06-04;
6172;B014191;ROM;;2019-06-04;
6173;B014189;ROM;;2019-06-04;
6174;B014188;ROM;;2019-06-04;
6175;B014187;ROM;;2019-06-04;
6176;B014183;ROM;;2019-06-04;
6177;B014182;ROM;;2019-06-04;
6178;B014181;ROM;;2019-06-04;
6179;B014180;ROM;;2019-06-04;
6180;B014179;ROM;;2019-06-04;
6181;B014178;ROM;;2019-06-04;
6182;B014176;ROM;;2019-06-04;
6183;B014175;ROM;;2019-06-04;
6184;B014174;ROM;;2019-06-04;
6185;B014192;ROM;1;;
6186;B014255;ROM;;2019-06-04;* Catégorie=«23C» * UA=«ROM»
6187;B014205;ROM;;2019-06-04;
6188;B014204;ROM;;2019-06-04;
6189;B014203;ROM;;2019-06-04;
6190;B014202;ROM;;2019-06-04;
6191;B014201;ROM;;2019-06-04;
6192;B014200;ROM;;2019-06-04;
6193;B014198;ROM;;2019-06-04;
6194;B014199;ROM;;2019-06-04;
6195;B014197;ROM;;2019-06-04;
6196;B014196;ROM;;2019-06-04;
6197;B014195;ROM;;2019-06-04;
6198;B014194;ROM;;2019-06-04;
6199;B014186;ROM;;2019-06-04;
6200;B014177;ROM;;2019-06-04;
6201;B014369;ROM;;2019-06-04;
6202;B014370;ROM;;2019-06-04;
6203;B014371;ROM;;2019-06-04;
6204;B014372;ROM;;2019-06-04;
6205;B014373;ROM;;2019-06-04;
6206;B014374;ROM;;2019-06-04;
6207;B014375;ROM;;2019-06-04;
6208;B014376;ROM;;2019-06-04;
6209;B014377;ROM;;2019-06-04;
6210;B014540;ROM;;2019-06-04;
6210;B014539;ROM;;2019-06-04;
6211;B014497;ROM;;2019-06-04;
6212;B014429;ROM;;2019-06-04;
6212;B019748;ROM;;2019-06-04;
6213;B014428;ROM;;2019-06-04;
6213;B015259;ROM;;2019-06-04;
6214;B014427;ROM;;2019-06-04;
6215;B014495;ROM;;2019-06-04;
6216;B014509;ROM;;2019-06-04;
6217;B014501;ROM;;2019-06-04;
6217;B015932;ROM;;2019-06-04;
6217;B016656;ROM;;2019-06-04;
6218;B014669;ROM;;2019-06-04;
6219;B014438;ROM;;2019-06-04;
6220;B014426;ROM;;2019-06-04;
6221;B014537;ROM;;2019-06-04;
6221;B014538;ROM;;2019-06-04;
6222;B014425;ROM;;2019-06-04;
6223;B014424;ROM;;2019-06-04;
6224;B014536;ROM;;2019-06-04;
6225;B014502;ROM;;2019-06-04;* Cote=«R OPP v.01»
6226;B014434;ROM;;2019-06-04;
6227;B014433;ROM;;2019-06-04;
6228;B014499;ROM;;2019-06-04;
6229;B014657;ROM;;2019-06-04;
6230;B014658;ROM;;2019-06-04;
6231;B014659;ROM;;2019-06-04;
6232;B014660;ROM;;2019-06-04;* Cote=«R ROY»
6233;B014431;ROM;;2019-06-04;
6234;B014430;ROM;;2019-06-04;
6235;B014437;ROM;;2019-06-04;
6235;B015959;ROM;;2019-06-04;
6236;B014506;ROM;;2019-06-04;
6237;B014505;ROM;;2019-06-04;
6238;B014432;ROM;;2019-06-04;
6239;B014656;ROM;;2019-06-04;* Cote=«R OPP»
6240;B014618;ROM;;2019-06-04;
6241;B014090;ROM;;2019-06-04;
6242;B014193;ROM;;2019-06-04;
6242;B019373;ROM;;2019-06-04;
6242;B019372;ROM;;2019-06-04;
6243;B014838;ROM;;2019-06-04;
6244;B014837;ROM;;2019-06-04;
6245;B014843;ROM;;2019-06-04;
6246;B014844;ROM;;2019-06-04;
6247;B014845;ROM;;2019-06-04;
6248;B014846;ROM;;2019-06-04;
6249;B014943;ROM;;2019-06-04;
6250;B014942;ROM;;2019-06-04;
6251;B014941;ROM;;2019-06-04;
6252;B014946;ROM;;2019-06-04;
6253;B014948;ROM;;2019-06-04;
6254;B014944;ROM;;2019-06-04;
6255;B014945;ROM;;2019-06-03;
6256;B014947;ROM;;2019-06-04;
6257;B014951;ROM;;2019-06-04;
6258;B014950;ROM;;2019-06-04;
6259;B014738;ROM;;2019-06-04;
6259;B015652;ROM;;2019-06-04;* Cote=«R LYM»
6260;B014725;ROM;;2019-06-04;
6261;B014932;ROM;;2019-06-06;* Catégorie=«23C» * UA=«ROM» * Cote=«R DUQ»
6262;B014931;ROM;;2019-06-04;
6263;B014803;ROM;;2019-06-04;
6264;B014976;ROM;;2019-06-04;
6265;B014977;ROM;;2019-06-04;
6266;B014974;ROM;;2019-06-04;
6267;B014973;ROM;;2019-06-04;
6268;B014999;ROM;;2019-06-06;* Catégorie=«23C» * UA=«ROM» * Cote=«R MCK»
6269;B014998;ROM;;2019-06-04;
6270;B014989;ROM;;2019-06-06;* Catégorie=«23C» * UA=«ROM» * Cote=«R LAS»
6271;B014980;ROM;;2019-06-06;* Catégorie=«23C» * UA=«ROM» * Cote=«R BOU»
6272;B014986;ROM;;2019-06-06;* Catégorie=«23C» * UA=«ROM» * Cote=«R JOL»
6273;B014994;ROM;;2019-06-06;* Catégorie=«23C» * UA=«ROM» * Cote=«R HUM»
6274;B014984;ROM;;2019-06-06;* Catégorie=«23C» * UA=«ROM» * Cote=«R GRE»
6275;B014997;ROM;;2019-06-06;* Catégorie=«23C» * UA=«ROM» * Cote=«R COP»
6276;B014996;ROM;;2019-06-06;* Catégorie=«23C» * UA=«ROM» * Cote=«R MCK»
6277;B014985;ROM;;2019-06-06;* Catégorie=«23C» * UA=«ROM» * Cote=«R DRI»
6278;B014983;ROM;;2019-06-06;* Catégorie=«23C» * UA=«ROM» * Cote=«R JOL»
6279;B014993;ROM;;2019-06-06;* Catégorie=«23C» * UA=«ROM» * Cote=«R JOL»
6280;B014987;ROM;;2019-06-06;* Catégorie=«23C» * UA=«ROM» * Cote=«R COP»
6281;B014988;ROM;;2019-06-04;
6282;B014979;ROM;;2019-06-04;
6283;B014992;ROM;;2019-06-06;* Catégorie=«23C» * UA=«ROM» * Cote=«R LAS»
6284;B014995;ROM;;2019-06-04;
6285;B014991;ROM;;2019-06-04;
6286;B014990;ROM;;2019-06-06;* Catégorie=«23C» * UA=«ROM» * Cote=«R DRI»
6287;B014982;ROM;;2019-06-06;* Catégorie=«23C» * UA=«ROM» * Cote=«R LAS»
6288;B014981;ROM;;2019-06-04;
6289;B014805;ROM;;2019-06-04;
6290;B014703;ROM;;2019-06-04;
6291;B014730;ROM;;2019-06-04;
6292;B014720;ROM;;2019-06-04;
6292;B015443;ROM;;2019-06-04;
6292;B016032;ROM;;2019-06-04;
6292;B016051;ROM;;2019-06-04;
6293;B014716;ROM;;2019-06-04;
6293;B016052;ROM;;2019-06-04;
6293;B018192;ROM;;2019-06-04;
6294;B014812;ROM;;2019-06-10;* Catégorie=«23C» * UA=«ROM» * Cote=«R STE»
6294;B015457;ROM;;2019-06-10;* Catégorie=«23C» * UA=«ROM» * Cote=«R STE»
6294;B015261;ROM;;2019-06-10;* Catégorie=«23C» * UA=«ROM» * Cote=«R STE»
6295;B014717;ROM;;2019-06-04;
6295;B016050;ROM;;2019-06-04;
6295;B018193;ROM;;2019-06-04;
6295;B015445;ROM;;2019-06-04;
6296;B014817;ROM;;2019-06-04;
6297;B014804;ROM;;2019-06-04;
6298;B014698;ROM;;2019-06-04;
6298;B015483;ROM;;2019-06-04;
6299;B014972;ROM;;2019-06-04;
6300;B014688;ROM;;2019-06-04;
6301;B014701;ROM;;2019-06-04;
6302;B014702;ROM;;2019-06-04;
6303;B014699;ROM;;2019-06-04;
6304;B014700;ROM;;2019-06-04;
6305;B014719;ROM;;2019-06-04;
6305;B015456;ROM;;2019-06-04;
6305;B016058;ROM;;2019-06-04;
6306;B014718;ROM;;2019-06-04;
6306;B016055;ROM;;2019-06-04;
6306;B017056;ROM;;2019-06-04;
6306;B018203;ROM;;2019-06-04;
6307;B015117;ROM;;2019-06-04;* Cote=«R SER»
6308;B015115;ROM;;2019-06-04;
6309;B015116;ROM;;2019-06-04;
6310;B014949;ROM;;2019-06-04;
6311;B014841;ROM;;2019-06-04;
6312;B014839;ROM;;2019-06-04;
6313;B015171;ROM;;2019-06-04;
6314;B015955;ROM;;2019-06-04;
6315;B015168;ROM;;;
6316;B015165;ROM;;2019-06-04;
6317;B015167;ROM;;2019-06-04;
6318;B015166;ROM;;2019-06-04;
6319;B015184;ROM;;2019-06-04;
6320;B015185;ROM;;2019-06-04;
6321;B015175;ROM;;2019-06-04;
6322;B015216;ROM;;2019-06-04;
6323;B015233;ROM;;2019-06-04;
6324;B015232;ROM;;2019-06-04;
6325;B016579;ROM;;;
6326;B014740;ROM;;2019-06-04;
6327;B015255;ROM;;2019-06-04;
6328;B014731;ROM;;2019-06-04;
6329;B015291;ROM;;2019-06-04;
6330;B015329;ROM;;2019-06-04;
6331;B015327;ROM;;2019-06-04;
6332;B015345;ROM;;2019-06-04;
6333;B015346;ROM;;2019-06-04;
6334;B015347;ROM;;2019-06-04;
6335;B015348;ROM;;2019-06-04;
6336;B015349;ROM;;2019-06-04;
6337;B015350;ROM;;2019-06-04;
6337;B017091;ROM;;2019-06-04;
6337;B017202;ROM;;2019-06-04;
6338;B015352;ROM;;2019-06-04;
6339;B015353;ROM;;2019-06-04;
6340;B015354;ROM;;2019-06-04;
6341;B015355;ROM;;2019-06-04;
6342;B015356;ROM;;2019-06-04;
6343;B015357;ROM;;2019-06-04;
6344;B015358;ROM;;2019-06-04;
6345;B015359;ROM;;2019-06-04;
6346;B015360;ROM;;2019-06-04;
6347;B015361;ROM;;2019-06-04;
6348;B015362;ROM;;2019-06-04;
6349;B015364;ROM;;2019-06-04;
6350;B015366;ROM;;2019-06-04;
6351;B015365;ROM;;2019-06-04;
6352;B015718;ROM;;2019-06-04;
6353;B015717;ROM;;2019-06-04;
6354;B015716;ROM;;2019-06-04;
6355;B015715;ROM;;2019-06-04;
6356;B015471;ROM;;2019-06-04;
6357;B015470;ROM;;2019-06-04;
6358;B015469;ROM;;2019-06-04;
6359;B015515;ROM;;2019-06-04;
6360;B015516;ROM;;2019-06-04;
6361;B015517;ROM;;2019-06-04;
6362;B015514;ROM;;2019-06-04;
6363;B015481;ROM;;2019-06-04;
6364;B015480;ROM;;2019-06-04;
6365;B015478;ROM;;2019-06-04;
6366;B015479;ROM;;2019-06-04;
6367;B015492;ROM;;2019-06-04;
6368;B015502;ROM;;2019-06-04;
6369;B015491;ROM;;2019-06-04;
6370;B015490;ROM;;2019-06-04;
6370;B015501;ROM;;2019-06-04;
6371;B015487;ROM;;2019-06-04;
6372;B015488;ROM;;2019-06-04;
6373;B015489;ROM;;2019-06-04;
6374;B015507;ROM;;2019-06-04;
6375;B015506;ROM;;2019-06-04;
6376;B015482;ROM;;2019-06-04;
6377;B015484;ROM;;2019-06-04;
6378;B015463;ROM;;2019-06-04;
6378;B016171;ROM;;2019-06-04;
6379;B015464;ROM;;2019-06-04;
6379;B016169;ROM;;2019-06-04;
6380;B015465;ROM;;2019-06-04;
6381;B015510;ROM;;2019-06-04;
6381;B016066;ROM;;2019-06-04;
6382;B015508;ROM;;2019-06-04;
6382;B016065;ROM;;2019-06-04;
6383;B015509;ROM;;2019-06-04;
6383;B016063;ROM;;2019-06-04;
6384;B015476;ROM;;2019-06-04;
6385;B015477;ROM;;2019-06-04;
6386;B015518;ROM;;2019-06-04;
6387;B015475;ROM;;2019-06-04;
6388;B015474;ROM;;2019-06-04;
6389;B015530;ROM;;2019-06-04;
6390;B015529;ROM;;2019-06-04;
6391;B015648;ROM;;2019-06-04;
6392;B015653;ROM;;2019-06-04;
6393;B015649;ROM;;2019-06-04;
6393;B016306;ROM;;;
6394;B015650;ROM;;2019-06-04;
6395;B015651;ROM;;2019-06-04;
6396;B015619;ROM;;2019-06-04;
6397;B015618;ROM;;2019-06-04;
6398;B015538;ROM;;2019-06-04;
6398;B017051;ROM;1;2019-06-13;* Catégorie=«23C» * PRÊTÉ ou PERDU
6399;B015537;ROM;;2019-06-04;
6400;B015458;ROM;;2019-06-04;
6400;B016056;ROM;;2019-06-04;
6401;B015460;ROM;;2019-06-04;
6401;B016060;ROM;;2019-06-04;
6402;B015440;ROM;;2019-06-04;
6402;B016059;ROM;;2019-06-04;
6403;B015459;ROM;;2019-06-04;
6403;B016049;ROM;;2019-06-04;
6403;B018201;ROM;;2019-06-04;
6404;B015468;ROM;10;2019-06-04;* PRÊTÉ ou PERDU
6404;B016165;ROM;;2019-06-04;
6405;B015467;ROM;;2019-06-04;
6405;B016164;ROM;;2019-06-04;
6406;B015536;ROM;;2019-06-04;
6407;B015534;ROM;;2019-06-04;
6408;B015526;ROM;;2019-06-04;
6409;B015525;ROM;;2019-06-04;
6410;B015513;ROM;;2019-06-04;
6410;B016798;ROM;;2019-06-04;
6410;B020622;ROM;;2019-06-04;
6411;B015512;ROM;;2019-06-04;
6411;B016797;ROM;;2019-06-04;
6411;B020623;ROM;;2019-06-04;
6412;B015511;ROM;;2019-06-04;
6412;B016796;ROM;;2019-06-04;
6413;B015626;ROM;;2019-06-04;
6413;B016313;ROM;;2019-06-04;
6414;B015532;ROM;;2019-06-04;
6414;B016099;ROM;;2019-06-04;
6415;B015528;ROM;;2019-06-04;
6416;B015448;ROM;;2019-06-04;
6416;B016054;ROM;;2019-06-04;
6416;B018196;ROM;;2019-06-04;
6416;B020609;ROM;;2019-06-04;
6417;B015449;ROM;;2019-06-04;
6417;B016057;ROM;;2019-06-04;
6417;B018195;ROM;;2019-06-04;
6418;B015450;ROM;;2019-06-04;
6418;B018198;ROM;;2019-06-04;
6419;B015441;ROM;;2019-06-04;* Cote=«R MCA v.01»
6419;B018190;ROM;;2019-06-04;
6419;B020611;ROM;;2019-06-04;
6420;B015451;ROM;;2019-06-04;
6420;B018197;ROM;;2019-06-10;* Catégorie=«23C» * UA=«ROM» * Cote=«R KAL v.15»
6421;B015447;ROM;;2019-06-04;
6422;B015444;ROM;;2019-06-04;
6422;B018194;ROM;;2019-06-04;
6423;B015442;ROM;;2019-06-04;
6424;B015446;ROM;;2019-06-04;
6424;B016053;ROM;;2019-06-04;
6425;B015747;ROM;;2019-06-04;
6426;B015748;ROM;;2019-06-04;
6427;B015749;ROM;;2019-06-04;
6428;B015632;ROM;;2019-06-04;
6428;B016170;ROM;;2019-06-04;
6429;B015629;ROM;;2019-06-04;
6429;B016100;ROM;;2019-06-04;
6430;B015630;ROM;;2019-06-04;
6430;B016098;ROM;;2019-06-04;
6431;B015387;ROM;;2019-06-04;
6432;B015623;ROM;;2019-06-04;
6433;B015624;ROM;;2019-06-04;
6434;B015531;ROM;;2019-06-04;
6435;B015658;ROM;;2019-06-04;
6436;B014695;ROM;;2019-06-04;
6437;B015664;ROM;;2019-06-04;
6438;B015473;ROM;;2019-06-04;
6439;B014849;ROM;;2019-06-04;
6440;B014842;ROM;;2019-06-04;
6441;B014847;ROM;;2019-06-04;
6442;B014851;ROM;;2019-06-04;
6443;B014848;ROM;;2019-06-04;
6444;B014852;ROM;;2019-06-04;
6445;B014853;ROM;;2019-06-04;
6446;B015766;ROM;;2019-06-04;
6447;B015740;ROM;;2019-06-04;
6448;B015778;ROM;;2019-06-04;
6449;B015779;ROM;;2019-06-04;
6450;B015842;ROM;;2019-06-04;
6451;B015841;ROM;;2019-06-04;
6452;B015840;ROM;;2019-06-04;
6453;B015838;ROM;;2019-06-04;
6454;B015839;ROM;;2019-06-04;
6455;B015865;ROM;;2019-06-04;
6456;B015866;ROM;;2019-06-04;
6457;B015869;ROM;;2019-06-04;
6458;B015868;ROM;;2019-06-04;
6459;B015870;ROM;;2019-06-04;
6460;B015832;ROM;;2019-06-05;* Catégorie=«23C» * UA=«ROM»
6461;B015831;ROM;;2019-06-05;* Catégorie=«23C» * UA=«ROM»
6462;B015826;ROM;;2019-06-05;* Catégorie=«23C» * UA=«ROM»
6463;B015825;ROM;;2019-06-05;* Catégorie=«23C» * UA=«ROM»
6464;B015829;ROM;;2019-06-05;* Catégorie=«23C» * UA=«ROM»
6465;B015828;ROM;;2019-06-05;* Catégorie=«23C» * UA=«ROM»
6466;B015827;ROM;;2019-06-05;* Catégorie=«23C» * UA=«ROM»
6467;B015835;ROM;;2019-06-05;* Catégorie=«23C» * UA=«ROM»
6468;B015834;ROM;;2019-06-05;* Catégorie=«23C» * UA=«ROM»
6469;B015830;ROM;;2019-06-05;* Catégorie=«23C» * UA=«ROM»
6470;B015872;ROM;;2019-06-04;
6471;B015871;ROM;;2019-06-04;
6472;B015867;ROM;;2019-06-04;
6473;B015833;ROM;;2019-06-05;* Catégorie=«23C» * UA=«ROM»
6474;B015818;ROM;;2019-06-04;
6475;B015819;ROM;;2019-06-04;
6476;B015820;ROM;;2019-06-04;
6477;B015822;ROM;;2019-06-04;
6478;B015821;ROM;;2019-06-04;
6479;B015824;ROM;;2019-06-04;
6480;B015823;ROM;;2019-06-04;
6481;B015472;ROM;;2019-06-04;
6482;B015935;ROM;;2019-06-04;
6483;B015933;ROM;;2019-06-04;
6484;B015934;ROM;;2019-06-04;
6484;B016773;ROM;;2019-06-04;
6484;B018775;ROM;;2019-06-04;
6485;B016030;ROM;;2019-06-04;
6486;B015998;ROM;;2019-06-04;
6487;B016031;ROM;;2019-06-04;
6488;B016004;ROM;;2019-06-04;
6488;B016633;ROM;;2019-06-04;
6489;B016021;ROM;;2019-06-03;
6490;B016075;ROM;;2019-06-03;
6491;B016077;ROM;;2019-06-03;
6492;B016076;ROM;;2019-06-03;
6493;B016061;ROM;;2019-06-04;
6494;B016062;ROM;;2019-06-04;
6495;B016064;ROM;;2019-06-04;
6496;B016111;ROM;;2019-06-04;
6497;B016110;ROM;;2019-06-04;
6498;B016107;ROM;;2019-06-04;
6499;B016108;ROM;;2019-06-04;
6500;B016109;ROM;;2019-06-04;
6501;B016101;ROM;;2019-06-04;
6502;B016102;ROM;;2019-06-04;
6503;B016103;ROM;;2019-06-04;
6504;B016117;ROM;;2019-06-04;
6504;B016118;ROM;;2019-06-04;
6504;B017570;ROM;;2019-06-04;
6505;B016115;ROM;;2019-06-04;
6506;B016116;ROM;;2019-06-04;
6507;B016113;ROM;;2019-06-04;
6508;B016114;ROM;;2019-06-04;
6509;B016132;ROM;;2019-06-04;
6510;B016131;ROM;;2019-06-04;
6511;B016129;ROM;;2019-06-04;
6512;B016130;ROM;;2019-06-04;
6513;B016106;ROM;;2019-06-03;
6514;B016105;ROM;;2019-06-03;
6515;B016104;ROM;;2019-06-03;
6516;B016082;ROM;;2019-06-04;
6517;B016079;ROM;;2019-06-04;
6518;B016081;ROM;;2019-06-04;
6519;B016083;ROM;;2019-06-04;
6520;B016163;ROM;;2019-06-04;
6521;B016084;ROM;;2019-06-04;
6522;B016085;ROM;;2019-06-04;
6523;B016086;ROM;;2019-06-04;
6524;B016183;ROM;;2019-06-04;
6525;B016179;ROM;;2019-06-04;
6526;B016178;ROM;;2019-06-04;
6527;B016177;ROM;;2019-06-10;
6527;B018743;ROM;;2019-06-04;
6528;B016184;ROM;;2019-06-04;
6529;B016215;ROM;;2019-06-04;
6530;B016209;ROM;;2019-06-04;
6531;B016210;ROM;;2019-06-04;
6532;B016219;ROM;;2019-06-04;
6533;B016218;ROM;;2019-06-04;
6534;B016212;ROM;;2019-06-04;
6535;B016273;ROM;;2019-06-04;
6536;B016128;ROM;;2019-06-04;
6536;B017705;ROM;;2019-06-04;
6537;B016127;ROM;;2019-06-04;
6538;B016238;ROM;;2019-06-03;
6539;B016236;ROM;;2019-06-03;
6540;B016239;ROM;;2019-06-03;
6541;B016240;ROM;;2019-06-04;
6542;B016233;ROM;;2019-06-04;
6543;B016235;ROM;;2019-06-04;
6544;B016234;ROM;;2019-06-04;
6545;B016237;ROM;;2019-06-04;
6546;B016381;ROM;;2019-06-04;
6547;B016393;ROM;;2019-06-04;
6548;B016409;ROM;;2019-06-04;
6549;B016414;ROM;;2019-06-04;
6550;B016398;ROM;;2019-06-04;
6551;B016399;ROM;;2019-06-04;
6552;B016408;ROM;;2019-06-04;
6553;B016404;ROM;;2019-06-04;
6554;B016396;ROM;;2019-06-04;
6555;B016411;ROM;;2019-06-04;
6556;B016382;ROM;;2019-06-04;
6556;B017008;ROM;;2019-06-04;
6557;B016395;ROM;;2019-06-04;
6558;B016378;ROM;;2019-06-04;
6559;B016379;ROM;;2019-06-04;
6560;B016394;ROM;;2019-06-04;
6561;B016220;ROM;;2019-06-04;
6562;B016371;ROM;;2019-06-04;
6563;B016374;ROM;;2019-06-04;
6564;B016376;ROM;;2019-06-04;
6565;B016373;ROM;;2019-06-04;
6566;B016377;ROM;;2019-06-04;
6567;B016372;ROM;;2019-06-04;
6568;B016375;ROM;;2019-06-04;
6569;B016397;ROM;;2019-06-05;* Catégorie=«23C» * UA=«ROM»
6570;B016310;ROM;;2019-06-04;
6570;B017752;ROM;;2019-06-04;
6571;B017820;ROM;;2019-06-04;
6572;B016309;ROM;;2019-06-04;
6573;B016304;ROM;;2019-06-04;
6574;B016217;ROM;;2019-06-04;
6575;B016216;ROM;;2019-06-04;
6575;B016471;ROM;;2019-06-04;
6576;B016412;ROM;;2019-06-04;
6577;B016413;ROM;;2019-06-04;
6578;B016206;ROM;;2019-06-04;
6579;B016207;ROM;;2019-06-04;
6580;B016315;ROM;;2019-06-04;* Cote=«R CRO»
6580;B018917;ROM;;2019-06-04;* Cote=«R CRO»
6581;B016308;ROM;;2019-06-04;
6581;B017569;ROM;;2019-06-04;
6581;B018148;ROM;;2019-06-04;
6582;B016204;ROM;;2019-06-04;
6583;B016112;ROM;;2019-06-04;
6584;B016277;ROM;;2019-06-04;
6584;B018202;ROM;;2019-06-04;
6585;B016281;ROM;;2019-06-04;
6586;B016282;ROM;;2019-06-04;
6586;B020638;ROM;;2019-06-04;
6587;B016213;ROM;;2019-06-04;
6588;B016320;ROM;;2019-06-04;
6589;B016513;ROM;;2019-06-04;
6590;B016514;ROM;;2019-06-04;
6591;B016536;ROM;;2019-06-04;
6592;B016208;ROM;;2019-06-04;
6593;B016180;ROM;;2019-06-04;
6594;B016181;ROM;;2019-06-04;
6595;B016243;ROM;;2019-06-04;
6596;B016305;ROM;;2019-06-04;
6597;B016316;ROM;;2019-06-04;
6598;B016317;ROM;;2019-06-04;
6599;B016319;ROM;;2019-06-04;
6600;B016321;ROM;;2019-06-04;
6601;B016568;ROM;;2019-06-05;* Catégorie=«23C» * UA=«ROM»
6602;B016242;ROM;;2019-06-04;
6603;B016307;ROM;;2019-06-04;
6604;B016569;ROM;;2019-06-04;
6605;B016581;ROM;;2019-06-04;
6606;B016583;ROM;;2019-06-04;
6607;B016625;ROM;;2019-06-04;
6608;B016634;ROM;;2019-06-04;
6609;B016636;ROM;;2019-06-04;
6610;B016635;ROM;;2019-06-04;* Cote=«R PUL»
6611;B016646;ROM;;2019-06-04;
6612;B016649;ROM;;2019-06-04;
6613;B016642;ROM;;2019-06-04;
6614;B016655;ROM;;2019-06-04;
6615;B016675;ROM;;2019-06-04;
6616;B016671;ROM;;2019-06-04;
6617;B016661;ROM;;;
6617;B017296;ROM;;2019-06-04;
6617;B018135;ROM;;2019-06-04;
6618;B016665;ROM;;2019-06-04;
6619;B016653;ROM;;2019-06-04;
6620;B016674;ROM;;2019-06-04;
6621;B016672;ROM;;2019-06-04;
6622;B016673;ROM;;2019-06-04;
6623;B016511;ROM;;2019-06-04;
6624;B016512;ROM;;2019-06-04;
6625;B016380;ROM;;2019-06-04;
6626;B016480;ROM;;2019-06-04;
6627;B016479;ROM;;2019-06-04;
6628;B016458;ROM;;2019-06-04;* Cote=«R CUE»
6629;B016459;ROM;;2019-06-04;
6630;B016647;ROM;;2019-06-04;
6631;B016497;ROM;;2019-06-04;
6632;B016496;ROM;;2019-06-04;
6633;B016495;ROM;;2019-06-04;
6634;B016498;ROM;;2019-06-04;
6635;B016481;ROM;;2019-06-04;
6636;B016468;ROM;;2019-06-04;* Cote=«R RUI»
6636;B017078;ROM;;2019-06-04;
6637;B016449;ROM;;2019-06-04;
6638;B016467;ROM;;2019-06-04;
6638;B017166;ROM;;2019-06-04;
6639;B016472;ROM;;2019-06-04;
6639;B017283;ROM;;2019-06-04;
6640;B016818;ROM;;2019-06-06;* Catégorie=«23C» * UA=«ROM» * Cote=«R HUM»
6641;B016815;ROM;;2019-06-06;* Catégorie=«23C» * UA=«ROM» * Cote=«R HAS»
6642;B019415;ROM;;2019-06-04;
6643;B016813;ROM;;2019-06-04;
6644;B016816;ROM;;2019-06-06;* Catégorie=«23C» * UA=«ROM» * Cote=«R DUQ»
6645;B019416;ROM;;2019-06-06;* Catégorie=«23C» * UA=«ROM» * Cote=«R LAS»
6646;B019414;ROM;;2019-06-06;* Catégorie=«23C» * UA=«ROM» * Cote=«R KOE»
6647;B016774;ROM;;2019-06-04;
6647;B018776;ROM;;;
6648;B016819;ROM;;2019-06-04;
6649;B019417;ROM;;2019-06-04;
6650;B016822;ROM;;2019-06-04;
6651;B016811;ROM;;2019-06-04;
6652;B016810;ROM;;2019-06-04;
6653;B016809;ROM;;2019-06-04;
6654;B016821;ROM;;2019-06-04;
6655;B016853;ROM;;2019-06-04;
6656;B016852;ROM;;2019-06-04;
6657;B016842;ROM;;2019-06-04;
6658;B016851;ROM;;2019-06-04;
6659;B016850;ROM;;2019-06-04;
6660;B016846;ROM;;2019-06-04;
6661;B016848;ROM;;2019-06-04;
6662;B016844;ROM;;2019-06-04;
6663;B016806;ROM;;2019-06-04;
6664;B016808;ROM;;2019-06-04;
6665;B018391;ROM;;2019-06-04;
6666;B016805;ROM;;2019-06-04;
6667;B016843;ROM;;2019-06-04;
6668;B016840;ROM;;2019-06-04;
6669;B016849;ROM;;2019-06-04;
6670;B016847;ROM;;2019-06-04;
6670;B019549;ROM;;2019-06-04;
6671;B016897;ROM;;2019-06-04;
6672;B016895;ROM;;2019-06-04;
6673;B016896;ROM;;2019-06-04;
6674;B016894;ROM;;2019-06-04;
6675;B016889;ROM;;2019-06-04;
6676;B016804;ROM;;2019-06-04;
6677;B016841;ROM;;2019-06-04;* Cote=«R ROU»
6678;B016791;ROM;;2019-06-04;
6679;B016792;ROM;;2019-06-04;
6680;B016793;ROM;;2019-06-04;
6681;B016790;ROM;;2019-06-04;
6682;B016794;ROM;;2019-06-04;
6683;B016795;ROM;;2019-06-04;
6683;B020624;ROM;;2019-06-04;
6684;B016799;ROM;;2019-06-04;
6685;B016801;ROM;;2019-06-04;
6686;B016802;ROM;;2019-06-04;
6687;B016789;ROM;;2019-06-04;
6688;B016787;ROM;;2019-06-04;
6689;B016786;ROM;;2019-06-04;
6690;B016788;ROM;;2019-06-04;
6691;B016800;ROM;;2019-06-04;
6692;B016803;ROM;;2019-06-04;
6693;B016971;ROM;;2019-06-04;
6693;B017176;ROM;;2019-06-04;
6694;B016972;ROM;;2019-06-04;
6694;B016942;ROM;;2019-06-04;
6695;B016976;ROM;;2019-06-04;
6696;B016974;ROM;;2019-06-04;
6697;B016977;ROM;;2019-06-04;
6698;B016975;ROM;;2019-06-04;
6699;B016973;ROM;;2019-06-04;* Cote=«R BUC»
6700;B017135;ROM;;2019-06-07;* Catégorie=«23C» * UA=«ROM» * Cote=«R WYS»
6701;B017134;ROM;;2019-06-04;
6702;B017141;ROM;;2019-06-04;
6703;B017184;ROM;;2019-06-04;
6704;B017187;ROM;;2019-06-04;
6705;B017185;ROM;;2019-06-04;
6706;B017186;ROM;;2019-06-04;
6707;B017188;ROM;;2019-06-04;
6708;B017189;ROM;;2019-06-04;
6709;B017191;ROM;;2019-06-04;
6710;B017226;ROM;;2019-06-04;
6711;B017190;ROM;;2019-06-04;
6712;B017183;ROM;;2019-06-04;
6713;B017171;ROM;;2019-06-04;
6713;B017512;ROM;;2019-06-04;
6713;B017626;ROM;;2019-06-04;
6714;B017168;ROM;;2019-06-04;
6715;B016947;ROM;;2019-06-04;* Cote=«R  EGE»
6716;B016943;ROM;;2019-06-04;
6717;B017142;ROM;;2019-06-04;
6718;B017144;ROM;;2019-06-04;
6719;B017143;ROM;;2019-06-04;
6720;B017145;ROM;;2019-06-04;
6721;B017147;ROM;;2019-06-04;
6722;B017148;ROM;;2019-06-04;
6723;B017146;ROM;;2019-06-04;
6724;B016945;ROM;;2019-06-03;
6725;B016951;ROM;;2019-06-04;
6726;B016944;ROM;;2019-06-04;
6727;B016948;ROM;;2019-06-04;
6728;B016950;ROM;;2019-06-04;
6729;B016949;ROM;;2019-06-04;
6730;B017039;ROM;;2019-06-04;
6731;B017035;ROM;;2019-06-04;
6732;B017036;ROM;;2019-06-04;
6733;B017037;ROM;;2019-06-04;
6734;B017033;ROM;;2019-06-04;
6735;B017034;ROM;;2019-06-04;
6736;B017040;ROM;;2019-06-04;
6737;B017038;ROM;;2019-06-04;
6738;B017048;ROM;;2019-06-04;
6739;B017049;ROM;;2019-06-04;
6740;B017050;ROM;;2019-06-04;
6741;B017047;ROM;;2019-06-04;
6742;B017046;ROM;;2019-06-04;
6743;B017053;ROM;;2019-06-04;
6744;B017044;ROM;;2019-06-04;* Cote=«R NIC»
6745;B017043;ROM;;2019-06-04;
6746;B017045;ROM;;2019-06-04;
6747;B017054;ROM;;2019-06-04;
6748;B017010;ROM;;2019-06-04;
6749;B017009;ROM;;2019-06-04;
6750;B017011;ROM;;2019-06-07;* Catégorie=«23C» * UA=«ROM» * Cote=«R WER»
6751;B017023;ROM;;2019-06-04;
6751;B017024;ROM;;2019-06-04;
6751;B017025;ROM;;2019-06-04;
6752;B017223;ROM;;2019-06-04;
6753;B017203;ROM;;2019-06-04;
6754;B017245;ROM;;2019-06-04;
6755;B017224;ROM;;2019-06-04;
6755;B017739;ROM;;2019-06-04;
6756;B017174;ROM;;2019-06-04;
6756;B017808;ROM;;2019-06-04;
6757;B017116;ROM;;2019-06-04;
6758;B017118;ROM;;2019-06-04;
6759;B017121;ROM;;2019-06-04;
6760;B017122;ROM;;2019-06-04;
6761;B017123;ROM;;2019-06-04;
6762;B017128;ROM;;2019-06-04;
6763;B017127;ROM;;2019-06-04;
6764;B017124;ROM;;2019-06-04;
6765;B017126;ROM;;2019-06-04;
6766;B017115;ROM;;2019-06-04;
6767;B017114;ROM;;2019-06-04;
6768;B017076;ROM;;2019-06-04;
6769;B017125;ROM;;2019-06-04;
6770;B017113;ROM;;2019-06-04;
6771;B017088;ROM;;2019-06-04;
6772;B017234;ROM;;2019-06-04;
6773;B017235;ROM;;2019-06-04;
6774;B017173;ROM;;2019-06-04;
6774;B017719;ROM;;2019-06-04;
6775;B017167;ROM;;2019-06-04;
6775;B017727;ROM;;2019-06-04;
6776;B017172;ROM;;2019-06-04;
6776;B017732;ROM;;2019-06-04;
6777;B017233;ROM;;2019-06-04;
6778;B017232;ROM;;2019-06-04;
6779;B017244;ROM;;2019-06-04;
6780;B017227;ROM;;2019-06-04;
6780;B017576;ROM;;2019-06-04;
6781;B017175;ROM;;2019-06-04;* Cote=«R REG v.1»
6782;B017170;ROM;;2019-06-04;
6783;B017169;ROM;;2019-06-04;
6784;B017192;ROM;;2019-06-04;
6785;B017087;ROM;;2019-06-04;
6786;B017079;ROM;;2019-06-04;
6787;B017081;ROM;;2019-06-04;
6788;B017080;ROM;;2019-06-04;
6789;B017084;ROM;;2019-06-04;
6790;B017085;ROM;;2019-06-04;
6791;B017055;ROM;;2019-06-04;
6792;B017012;ROM;;2019-06-04;
6793;B017015;ROM;;2019-06-04;
6794;B017276;ROM;;2019-06-04;
6795;B017300;ROM;;2019-06-04;
6796;B017290;ROM;;2019-06-04;
6797;B017275;ROM;;2019-06-04;
6798;B017277;ROM;;2019-06-04;
6799;B017303;ROM;;2019-06-04;
6800;B017299;ROM;;2019-06-04;
6801;B017272;ROM;;2019-06-04;
6802;B017274;ROM;;2019-06-04;
6803;B017280;ROM;;2019-06-04;
6804;B017273;ROM;;2019-06-04;
6805;B017298;ROM;;2019-06-04;
6806;B017294;ROM;;2019-06-04;
6807;B017292;ROM;;2019-06-04;
6808;B017293;ROM;;2019-06-04;
6809;B017291;ROM;;2019-06-04;
6809;B017295;ROM;;2019-06-04;
6810;B017297;ROM;;2019-06-04;
6811;B017042;ROM;;2019-06-04;
6812;B017281;ROM;;2019-06-04;
6813;B017278;ROM;;2019-06-04;
6814;B017279;ROM;;2019-06-04;
6815;B017163;ROM;;2019-06-04;
6815;B019752;ROM;;2019-06-04;
6816;B017164;ROM;;2019-06-04;
6817;B017041;ROM;;2019-06-04;
6818;B017630;ROM;;;
6818;B018134;ROM;;2019-06-04;
6819;B017631;ROM;;2019-06-04;
6820;B017632;ROM;;2019-06-04;
6820;B018133;ROM;;2019-06-04;
6821;B017633;ROM;;2019-06-04;
6821;B018132;ROM;;2019-06-04;
6822;B017638;ROM;;2019-06-10;
6822;B018131;ROM;;2019-06-04;
6823;B017639;ROM;;2019-06-04;
6824;B017644;ROM;;2019-06-04;
6825;B017652;ROM;;2019-06-04;
6825;B017552;ROM;;2019-06-04;
6826;B017660;ROM;;2019-06-04;
6827;B017625;ROM;;2019-06-04;
6827;B019754;ROM;;2019-06-04;
6828;B017617;ROM;;2019-06-04;
6829;B017609;ROM;;2019-06-04;
6830;B017601;ROM;;2019-06-04;
6831;B017593;ROM;;2019-06-04;
6832;B017624;ROM;;2019-06-04;
6833;B017659;ROM;;2019-06-04;
6834;B017651;ROM;;2019-06-04;
6835;B017647;ROM;;2019-06-04;
6836;B017648;ROM;;2019-06-04;
6837;B017645;ROM;;2019-06-04;
6838;B017629;ROM;;2019-06-04;
6839;B017637;ROM;;2019-06-04;
6840;B017567;ROM;;2019-06-04;
6840;B018150;ROM;;2019-06-04;
6841;B017584;ROM;;2019-06-04;
6841;B018149;ROM;;2019-06-04;
6842;B017583;ROM;;2019-06-04;
6843;B017621;ROM;;2019-06-04;
6844;B017585;ROM;;2019-06-04;
6845;B017577;ROM;;2019-06-04;* Cote=«R  COC»
6846;B017862;ROM;;2019-06-04;
6846;B017556;ROM;;2019-06-04;
6847;B017831;ROM;;2019-06-03;* Cote=«R BAC»
6847;B018214;ROM;;2019-06-04;
6848;B017740;ROM;;2019-06-04;
6848;B019670;ROM;;2019-06-04;
6849;B017741;ROM;;2019-06-10;
6850;B017710;ROM;;2019-06-04;
6851;B017718;ROM;;2019-06-04;
6852;B017726;ROM;;2019-06-04;
6853;B017777;ROM;;2019-06-04;
6853;B017769;ROM;;2019-06-04;
6853;B017733;ROM;;2019-06-04;
6854;B017776;ROM;;2019-06-04;
6855;B017714;ROM;;2019-06-04;
6855;B018403;ROM;;2019-06-04;
6856;B017708;ROM;;2019-06-04;
6857;B017724;ROM;;2019-06-04;
6858;B017715;ROM;;2019-06-04;
6859;B017738;ROM;;2019-06-04;
6860;B017706;ROM;;2019-06-04;
6861;B017734;ROM;;2019-06-04;
6862;B017616;ROM;;2019-06-04;
6863;B017725;ROM;;2019-06-04;
6864;B017775;ROM;;2019-06-04;
6865;B017767;ROM;;2019-06-04;
6866;B017602;ROM;;2019-06-04;* Cote=«R  BILv.2»
6867;B017855;ROM;;2019-06-04;
6868;B017747;ROM;;2019-06-04;
6869;B017759;ROM;;2019-06-04;
6870;B017761;ROM;;2019-06-04;
6871;B017608;PR;;2019-06-04;* Catégorie=«1C» * UA=«PR»
6872;B017600;ROM;;2019-06-04;
6873;B017840;ROM;;2019-06-04;
6874;B017863;ROM;;2019-06-04;
6874;B017703;ROM;;2019-06-04;
6874;B018402;ROM;;2019-06-04;
6875;B017578;ROM;;2019-06-04;
6876;B017562;ROM;;2019-06-04;
6877;B017554;ROM;;2019-06-04;
6877;B017547;ROM;;2019-06-04;
6878;B017520;ROM;;2019-06-04;
6878;B017634;ROM;;2019-06-04;
6879;B017839;ROM;;2019-06-04;
6879;B017586;ROM;;2019-06-04;
6880;B017563;ROM;;2019-06-04;
6881;B017607;PR;;2019-06-04;* Catégorie=«1C» * UA=«PR»
6882;B017615;PR;;2019-06-04;* Catégorie=«1C» * UA=«PR»
6883;B017623;ROM;;2019-06-04;
6884;B017832;ROM;;2019-06-04;
6885;B017555;ROM;;2019-06-04;
6886;B017599;ROM;;2019-06-04;
6887;B017521;ROM;;2019-06-04;
6887;B017635;ROM;;2019-06-04;
6888;B017529;ROM;;2019-06-04;
6888;B017643;ROM;;2019-06-04;
6889;B017513;ROM;;2019-06-04;
6889;B017627;ROM;;2019-06-04;
6890;B017536;ROM;;2019-06-04;
6890;B017650;ROM;;2019-06-04;
6891;B017544;ROM;;2019-06-04;
6891;B017658;ROM;;2019-06-04;
6892;B017528;ROM;;2019-06-04;
6892;B017642;ROM;;2019-06-04;
6893;B017572;ROM;;2019-06-04;
6894;B017805;ROM;;2019-06-04;
6895;B017548;ROM;;2019-06-04;
6896;B017545;ROM;;2019-06-04;
6896;B018138;ROM;;2019-06-04;
6897;B017537;ROM;;2019-06-04;
6897;B018139;ROM;;2019-06-04;
6898;B017546;ROM;;2019-06-04;
6898;B018137;ROM;;2019-06-04;
6899;B017789;ROM;;2019-06-04;
6900;B017713;ROM;;2019-06-04;
6901;B017800;ROM;;2019-06-04;
6902;B017711;ROM;;2019-06-04;
6903;B017743;ROM;;2019-06-04;
6903;B019708;ROM;;2019-06-04;
6904;B017735;ROM;;2019-06-04;
6905;B017592;PR;;2019-06-05;
6906;B017640;ROM;1;;
6907;B017646;ROM;;2019-06-04;
6908;B017641;ROM;;2019-06-04;
6908;B019749;ROM;;2019-06-04;
6909;B017804;ROM;;2019-06-03;
6910;B017796;ROM;;2019-06-04;
6911;B017716;ROM;;2019-06-04;
6912;B017559;ROM;;2019-06-04;
6913;B017868;ROM;;2019-06-04;
6914;B017891;ROM;;2019-06-04;
6915;B017899;ROM;;2019-06-04;
6916;B017841;ROM;;2019-06-04;* Cote=«R TIR v.2»
6917;B017833;ROM;;2019-06-04;
6918;B017865;ROM;;2019-06-04;
6919;B017874;ROM;;2019-06-04;
6919;B018450;ROM;;2019-06-04;
6920;B017866;ROM;;2019-06-04;
6921;B017876;ROM;;2019-06-04;
6922;B017575;ROM;;2019-06-04;
6922;B018147;ROM;;2019-06-04;
6923;B017898;ROM;;2019-06-04;
6924;B017883;ROM;;2019-06-04;
6925;B017704;ROM;;2019-06-04;
6926;B017884;ROM;;2019-06-04;
6927;B017560;ROM;;2019-06-04;
6928;B017867;ROM;;2019-06-04;
6928;B018404;ROM;;2019-06-04;
6929;B017849;ROM;;2019-06-04;
6929;B018405;ROM;;2019-06-04;
6930;B017857;ROM;;2019-06-04;
6930;B017892;ROM;;2019-06-04;
6931;B017594;ROM;;2019-06-04;
6932;B017900;ROM;;2019-06-04;
6933;B017875;ROM;;2019-06-04;
6934;B017561;ROM;;2019-06-04;
6935;B017553;ROM;;2019-06-04;
6936;B017568;ROM;;2019-06-04;
6937;B017728;ROM;;2019-06-04;
6938;B017812;ROM;;2019-06-04;
6939;B017551;ROM;;2019-06-04;
6940;B017893;ROM;;2019-06-04;
6941;B017869;ROM;;2019-06-04;
6942;B017885;ROM;;2019-06-04;
6943;B017870;ROM;;2019-06-04;
6944;B017901;ROM;;2019-06-04;
6945;B017877;ROM;;2019-06-04;
6946;B017946;ROM;;2019-06-04;
6947;B017945;ROM;;2019-06-04;
6948;B017937;ROM;;2019-06-04;
6949;B017929;ROM;;2019-06-10;* Catégorie=«23C» * UA=«ROM» * Cote=«R STE»
6950;B017964;ROM;1;2019-06-03;* Catégorie=«23C» * PRÊTÉ ou PERDU
6951;B017956;ROM;;2019-06-04;
6952;B017972;ROM;;2019-06-04;
6953;B017948;ROM;;2019-06-04;
6954;B017980;ROM;;2019-06-04;
6954;B019404;ROM;;2019-06-04;
6954;B019403;ROM;;2019-06-04;
6955;B017950;ROM;;2019-06-04;
6955;B019383;ROM;;2019-06-04;
6956;B017973;ROM;;2019-06-04;
6956;B009868;ROM;;2019-06-04;
6956;B011530;ROM;;2019-06-04;
6956;B013204;ROM;;2019-06-04;
6957;B017981;ROM;;2019-06-04;
6957;B019375;ROM;1;2019-06-03;* Catégorie=«23C» * PRÊTÉ ou PERDU
6957;B019374;ROM;;2019-06-04;
6958;B017958;ROM;;2019-06-04;
6958;B017965;ROM;;2019-06-04;
6958;B019396;ROM;;2019-06-04;
6958;B019400;ROM;;2019-06-04;
6959;B017974;ROM;;2019-06-04;
6960;B017982;ROM;;2019-06-04;
6960;B018444;ROM;;2019-06-04;
6961;B018086;ROM;;2019-06-04;
6962;B018141;ROM;;2019-06-04;
6962;B020558;ROM;;2019-06-04;
6963;B018142;ROM;;2019-06-04;
6963;B020559;ROM;;2019-06-04;
6964;B019344;ROM;;2019-06-04;
6965;B018143;ROM;1;2019-06-04;* PRÊTÉ ou PERDU
6966;B018145;ROM;;2019-06-04;
6966;B020563;ROM;;2019-06-04;
6967;B018144;ROM;;2019-06-04;
6968;B018146;ROM;;2019-06-04;
6968;B020557;ROM;;2019-06-04;
6969;B018172;ROM;;2019-06-04;
6970;B018173;ROM;;2019-06-04;
6971;B018177;ROM;;2019-06-04;
6972;B018175;ROM;;2019-06-04;
6973;B018176;ROM;;2019-06-04;
6974;B018174;ROM;;2019-06-04;
6975;B018167;ROM;1;2019-06-06;* Catégorie=«23C» * UA=«ROM» * Cote=«R DEM v.3» * PRÊTÉ ou PERDU
6976;B018168;ROM;1;2019-06-06;* Catégorie=«23C» * UA=«ROM» * Cote=«R DEM v.4» * PRÊTÉ ou PERDU
6977;B018166;ROM;1;2019-06-06;* Catégorie=«23C» * UA=«ROM» * Cote=«R DEM v.2» * PRÊTÉ ou PERDU
6978;B018165;ROM;1;2019-06-06;* Catégorie=«23C» * UA=«ROM» * Cote=«R DEM v.1» * PRÊTÉ ou PERDU
6979;B018170;ROM;;2019-06-04;
6980;B018169;ROM;;2019-06-04;
6981;B018171;ROM;;2019-06-04;
6982;B018130;ROM;;2019-06-10;
6983;B018125;ROM;;2019-06-04;
6983;B018124;ROM;;2019-06-04;
6984;B018127;ROM;;2019-06-04;
6985;B018126;ROM;;2019-06-04;
6986;B018129;ROM;;2019-06-10;
6987;B018128;ROM;;2019-06-04;
6988;B018136;ROM;;2019-06-04;
6989;B018191;ROM;1;2019-06-04;* PRÊTÉ ou PERDU
6990;B018200;ROM;;2019-06-04;
6990;B020612;ROM;;2019-06-04;
6991;B018199;ROM;;2019-06-04;
6992;B018187;ROM;;2019-06-04;
6993;B018183;ROM;;2019-06-04;
6994;B018186;ROM;;2019-06-04;
6995;B018180;ROM;;2019-06-04;
6996;B018181;ROM;;2019-06-04;
6997;B018178;ROM;;;
6998;B018179;ROM;;2019-06-04;
6999;B018151;ROM;;2019-06-04;
7000;B018184;ROM;;2019-06-04;
7001;B018185;ROM;;2019-06-04;
7002;B018252;ROM;;2019-06-04;
7003;B018216;ROM;;2019-06-04;
7004;B018306;ROM;;2019-06-04;
7005;B018332;ROM;;2019-06-04;
7006;B018304;ROM;;2019-06-04;* Cote=«R CUS»
7007;B018382;ROM;;2019-06-04;
7008;B018383;ROM;;2019-06-04;
7009;B018380;ROM;;2019-06-04;
7010;B018379;ROM;;2019-06-03;
7011;B018182;ROM;;2019-06-04;
7012;B018225;ROM;;2019-06-04;
7013;B018427;ROM;;2019-06-03;
7014;B018428;ROM;;2019-06-03;
7015;B018429;ROM;;2019-06-03;
7016;B018418;ROM;;2019-06-04;
7017;B018419;ROM;;2019-06-04;
7018;B018420;ROM;;2019-06-04;
7019;B018426;ROM;;2019-06-04;
7020;B018424;ROM;;2019-06-04;
7021;B018425;ROM;;2019-06-04;
7022;B018421;ROM;;2019-06-04;
7023;B018423;ROM;;2019-06-04;
7024;B018422;ROM;;2019-06-04;
7025;B018212;ROM;;2019-06-04;
7026;B018210;ROM;;2019-06-04;
7027;B018206;ROM;;2019-06-03;
7028;B018204;ROM;;2019-06-03;
7029;B018211;ROM;;2019-06-04;
7030;B018209;ROM;;2019-06-04;* Cote=«R  JON»
7031;B018208;ROM;;2019-06-04;
7032;B018207;ROM;;2019-06-04;
7033;B018434;ROM;;2019-06-03;
7033;B018435;ROM;;2019-06-03;
7034;B018222;ROM;;2019-06-04;
7035;B018221;ROM;;2019-06-04;
7035;B018915;ROM;;2019-06-04;
7035;B020627;ROM;;2019-06-04;
7036;B018220;ROM;;2019-06-04;
7037;B018224;ROM;;2019-06-10;* Catégorie=«23C» * UA=«ROM» * Cote=«R TIR v.1»
7038;B018223;ROM;;2019-06-04;
7039;B018397;ROM;;2019-06-04;
7039;B019134;ROM;;2019-06-04;
7040;B018398;ROM;;2019-06-04;
7040;B019133;ROM;;2019-06-04;
7041;B018205;ROM;;2019-06-03;
7042;B018399;ROM;;2019-06-04;
7043;B018401;ROM;;2019-06-04;
7044;B018246;ROM;;2019-06-04;
7045;B018250;ROM;;2019-06-04;
7046;B018213;ROM;;2019-06-04;
7046;B019691;ROM;;2019-06-04;
7047;B018400;ROM;;2019-06-04;
7048;B018247;ROM;;2019-06-04;
7049;B018245;ROM;;2019-06-04;
7050;B018215;ROM;;2019-06-04;* Cote=«R RUE»
7051;B018249;ROM;;2019-06-04;
7052;B018248;ROM;;2019-06-04;
7053;B018253;ROM;;2019-06-04;
7054;B018389;ROM;;2019-06-04;
7055;B018388;ROM;;2019-06-04;
7056;B018264;ROM;;2019-06-04;
7057;B018244;ROM;;2019-06-04;
7058;B018443;ROM;;2019-06-04;
7059;B018451;ROM;;2019-06-04;
7060;B018445;ROM;;2019-06-04;
7061;B018446;ROM;;2019-06-04;
7061;B019132;ROM;;2019-06-04;
7062;B018452;ROM;;2019-06-04;
7063;B017717;ROM;;2019-06-04;
7064;B018561;ROM;;2019-06-04;
7065;B018550;ROM;;2019-06-04;
7066;B018556;ROM;;2019-06-04;
7067;B018566;ROM;;2019-06-04;
7068;B018555;ROM;;2019-06-04;
7069;B018554;ROM;;2019-06-04;
7070;B018553;ROM;;2019-06-04;
7071;B018552;ROM;;2019-06-04;
7072;B018551;ROM;;2019-06-04;
7073;B018623;ROM;;2019-06-04;
7074;B018575;ROM;;2019-06-04;
7075;B018574;ROM;;2019-06-04;
7076;B018578;ROM;;2019-06-04;
7077;B018560;ROM;;2019-06-04;
7078;B018559;ROM;;2019-06-04;
7079;B018640;ROM;;2019-06-04;
7080;B018646;ROM;;2019-06-04;
7081;B018643;ROM;;2019-06-04;
7082;B018644;ROM;;2019-06-04;
7083;B018650;ROM;;2019-06-04;
7084;B018647;ROM;;2019-06-04;
7085;B018648;ROM;;2019-06-04;
7086;B018649;ROM;;2019-06-04;
7087;B018639;ROM;;2019-06-04;
7088;B018637;ROM;;2019-06-04;
7089;B018642;ROM;;2019-06-04;
7090;B018641;ROM;;2019-06-04;
7091;B018645;ROM;;2019-06-04;
7092;B018658;ROM;;2019-06-04;
7093;B018633;ROM;;2019-06-04;
7094;B018634;ROM;;2019-06-04;
7095;B018652;ROM;;2019-06-04;
7096;B018657;ROM;;2019-06-03;* Cote=«R AYM»
7097;B018669;ROM;;2019-06-04;
7098;B018668;ROM;;2019-06-04;
7099;B018670;ROM;;2019-06-04;
7100;B018671;ROM;;2019-06-04;
7101;B018672;ROM;1;2019-06-10;* Catégorie=«23C» * UA=«ROM» * Cote=«R PET» * PRÊTÉ ou PERDU
7102;B018674;ROM;;;
7103;B018675;ROM;;2019-06-04;
7104;B018676;ROM;;2019-06-04;
7105;B018549;ROM;;2019-06-04;
7106;B018677;ROM;;2019-06-04;
7107;B018678;ROM;;2019-06-04;
7108;B018683;ROM;;2019-06-04;
7109;B018682;ROM;;2019-06-04;
7110;B018680;ROM;;2019-06-04;
7111;B018681;ROM;;2019-06-04;
7112;B018688;ROM;;2019-06-04;
7113;B018685;ROM;;2019-06-04;
7114;B018664;ROM;;2019-06-04;
7115;B018700;ROM;;2019-06-04;* Cote=«R BYR»
7116;B018708;ROM;;2019-06-04;
7117;B018711;ROM;;2019-06-04;
7118;B018712;ROM;;2019-06-04;
7119;B018713;ROM;;2019-06-04;
7120;B018714;ROM;;2019-06-04;
7121;B018715;ROM;;2019-06-04;
7122;B018716;ROM;;2019-06-04;
7123;B018709;ROM;;2019-06-10;* Catégorie=«23C» * UA=«ROM» * Cote=«R BRY»
7124;B018738;ROM;;2019-06-04;
7124;B018739;ROM;;2019-06-04;
7124;B018740;ROM;;2019-06-04;
7125;B018736;ROM;;2019-06-04;
7126;B017329;ROM;;2019-06-04;
7127;B018737;ROM;;2019-06-04;
7128;B018746;ROM;;2019-06-04;
7129;B018745;ROM;;2019-06-04;
7130;B018752;ROM;;2019-06-04;
7131;B018753;ROM;;2019-06-04;
7132;B018786;ROM;;2019-06-04;
7133;B018787;ROM;;;
7134;B018788;ROM;;2019-06-04;
7135;B018773;ROM;;2019-06-04;
7136;B018785;ROM;;2019-06-04;
7137;B018780;ROM;;2019-06-04;
7138;B018779;ROM;;2019-06-04;
7139;B018783;ROM;;2019-06-04;
7139;B018782;ROM;;2019-06-04;
7140;B018781;ROM;;2019-06-04;
7141;B018790;ROM;;2019-06-04;
7142;B018857;ROM;;2019-06-04;
7143;B018858;ROM;;2019-06-04;
7144;B018852;ROM;;2019-06-04;
7145;B018985;ROM;;2019-06-04;
7146;B018986;ROM;;2019-06-04;
7147;B018984;ROM;;2019-06-04;
7148;B019028;ROM;;2019-06-04;
7149;B018971;ROM;;2019-06-04;
7150;B018970;ROM;;2019-06-04;
7151;B018972;ROM;;2019-06-04;
7152;B018974;ROM;;2019-06-04;
7153;B018987;ROM;;2019-06-04;
7154;B018973;ROM;;2019-06-04;
7155;B018913;ROM;;2019-06-04;
7156;B018912;ROM;;2019-06-04;
7157;B019125;ROM;;2019-06-04;
7158;B019126;ROM;;2019-06-04;
7159;B019124;ROM;;2019-06-04;
7160;B019128;ROM;;2019-06-04;
7161;B019129;ROM;;2019-06-04;
7162;B019136;ROM;;2019-06-04;
7162;B019135;ROM;;2019-06-04;
7163;B019127;ROM;;2019-06-04;
7164;B019130;ROM;;2019-06-04;
7165;B018864;ROM;;2019-06-04;
7166;B018875;ROM;;2019-06-04;
7167;B018934;ROM;1;2019-06-04;* PRÊTÉ ou PERDU
7167;B018933;ROM;;2019-06-04;
7168;B019137;ROM;;2019-06-04;
7169;B018916;ROM;;2019-06-04;
7170;B019003;ROM;;2019-06-04;
7171;B018853;ROM;;2019-06-04;
7172;B019264;ROM;;2019-06-04;
7173;B019265;ROM;;2019-06-04;
7174;B019267;ROM;;2019-06-04;
7175;B018877;ROM;;2019-06-04;
7176;B019299;ROM;;2019-06-04;
7177;B019406;ROM;;2019-06-04;
7177;B019405;ROM;;2019-06-04;
7178;B019368;ROM;;2019-06-04;
7178;B019366;ROM;;2019-06-04;
7178;B019367;ROM;;2019-06-04;
7179;B019384;ROM;;2019-06-04;
7179;B019377;ROM;;2019-06-04;
7179;B019378;ROM;;2019-06-04;
7180;B019364;ROM;;2019-06-04;
7180;B019363;ROM;;2019-06-04;
7180;B019365;ROM;;2019-06-04;
7181;B019385;ROM;;2019-06-04;
7182;B019401;ROM;;2019-06-04;
7182;B019397;ROM;;2019-06-04;
7183;B019382;ROM;;2019-06-04;
7184;B019389;ROM;;2019-06-04;
7184;B019390;ROM;;2019-06-04;
7185;B019394;ROM;;2019-06-04;
7185;B019392;ROM;;2019-06-04;
7185;B019393;ROM;;;
7186;B019430;ROM;;2019-06-04;
7186;B019380;ROM;;2019-06-04;
7186;B019379;ROM;;2019-06-04;
7186;B020632;ROM;;2019-06-04;
7187;B019429;ROM;;2019-06-04;
7187;B019428;ROM;;2019-06-04;
7188;B019360;ROM;;2019-06-04;
7188;B019361;ROM;;2019-06-04;
7190;B019446;ROM;;2019-06-04;
7191;B019500;ROM;;2019-06-04;
7192;B019425;ROM;;2019-06-04;
7193;B019424;ROM;;2019-06-04;
7194;B019422;ROM;;2019-06-04;
7195;B019423;ROM;;2019-06-04;
7196;B019427;ROM;;2019-06-04;
7197;B019426;ROM;;2019-06-04;
7198;B019442;ROM;;2019-06-04;
7199;B019418;ROM;;2019-06-04;
7200;B019472;ROM;;2019-06-04;
7201;B019419;ROM;;2019-06-04;
7202;B019421;ROM;;2019-06-04;
7203;B019536;ROM;;2019-06-04;
7204;B019409;ROM;;2019-06-04;
7205;B019433;ROM;;2019-06-04;* Cote=«Mady.»
7206;B019548;ROM;;2019-06-04;
7207;B019547;ROM;;2019-06-04;
7208;B019545;ROM;;2019-06-04;
7209;B019544;ROM;;2019-06-04;
7210;B019542;ROM;;2019-06-04;
7211;B019540;ROM;;2019-06-04;
7212;B019431;ROM;;2019-06-04;
7213;B019541;ROM;;2019-06-04;
7214;B019539;ROM;;2019-06-04;
7215;B004383;ADU;;2019-06-10;
7215;B017954;ADU;;2019-06-10;
7216;B009495;ADU;;2019-06-10;
7217;B009666;ADU;;2019-06-10;
7218;B009665;ADU;;2019-06-10;
7219;B009798;ADU;;2019-06-10;
7220;B009797;ADU;;2019-06-10;
7223;B010027;ADU;;2019-06-10;* Cote NON DÉFINIE
7224;B005705;ADU;;2019-06-10;* Catégorie=«ADU» * UA=«ADU»
7225;B005739;ADU;;2019-06-10;
7226;B010275;ADU;;2019-06-10;* Cote=«A 800»
7227;B008488;ADU;;2019-06-10;
7228;B010292;ADU;;;
7229;B010582;ADU;;;
7230;B010581;ADU;;;
7231;B008642;ADU;;2019-06-10;
7232;B010909;ADU;;2019-06-10;
7233;B010885;ADU;;2019-06-10;
7234;B010884;ADU;;;
7235;B011064;ADU;;2019-06-10;* Catégorie=«ADU» * UA=«ADU»
7236;B011065;ADU;1;2019-06-10;* Catégorie=«ADU» * UA=«ADU» * PRÊTÉ ou PERDU
7237;B010767;ADU;;2019-06-10;
7238;B011181;ADU;;2019-06-10;* Cote=«782.42»
7239;B011459;ADU;;2019-05-31;* Catégorie=«ADU» * UA=«ADU»
7240;B011461;ADU;;2019-06-10;
7241;B011460;ADU;;;
7242;B011462;ADU;;2019-05-31;* Catégorie=«ADU» * UA=«ADU» * Cote=«291.03»
7243;B011490;ADU;;2019-05-31;* Catégorie=«ADU» * UA=«ADU»
7244;B011478;ADU;;2019-06-10;
7245;B011515;ADU;;2019-06-10;
7246;B011516;ADU;;2019-06-10;
7247;B011517;ADU;;2019-06-10;
7248;B010762;ADU;8;;
7248;B011066;ADU;;2019-05-31;* Catégorie=«ADU» * UA=«ADU»
7248;B011067;ADU;;2019-05-31;* Catégorie=«ADU» * UA=«ADU»
7249;B011543;ADU;;2019-06-10;
7250;B011542;ADU;;2019-06-10;
7251;B011541;ADU;;2019-06-10;
7252;B011540;ADU;;2019-06-10;
7253;B011587;ADU;;2019-06-10;
7254;B011532;ADU;;2019-06-10;
7255;B011068;ADU;;;
7256;B011795;ADU;;2019-06-10;
7256;B008647;ADU;;2019-06-10;
7257;B011670;ADU;;2019-06-10;
7258;B011834;ADU;;2019-06-10;* Catégorie=«ADU» * UA=«ADU»
7259;B011794;ADU;;2019-06-10;
7260;B011923;ADU;;2019-06-10;
7261;B011804;ADU;;2019-06-10;* Catégorie=«ADU» * UA=«ADU»
7262;B011796;ADU;;;
7263;B011863;ADU;;2019-06-10;
7264;B011864;ADU;;2019-06-10;
7265;B010895;ADU;;;
7267;B011960;ADU;;2019-05-31;* Catégorie=«ADU» * UA=«ADU»
7267;B011959;ADU;8;;
7267;B012024;ADU;;2019-05-31;* Catégorie=«ADU» * UA=«ADU»
7268;B011962;ADU;;2019-06-10;* Catégorie=«ADU» * UA=«ADU»
7268;B011961;ADU;;2019-06-10;* Catégorie=«ADU» * UA=«ADU»
7269;B012062;ADU;;2019-05-31;* Catégorie=«ADU» * UA=«ADU»
7270;B012064;ADU;;2019-05-31;* Catégorie=«ADU» * UA=«ADU»
7271;B012063;ADU;;2019-05-31;* Catégorie=«ADU» * UA=«ADU»
7272;B012061;ADU;;2019-05-31;* Catégorie=«ADU» * UA=«ADU»
7273;B012092;ADU;;2019-06-10;* Catégorie=«ADU» * UA=«ADU»
7274;B012209;ADU;;2019-06-10;
7275;B012212;ADU;;2019-06-10;
7276;B012322;ADU;;2019-06-10;
7277;B012368;ADU;;2019-06-10;
7278;B012366;ADU;;2019-06-10;
7279;B011241;ADU;;2019-06-10;
7280;B012656;ADU;;2019-06-10;
7281;B012654;ADU;;;
7282;B012655;ADU;;;
7283;B012653;ADU;;2019-06-10;
7284;B012918;ADU;;2019-06-10;
7284;B013548;ADU;;2019-06-10;
7285;B011871;ADU;;2019-06-10;* Cote=«443»
7287;B013098;ADU;;2019-06-10;* Catégorie=«ADU» * UA=«ADU»
7288;B013453;ADU;;2019-06-10;* Cote=«912»
7289;B014840;ADU;;;
7290;B014545;ADU;;;
7291;B014915;ADU;;2019-06-10;
7292;B014914;ADU;;;
7292;B014913;ADU;;2019-06-10;* Cote=«448.103»
7292;B014912;ADU;1;;
7292;B014969;ADU;1;;
7293;B008837;ADU;;2019-06-10;
7294;B015083;ADU;;;
7294;B019104;ADU;;;
7295;B015129;ADU;;2019-06-10;
7296;B015137;ADU;;2019-06-10;* Cote=«REF STO»
7297;B015136;ADU;;2019-06-10;* Cote=«P BER Profs»
7298;B015135;ADU;;2019-06-10;* Cote=«P COR Profs»
7299;B015737;ADU;;2019-06-10;* Cote=«158»
7300;B015791;ADU;;2019-06-10;
7301;B015793;ADU;;2019-06-10;
7302;B015800;ADU;;2019-06-10;* Cote=«809.892»
7303;B015801;ADU;;2019-06-10;
7304;B015792;ADU;;2019-06-10;
7305;B015798;ADU;;2019-06-10;
7306;B015799;ADU;;2019-06-10;
7307;B015794;ADU;;2019-06-10;
7308;B015795;ADU;;2019-06-10;
7309;B015797;ADU;;2019-06-10;
7310;B015796;ADU;;2019-06-10;
7311;B016034;ADU;;2019-06-10;
7312;B016033;ADU;;2019-06-10;
7313;B016036;ADU;;2019-06-10;
7314;B016035;ADU;;;
7315;B016029;ADU;;2019-06-10;* Cote=«398.209»
7316;B016028;ADU;;2019-06-10;
7317;B016027;ADU;;2019-06-10;
7318;B015738;ADU;;2019-06-10;
7319;B016267;ADU;;;
7320;B016270;ADU;;2019-06-10;
7321;B016268;ADU;;2019-06-10;
7322;B016271;ADU;;2019-06-10;
7323;B016272;ADU;;;
7324;B016269;ADU;;;
7325;B016266;ADU;;2019-06-10;
7326;B016223;ADU;;2019-06-10;
7327;B016586;ADU;;2019-06-10;
7328;B016749;ADU;;2019-06-10;
7329;B016755;ADU;;2019-06-10;
7329;B016754;ADU;;2019-06-10;
7330;B016768;ADU;;2019-06-10;
7331;B016041;ADU;1;;
7332;B017854;ADU;;2019-06-10;
7333;B017963;ADU;;;
7334;B017971;ADU;;;
7335;B017979;ADU;;;
7336;B017955;ADU;;;
7337;B017947;ADU;;;
7338;B017978;ADU;;;
7339;B017976;ADU;1;;
7340;B017953;ADU;;2019-06-10;
7341;B017984;ADU;;2019-06-10;
7342;B018030;ADU;;2019-06-10;
7343;B018189;ADU;;2019-06-10;
7344;B018188;ADU;;2019-06-10;
7345;B018331;ADU;;2019-06-10;
7345;B017582;ADU;1;;
7346;B018330;ADU;;2019-06-10;* Cote=«155.423»
7347;B018329;ADU;;2019-06-10;
7348;B018328;ADU;;2019-06-10;
7349;B018327;ADU;;2019-06-10;
7350;B018326;ADU;;2019-06-10;
7351;B018324;ADU;;2019-06-10;
7351;B020280;ADU;1;;
7352;B018286;ADU;;2019-06-10;
7353;B019103;ADU;1;;
7354;B019252;ADU;;2019-06-10;
7355;B019254;ADU;;2019-06-10;
7356;B019253;ADU;;;
7357;B019255;ADU;;;
7357;B020137;ADU;1;;
7358;B019272;ADU;1;;
7359;B019273;ADU;;;
7360;B019534;ADU;;;
7361;B019533;ADU;;;
7362;B019546;ADU;1;;
7363;B019554;ADU;1;;
7364;B019786;ADU;1;;
7364;B020205;ADU;1;;
7365;B010223;AALB;;2019-06-07;
7365;B003888;AALB;;2019-06-07;
7366;B010221;AALB;;2019-06-07;
7367;B010229;AALB;;2019-06-07;
7368;B010211;AALB;;2019-06-07;
7369;B010206;AALB;;2019-06-07;
7370;B010218;AALB;;2019-06-07;
7370;B003769;AALB;;2019-06-07;
7371;B010228;AALB;;2019-06-07;
7372;B010217;AALB;;2019-06-07;
7373;B010225;AALB;;;
7374;B010216;AALB;;2019-06-07;
7375;B010227;AALB;;2019-06-07;
7375;B011995;AALB;;2019-06-07;
7376;B010201;AALB;;2019-06-07;
7377;B010222;AALB;;2019-06-07;
7378;B010220;AALB;;2019-06-07;
7379;B010226;AALB;;2019-06-07;
7380;B010241;AALB;;2019-06-07;
7381;B010219;AALB;;2019-06-07;
7381;B003860;AALB;;2019-06-10;
7382;B010200;AALB;;2019-06-07;
7383;B010209;AALB;;2019-06-07;
7384;B010230;AALB;;2019-06-07;
7385;B010212;AALB;;2019-06-07;
7386;B010204;AALB;;2019-06-07;
7387;B010215;AALB;;2019-06-07;
7388;B010213;AALB;;2019-06-07;
7389;B010210;AALB;;2019-06-07;
7390;B010214;AALB;;2019-06-07;
7391;B010207;AALB;;2019-06-07;
7392;B010240;AALB;;2019-06-07;
7393;B010202;AALB;;2019-06-07;
7394;B003711;AALB;;2019-06-07;
7395;B003659;AALB;;2019-06-07;
7396;B009204;AALB;;2019-06-07;
7396;B009202;AALB;;2019-06-07;
7397;B009197;AALB;;2019-06-07;
7397;B009206;AALB;;2019-06-07;
7398;B009198;AALB;;2019-06-07;
7399;B009205;AALB;;2019-06-07;
7399;B009195;AALB;;2019-06-07;
7400;B009196;AALB;;2019-06-07;
7401;B010208;AALB;;2019-06-07;
7402;B010205;AALB;;2019-06-07;
7403;B010236;AALB;;2019-06-07;
7404;B010232;AALB;;2019-06-07;
7405;B010237;AALB;;2019-06-07;
7405;B003884;AALB;;2019-06-07;
7406;B010233;AALB;;2019-06-07;
7407;B010231;AALB;;2019-06-07;
7408;B010234;AALB;;2019-06-07;
7409;B010238;AALB;;2019-06-07;
7410;B010235;AALB;;2019-06-07;
7411;B010239;AALB;;2019-06-07;
7412;B003885;AALB;;2019-06-07;
7413;B003824;AALB;;2019-06-07;
7414;B003816;AALB;;2019-06-07;
7414;B005142;AALB;;2019-06-07;
7415;B003814;AALB;;2019-06-07;
7416;B003900;AALB;;2019-06-07;
7417;B003815;AALB;;2019-06-07;
7418;B003874;AALB;;2019-06-07;
7419;B003817;AALB;;2019-06-07;
7420;B003808;AALB;;2019-06-07;
7421;B003822;AALB;;2019-06-07;
7422;B003764;AALB;;2019-06-07;
7423;B003819;AALB;;2019-06-07;
7424;B003896;AALB;;2019-06-07;
7425;B003887;AALB;;2019-06-10;
7426;B003870;AALB;;2019-06-07;
7427;B003809;AALB;;2019-06-07;
7428;B003829;AALB;;2019-06-07;
7429;B003877;AALB;;2019-06-07;
7430;B003762;AALB;;2019-06-07;
7431;B003739;AALB;;2019-06-07;
7432;B003782;AALB;;2019-06-07;
7433;B003828;AALB;;2019-06-07;
7434;B003842;AALB;;2019-06-07;
7435;B003865;AALB;;2019-06-07;
7436;B003770;AALB;;2019-06-07;
7437;B003859;AALB;;2019-06-07;
7438;B003857;AALB;;2019-06-07;
7439;B003786;AALB;;2019-06-07;
7440;B003831;AALB;;2019-06-07;
7441;B003869;AALB;;2019-06-07;
7442;B003889;AALB;;2019-06-07;
7442;B003825;AALB;;2019-06-07;
7443;B003805;AALB;;2019-06-07;
7444;B003880;AALB;;2019-06-10;
7445;B003745;AALB;;2019-06-07;
7446;B003813;AALB;;2019-06-07;
7446;B003882;AALB;;2019-06-07;
7447;B003862;AALB;;2019-06-07;* Cote=«A BIA»
7448;B003839;AALB;;2019-06-07;
7449;B003783;AALB;;2019-06-07;
7450;B003866;AALB;;2019-06-07;
7451;B003820;AALB;;2019-06-10;
7452;B003858;AALB;;2019-06-07;
7453;B003893;AALB;;2019-06-07;
7454;B003761;AALB;;2019-06-10;
7455;B003898;AALB;;2019-06-07;
7456;B003804;AALB;;2019-06-07;
7457;B003840;AALB;;2019-06-07;
7458;B003781;AALB;;2019-06-07;
7459;B003883;AALB;;2019-06-07;
7460;B003787;AALB;;2019-06-07;* Cote=«A BIA»
7461;B003789;AALB;;2019-06-07;
7462;B003790;AALB;;2019-06-07;
7463;B003744;AALB;;2019-06-07;
7464;B003803;AALB;;2019-06-07;
7465;B003785;AALB;;2019-06-07;
7466;B003792;AALB;;2019-06-07;
7467;B003714;AALB;;2019-06-07;
7468;B003734;AALB;;2019-06-07;* Cote=«A VAA»
7469;B003712;AALB;;2019-06-07;
7470;B003795;AALB;;2019-06-07;
7471;B003934;AALB;;2019-06-07;
7472;B003933;AALB;;2019-06-07;
7473;B003738;AALB;;2019-06-07;
7474;B009176;AALB;;2019-06-07;
7475;B003743;AALB;;2019-06-07;* UA=«AALB» * Cote=«A AHL»
7476;B003931;AALB;;2019-06-07;
7477;B003747;AALB;;2019-06-07;
7478;B003746;AALB;;2019-06-07;
7479;B003812;AALB;;2019-06-07;* Cote=«A BIS»
7480;B003838;AALB;;2019-06-07;
7481;B003727;AALB;;2019-06-07;
7482;B003777;AALB;;2019-06-07;
7483;B003723;AALB;;2019-06-07;
7484;B003728;AALB;;2019-06-07;
7485;B003773;AALB;;2019-06-07;
7486;B003754;AALB;;2019-06-07;
7487;B003731;AALB;;2019-06-07;
7488;B003856;AALB;;2019-06-07;
7489;B003733;AALB;;2019-06-07;
7490;B003891;AALB;;2019-06-07;
7491;B003732;AALB;;2019-06-07;
7492;B003717;AALB;;2019-06-07;* UA=«AALB» * Cote=«A ALL»
7493;B003725;AALB;;2019-06-07;
7494;B003775;AALB;;2019-06-07;
7495;B003788;AALB;;2019-06-07;
7496;B003748;AALB;;2019-06-07;
7497;B003932;AALB;;2019-06-07;
7498;B009203;AALB;;2019-06-07;
7499;B003780;AALB;;2019-06-07;* Cote=«A WIN»
7500;B003836;AALB;;2019-06-10;
7501;B003936;AALB;;2019-06-07;
7502;B003750;AALB;;2019-06-07;
7503;B003742;AALB;;2019-06-07;
7504;B003779;AALB;;2019-06-07;
7505;B003794;AALB;;2019-06-07;
7506;B003721;AALB;;2019-06-07;
7507;B003797;AALB;;2019-06-07;
7508;B009201;AALB;;2019-06-07;
7509;B003722;AALB;;2019-06-07;
7510;B003771;AALB;;2019-06-07;
7511;B003737;AALB;;2019-06-07;
7512;B003736;AALB;;2019-06-07;
7513;B003741;AALB;;2019-06-07;* Cote=«A NES»
7514;B003823;AALB;;2019-06-07;
7515;B003802;AALB;;2019-06-10;
7516;B003653;AALB;;2019-06-07;
7517;B003930;AALB;;2019-06-07;
7518;B003879;AALB;;2019-06-10;
7519;B010444;AALB;;2019-06-07;
7520;B012057;AALB;;2019-06-07;
7521;B013178;AALB;;2019-06-06;* Catégorie=«ANG» * UA=«AALB»
7522;B013582;AALB;;2019-06-07;
7523;B013581;AALB;;;
7524;B013922;AALB;;2019-06-07;* Cote=«A 741.5 v.3»
7525;B014798;AALB;;2019-06-07;
7526;B013172;AALB;1;;
7527;B017306;AALB;;2019-06-07;* UA=«AALB»
7527;B017323;AALB;;2019-06-07;* UA=«AALB»
7528;B017436;AALB;;2019-06-07;* UA=«AALB»
7529;B017460;AALB;;2019-06-07;* UA=«AALB»
7530;B017451;AALB;;2019-06-07;* UA=«AALB»
7531;B017443;AALB;;2019-06-07;* UA=«AALB»
7532;B018004;AALB;;2019-06-07;
7533;B018007;AALB;;2019-06-07;
7533;B018015;AALB;;2019-06-07;
7534;B018016;AALB;;2019-06-07;
7534;B018024;AALB;;2019-06-07;
7535;B018005;AALB;;2019-06-07;
7536;B017997;AALB;;2019-06-07;
7537;B018021;AALB;;2019-06-07;
7537;B018013;AALB;;2019-06-07;
7538;B017504;AALB;;2019-06-07;
7539;B008984;ADOC;;2019-06-07;
7540;B009192;ADOC;;2019-06-07;
7541;B003624;ADOC;;2019-06-07;
7542;B009077;ADOC;;2019-06-07;
7543;B009211;ADOC;;2019-06-07;
7544;B009098;ADOC;;2019-06-07;
7545;B003657;ADOC;;2019-06-07;
7546;B003703;ADOC;;2019-06-07;
7547;B009243;ADOC;;2019-06-07;
7547;B009165;ADOC;;2019-06-07;
7548;B003628;ADOC;;2019-06-07;
7549;B009044;ADOC;;2019-06-07;
7550;B009038;ADOC;;2019-06-07;
7551;B009039;ADOC;;2019-06-07;
7552;B009231;ADOC;;2019-06-07;
7552;B009159;ADOC;;2019-06-07;
7553;B003969;ADOC;;2019-06-07;
7554;B003968;ADOC;;2019-06-07;
7555;B003945;ADOC;;2019-06-07;
7556;B003943;ADOC;;2019-06-07;
7557;B003916;ADOC;;2019-06-07;
7558;B003913;ADOC;;2019-06-07;
7559;B003914;ADOC;;2019-06-07;
7560;B009057;ADOC;;2019-06-07;* Cote=«A 300.971»
7560;B009097;ADOC;;2019-06-07;
7561;B009095;ADOC;;2019-06-07;
7562;B003964;ADOC;;2019-06-07;
7563;B003970;ADOC;;2019-06-07;
7564;B003940;ADOC;;2019-06-07;
7565;B003972;ADOC;;2019-06-07;
7566;B009094;ADOC;;2019-06-07;
7567;B003971;ADOC;;2019-06-07;
7568;B003944;ADOC;;2019-06-07;
7569;B003705;ADOC;;2019-06-07;
7570;B003941;ADOC;;2019-06-07;
7571;B003994;ADOC;;2019-06-07;
7572;B009256;ADOC;;2019-06-07;
7572;B009162;ADOC;;2019-06-07;
7573;B009260;ADOC;;2019-06-07;
7573;B009168;ADOC;;2019-06-07;
7574;B009167;ADOC;;2019-06-07;
7574;B009233;ADOC;;2019-06-07;
7575;B009151;ADOC;;2019-06-07;
7575;B009232;ADOC;;2019-06-07;
7576;B009265;ADOC;;2019-06-07;
7576;B009148;ADOC;;2019-06-07;
7577;B009146;ADOC;;2019-06-07;
7577;B009248;ADOC;;2019-06-07;
7578;B009164;ADOC;;2019-06-07;
7578;B009229;ADOC;;2019-06-07;
7579;B009244;ADOC;;2019-06-07;
7579;B009152;ADOC;;2019-06-07;
7580;B009172;ADOC;;2019-06-07;
7580;B009261;ADOC;;2019-06-07;
7581;B009143;ADOC;;2019-06-07;
7581;B009255;ADOC;;2019-06-07;
7582;B009056;ADOC;;2019-06-07;
7583;B008971;ADOC;;2019-06-07;
7584;B008970;ADOC;;2019-06-07;
7585;B003861;ADOC;;2019-06-07;
7586;B003853;ADOC;;2019-06-07;
7587;B003798;ADOC;;2019-06-07;
7588;B003834;ADOC;;2019-06-07;
7589;B003759;ADOC;;2019-06-07;
7590;B003833;ADOC;;2019-06-07;
7591;B003774;ADOC;;2019-06-07;
7592;B003726;ADOC;;2019-06-07;
7593;B003713;ADOC;;2019-06-07;* Cote=«a 973.3 341»
7594;B003751;ADOC;;2019-06-07;
7595;B003719;ADOC;;2019-06-07;
7596;B003752;ADOC;;2019-06-07;
7597;B003784;ADOC;;2019-06-07;
7598;B008973;ADOC;;2019-06-07;
7599;B009096;ADOC;;2019-06-07;
7600;B003919;ADOC;;2019-06-07;
7601;B003923;ADOC;;2019-06-07;
7602;B003974;ADOC;;2019-06-07;
7603;B009735;ADOC;;2019-06-07;
7604;B009740;ADOC;;2019-06-07;
7605;B009189;ADOC;;2019-06-07;
7606;B009207;ADOC;;2019-06-07;
7607;B008968;ADOC;;2019-06-07;
7608;B009738;ADOC;;2019-06-07;
7609;B008972;ADOC;;2019-06-07;
7610;B003912;ADOC;;2019-06-07;
7611;B003911;ADOC;;2019-06-07;
7612;B003910;ADOC;;2019-06-07;
7613;B003966;ADOC;;2019-06-07;
7614;B009240;ADOC;;2019-06-07;
7614;B009155;ADOC;;2019-06-07;
7615;B009239;ADOC;;2019-06-07;
7615;B009142;ADOC;;2019-06-07;
7616;B009158;ADOC;;2019-06-07;
7617;B009173;ADOC;;2019-06-07;
7617;B009230;ADOC;;2019-06-07;
7618;B010274;ADOC;;2019-06-07;
7619;B008969;ADOC;;2019-06-07;
7620;B010100;ADOC;;2019-06-07;
7621;B010098;ADOC;;2019-06-07;
7622;B010102;ADOC;;2019-06-07;
7623;B010101;ADOC;;2019-06-07;
7624;B010095;ADOC;;2019-06-07;
7625;B010103;ADOC;;2019-06-07;
7626;B010099;ADOC;;2019-06-07;
7627;B010096;ADOC;;2019-06-07;
7628;B010097;ADOC;;2019-06-07;
7629;B010263;ADOC;;2019-06-07;
7630;B010264;ADOC;;2019-06-07;
7631;B010276;ADOC;;2019-06-07;
7632;B010078;ADOC;;2019-06-07;
7633;B010265;ADOC;;2019-06-07;
7634;B010270;ADOC;;2019-06-07;
7635;B010266;ADOC;;2019-06-07;
7636;B010273;ADOC;;2019-06-07;
7637;B010272;ADOC;;2019-06-07;
7638;B010271;ADOC;;2019-06-07;
7639;B003821;ADOC;;2019-06-07;
7640;B003772;ADOC;;2019-06-07;
7641;B003929;ADOC;;2019-06-07;
7642;B010269;ADOC;;2019-06-07;
7643;B003894;ADOC;;2019-06-07;
7644;B003926;ADOC;;2019-06-10;
7645;B003965;ADOC;;2019-06-07;
7646;B003967;ADOC;;2019-06-07;
7647;B003920;ADOC;;2019-06-07;
7648;B004366;ADOC;;2019-06-07;* Cote=«759.5»
7649;B003702;ADOC;;2019-06-07;
7649;B003706;ADOC;;2019-06-07;
7650;B003704;ADOC;;2019-06-07;
7651;B003710;ADOC;;2019-06-07;
7652;B003709;ADOC;;2019-06-07;
7653;B003708;ADOC;;2019-06-07;
7654;B003942;ADOC;;2019-06-07;
7655;B003691;ADOC;;2019-06-07;
7656;B011867;ADOC;;2019-06-07;
7657;B013217;ADOC;;;
7658;B013014;ADOC;;2019-06-07;
7659;B013156;ADOC;;2019-06-07;
7660;B013211;ADOC;;2019-06-07;
7661;B013913;ADOC;;2019-06-07;
7662;B013949;ADOC;;2019-06-07;
7663;B013947;ADOC;;2019-06-07;
7664;B013965;ADOC;;2019-06-07;* UA=«ADOC» * Cote=«A 031.02»
7665;B013951;ADOC;;2019-06-07;
7666;B017459;ADOC;;2019-06-07;
7666;B017452;ADOC;;2019-06-07;
7667;B017327;ADOC;;2019-06-07;
7668;B017433;ADOC;;2019-06-07;
7669;B017993;ADOC;;2019-06-07;
7670;B018020;ADOC;;2019-06-07;
7670;B017989;ADOC;;2019-06-07;
7671;B018001;ADOC;;2019-06-07;
7672;B017992;ADOC;;2019-06-07;
7672;B018023;ADOC;;2019-06-07;
7672;B018000;ADOC;;2019-06-07;
7673;B017447;ADOC;;2019-06-07;
7674;B017478;ADOC;;2019-06-07;
7675;B017446;ADOC;;2019-06-07;
7676;B017464;ADOC;;2019-06-07;
7677;B017440;ADOC;;2019-06-07;
7678;B017448;ADOC;;2019-06-07;
7679;B009191;AROM;;2019-06-07;
7680;B009253;AROM;;2019-06-07;
7681;B003638;AROM;;2019-06-07;
7682;B009071;AROM;;2019-06-07;
7683;B009072;AROM;;2019-06-07;
7683;B013940;AROM;;2019-06-07;
7684;B008997;AROM;;2019-06-07;
7685;B009724;AROM;;2019-06-07;
7686;B003612;AROM;;2019-06-07;* UA=«AROM» * Cote=«A WEI»
7687;B009730;AROM;;2019-06-07;
7688;B009017;AROM;;2019-06-07;
7689;B009111;AROM;;2019-06-07;
7690;B009022;AROM;;2019-06-07;
7691;B009023;AROM;;2019-06-07;
7692;B009059;AROM;;2019-06-07;
7693;B008994;AROM;;2019-06-07;
7693;B017335;AROM;;2019-06-07;
7694;B009725;AROM;;2019-06-07;
7695;B009109;AROM;;2019-06-07;
7696;B009122;AROM;;2019-06-07;
7697;B009731;AROM;;2019-06-07;
7698;B009112;AROM;;2019-06-07;
7699;B009115;AROM;;2019-06-07;
7700;B009075;AROM;;2019-06-07;
7701;B009728;AROM;;2019-06-07;
7702;B009732;AROM;;2019-06-07;
7703;B008986;AROM;;2019-06-07;
7704;B009106;AROM;;2019-06-07;
7704;B013941;AROM;;2019-06-07;
7705;B003630;AROM;;2019-06-07;
7706;B009733;AROM;;2019-06-07;
7707;B009069;AROM;;2019-06-07;
7708;B008991;AROM;;2019-06-07;
7709;B009073;AROM;;2019-06-07;
7709;B009107;AROM;;2019-06-07;
7709;B009108;AROM;;2019-06-07;
7709;B009117;AROM;;2019-06-07;
7710;B003610;AROM;;2019-06-07;
7711;B008990;AROM;;2019-06-07;
7712;B009727;AROM;;2019-06-07;
7713;B009769;AROM;;2019-06-07;
7714;B008995;AROM;;2019-06-07;
7715;B008982;AROM;;2019-06-07;
7716;B009734;AROM;;2019-06-07;
7717;B008992;AROM;;2019-06-07;
7718;B008987;AROM;;2019-06-07;
7719;B009016;AROM;;2019-06-07;
7720;B009729;AROM;;2019-06-07;
7721;B009222;AROM;;2019-06-07;
7722;B009726;AROM;;2019-06-07;
7723;B009113;AROM;;2019-06-07;
7724;B009131;AROM;;2019-06-07;
7724;B009272;AROM;;2019-06-07;
7725;B009274;AROM;;2019-06-07;
7726;B003563;AROM;;2019-06-07;
7727;B003586;AROM;;2019-06-07;
7727;B013272;AROM;;2019-06-07;
7728;B009084;AROM;;2019-06-07;
7729;B008977;AROM;;2019-06-07;
7730;B008978;AROM;;2019-06-07;
7730;B013257;AROM;;2019-06-07;
7731;B009027;AROM;;2019-06-07;
7732;B009005;AROM;;2019-06-07;
7733;B009125;AROM;;2019-06-07;
7734;B003626;AROM;;2019-06-07;
7734;B013270;AROM;;2019-06-07;
7735;B009976;AROM;;2019-06-07;
7735;B009999;AROM;;2019-06-07;
7736;B010242;AROM;;2019-06-07;
7737;B010002;AROM;;2019-06-07;
7737;B009975;AROM;;2019-06-07;
7737;B009977;AROM;;2019-06-07;
7738;B009971;AROM;;2019-06-07;
7738;B009963;AROM;;2019-06-07;
7739;B009970;AROM;;2019-06-07;
7739;B009973;AROM;;2019-06-07;
7739;B010001;AROM;;2019-06-07;
7740;B008999;AROM;;2019-06-07;
7741;B009002;AROM;;2019-06-07;
7742;B009068;AROM;;2019-06-07;
7743;B009118;AROM;;2019-06-07;
7744;B003611;AROM;;2019-06-07;
7744;B013269;AROM;;2019-06-07;
7745;B009088;AROM;;2019-06-07;
7746;B008979;AROM;;2019-06-07;
7747;B003581;AROM;;2019-06-07;
7747;B003582;AROM;;2019-06-07;
7747;B003583;AROM;;2019-06-07;
7747;B003584;AROM;;2019-06-07;
7747;B003585;AROM;;2019-06-07;
7747;B003568;AROM;;2019-06-07;
7747;B003569;AROM;;2019-06-07;
7747;B003571;AROM;;2019-06-07;
7747;B003573;AROM;;2019-06-07;
7747;B003574;AROM;;2019-06-07;
7747;B003575;AROM;;2019-06-07;
7747;B003576;AROM;;2019-06-07;
7747;B003577;AROM;;2019-06-07;
7747;B003578;AROM;;2019-06-07;
7747;B003572;AROM;;2019-06-07;
7747;B003579;AROM;;2019-06-07;
7747;B003580;AROM;;2019-06-07;
7747;B003570;AROM;;2019-06-07;
7747;B013266;AROM;;2019-06-07;
7748;B009029;AROM;;2019-06-07;
7748;B013256;AROM;;2019-06-07;
7749;B009028;AROM;;2019-06-07;
7750;B009064;AROM;;2019-06-07;
7750;B013943;AROM;;2019-06-07;
7751;B009964;AROM;;2019-06-07;
7752;B009972;AROM;;2019-06-07;
7752;B009966;AROM;;2019-06-07;
7753;B009974;AROM;;2019-06-07;
7753;B009995;AROM;;2019-06-07;
7754;B009969;AROM;;2019-06-07;
7754;B009979;AROM;;2019-06-07;
7755;B003650;AROM;;2019-06-07;
7756;B009120;AROM;;2019-06-07;
7757;B009100;AROM;;2019-06-07;
7758;B009003;AROM;;2019-06-07;
7759;B009065;AROM;;2019-06-07;
7760;B003587;AROM;;2019-06-07;
7761;B009085;AROM;;2019-06-07;
7761;B009014;AROM;;2019-06-07;
7762;B009055;AROM;;2019-06-07;
7763;B003616;AROM;;2019-06-07;
7764;B009765;AROM;;2019-06-07;
7765;B009768;AROM;;2019-06-07;
7766;B008965;AROM;;2019-06-07;
7767;B003595;AROM;;2019-06-07;
7768;B009114;AROM;;2019-06-07;
7769;B009124;AROM;;2019-06-07;
7770;B009102;AROM;;2019-06-07;
7771;B003643;AROM;;2019-06-07;
7772;B003618;AROM;1;;
7773;B009121;AROM;;2019-06-07;
7774;B003644;AROM;;2019-06-07;
7775;B009224;AROM;;2019-06-07;
7776;B003594;AROM;;2019-06-07;
7777;B003593;AROM;;2019-06-07;
7778;B003652;AROM;;2019-06-07;
7779;B009099;AROM;;2019-06-07;
7780;B008962;AROM;;2019-06-07;
7781;B003631;AROM;;2019-06-07;
7782;B009012;AROM;;2019-06-07;
7783;B003621;AROM;;2019-06-07;
7784;B008967;AROM;;2019-06-07;
7785;B008975;AROM;;2019-06-07;
7785;B009087;AROM;;2019-06-07;
7786;B003645;AROM;;2019-06-07;
7787;B009013;AROM;;2019-06-07;
7788;B003632;AROM;;2019-06-07;
7789;B003622;AROM;;2019-06-07;
7790;B008976;AROM;;2019-06-07;
7791;B003648;AROM;;2019-06-07;
7792;B009052;AROM;;2019-06-07;
7793;B003647;AROM;;2019-06-07;
7794;B003938;AROM;;2019-06-07;
7795;B009015;AROM;;2019-06-07;
7796;B003646;AROM;;2019-06-07;
7797;B003592;AROM;;2019-06-07;
7798;B009060;AROM;;2019-06-07;
7799;B008964;AROM;;2019-06-07;
7800;B008966;AROM;;2019-06-07;
7801;B009123;AROM;;2019-06-07;
7801;B009062;AROM;;2019-06-07;
7802;B009767;AROM;;2019-06-07;
7803;B009766;AROM;;2019-06-07;
7804;B008963;AROM;;2019-06-07;
7805;B009136;AROM;;2019-06-07;
7806;B009251;AROM;;2019-06-07;
7807;B009250;AROM;;2019-06-07;
7808;B009273;AROM;;2019-06-07;
7809;B003637;AROM;;2019-06-07;
7810;B009137;AROM;;2019-06-07;
7811;B003649;AROM;;2019-06-07;
7812;B003588;AROM;;2019-06-07;
7813;B009210;AROM;;2019-06-07;
7814;B009190;AROM;;2019-06-07;
7815;B009194;AROM;;2019-06-07;
7816;B009193;AROM;;2019-06-04;* Catégorie=«ANG» * UA=«AROM» * Cote=«A DIT v.4»
7817;B009209;AROM;;2019-06-04;* Catégorie=«ANG» * UA=«AROM» * Cote=«A DIT v.5»
7818;B009024;AROM;;2019-06-07;
7819;B009132;AROM;;2019-06-07;
7820;B009127;AROM;;2019-06-07;* Cote=«A EBE»
7821;B003561;AROM;;2019-06-07;
7822;B009126;AROM;;2019-06-10;
7823;B009252;AROM;;2019-06-07;
7824;B009130;AROM;;2019-06-07;
7824;B017398;AROM;;2019-06-04;* Catégorie=«ANG» * UA=«AROM» * Cote=«A HOR»
7825;B009001;AROM;;2019-06-07;
7826;B009133;AROM;;2019-06-07;
7827;B008974;AROM;;2019-06-07;
7828;B009103;AROM;;2019-06-07;
7829;B009104;AROM;;2019-06-07;
7830;B009105;AROM;;2019-06-07;
7831;B010000;AROM;;2019-06-07;
7831;B009978;AROM;;2019-06-07;
7832;B009996;AROM;;2019-06-07;
7833;B009000;AROM;;2019-06-07;
7834;B008961;AROM;;2019-06-07;
7835;B009061;AROM;;2019-06-07;
7836;B009128;AROM;;2019-06-07;
7837;B009739;AROM;;2019-06-07;
7838;B008959;AROM;;2019-06-07;
7839;B008960;AROM;;2019-06-07;
7840;B009736;AROM;;2019-06-07;
7841;B008985;AROM;;2019-06-07;
7842;B010159;AROM;;2019-06-07;
7843;B003640;AROM;;2019-06-07;
7844;B010157;AROM;;2019-06-07;
7844;B013550;AROM;;2019-06-07;
7845;B003629;AROM;;2019-06-07;
7846;B009227;AROM;;2019-06-07;
7847;B010152;AROM;;2019-06-07;
7847;B013555;AROM;;2019-06-07;
7848;B010165;AROM;;2019-06-07;
7849;B010005;AROM;;2019-06-07;
7850;B010151;AROM;;2019-06-07;
7850;B013556;AROM;;2019-06-07;
7851;B009980;AROM;;2019-06-07;
7852;B003651;AROM;;2019-06-07;
7853;B010158;AROM;;2019-06-07;
7854;B010173;AROM;;2019-06-07;
7855;B010154;AROM;;2019-06-07;
7855;B013553;AROM;;2019-06-07;
7856;B009216;AROM;;2019-06-07;
7856;B010060;AROM;;2019-06-07;
7857;B010144;AROM;;2019-06-07;
7858;B010143;AROM;;2019-06-07;
7859;B010147;AROM;;2019-06-07;
7860;B010149;AROM;;2019-06-07;
7860;B017320;AROM;;;
7860;B017422;AROM;;2019-06-07;
7861;B010145;AROM;;2019-06-07;
7862;B010142;AROM;;2019-06-07;
7863;B010141;AROM;;2019-06-07;
7864;B010153;AROM;;2019-06-07;
7864;B013554;AROM;;2019-06-07;
7865;B010160;AROM;;2019-06-07;
7866;B003596;AROM;;2019-06-07;
7867;B009119;AROM;;2019-06-07;
7868;B003603;AROM;;2019-06-07;
7869;B009990;AROM;;2019-06-07;
7870;B010150;AROM;;2019-06-07;
7870;B013557;AROM;;2019-06-07;
7871;B010161;AROM;;2019-06-07;
7872;B010164;AROM;;2019-06-07;
7873;B009982;AROM;;2019-06-07;
7874;B010175;AROM;;2019-06-07;
7874;B010047;AROM;;2019-06-07;
7875;B010168;AROM;;2019-06-07;
7875;B013961;AROM;;2019-06-07;
7876;B003639;AROM;;2019-06-07;
7877;B009200;AROM;;2019-06-07;
7877;B010063;AROM;;2019-06-07;
7878;B003597;AROM;;2019-06-07;
7879;B003598;AROM;;2019-06-07;
7880;B010155;AROM;;2019-06-07;
7880;B013552;AROM;;2019-06-07;
7881;B010162;AROM;;2019-06-07;
7882;B010003;AROM;;2019-06-07;
7883;B010156;AROM;;2019-06-07;
7883;B013551;AROM;;2019-06-07;
7884;B009217;AROM;;2019-06-07;
7885;B009006;AROM;;2019-06-07;
7886;B009011;AROM;;2019-06-07;
7887;B011014;AROM;;2019-06-07;
7888;B009010;AROM;;2019-06-07;
7889;B009008;AROM;;2019-06-07;
7890;B009089;AROM;;2019-06-07;
7891;B010171;AROM;;2019-06-07;
7892;B010167;AROM;;2019-06-07;
7892;B013963;AROM;;;
7893;B009214;AROM;;2019-06-07;
7893;B010061;AROM;;2019-06-07;
7894;B009058;AROM;;2019-06-07;
7895;B009213;AROM;;2019-06-07;
7895;B010068;AROM;;2019-06-07;
7896;B009215;AROM;;2019-06-07;
7896;B010065;AROM;;2019-06-07;
7897;B010169;AROM;;2019-06-07;
7897;B011786;AROM;;;
7898;B010163;AROM;;2019-06-07;
7899;B010012;AROM;;2019-06-07;
7900;B010014;AROM;;2019-06-07;
7901;B010172;AROM;;2019-06-07;
7902;B009994;AROM;;2019-06-07;
7903;B010166;AROM;;;
7903;B013964;AROM;;2019-06-07;
7904;B003625;AROM;;2019-06-07;
7905;B013962;AROM;;2019-06-07;
7906;B009219;AROM;;2019-06-07;
7906;B010064;AROM;;2019-06-07;
7907;B009009;AROM;;2019-06-07;
7908;B009134;AROM;;2019-06-07;
7909;B003633;AROM;;2019-06-07;
7910;B009249;AROM;;2019-06-07;
7911;B009266;AROM;;2019-06-07;
7912;B009271;AROM;;2019-06-07;
7913;B009723;AROM;;2019-06-07;
7914;B008998;AROM;;2019-06-07;
7915;B003642;AROM;;2019-06-07;
7916;B003615;AROM;;2019-06-07;
7917;B009063;AROM;;2019-06-07;
7918;B009254;AROM;;2019-06-07;* UA=«AROM»
7919;B009020;AROM;;2019-06-07;
7920;B008981;AROM;;2019-06-07;
7921;B009026;AROM;;2019-06-07;
7922;B009018;AROM;;2019-06-07;
7923;B008996;AROM;;2019-06-07;
7924;B009004;AROM;;2019-06-07;
7925;B009101;AROM;;2019-06-07;
7926;B009110;AROM;;2019-06-07;
7927;B003565;AROM;;2019-06-07;
7928;B003566;AROM;;2019-06-07;
7929;B009081;AROM;;2019-06-07;
7930;B009981;AROM;;2019-06-07;
7931;B009983;AROM;;2019-06-07;
7932;B009984;AROM;;2019-06-07;
7933;B009986;AROM;;2019-06-07;
7934;B009987;AROM;;2019-06-07;
7935;B009988;AROM;;2019-06-07;
7936;B009989;AROM;;2019-06-07;
7937;B009991;AROM;;2019-06-07;
7938;B009992;AROM;;2019-06-07;
7939;B009993;AROM;;2019-06-07;
7940;B010016;AROM;;2019-06-07;
7941;B010007;AROM;;2019-06-07;
7942;B010004;AROM;;2019-06-07;
7943;B010009;AROM;;2019-06-07;
7944;B010008;AROM;;2019-06-07;
7945;B010006;AROM;;2019-06-07;
7946;B010011;AROM;;2019-06-07;
7947;B010010;AROM;;2019-06-07;
7948;B010013;AROM;;2019-06-07;
7949;B010015;AROM;;2019-06-07;
7950;B009083;AROM;;2019-06-07;
7951;B009025;AROM;;2019-06-07;
7952;B009086;AROM;;2019-06-07;
7953;B008989;AROM;;2019-06-07;
7954;B009070;AROM;;2019-06-07;
7955;B009223;AROM;;2019-06-07;
7956;B009221;AROM;;2019-06-07;
7957;B009074;AROM;;2019-06-04;* Catégorie=«ANG» * UA=«AROM» * Cote=«A SNI v.10»
7958;B010174;AROM;;2019-06-07;
7959;B003600;AROM;;2019-06-07;
7960;B009079;AROM;;2019-06-07;
7961;B003564;AROM;;2019-06-07;
7962;B003606;AROM;;2019-06-07;* Cote=«A BLY v.01»
7963;B003608;AROM;;2019-06-07;* Cote=«A BLY v.05»
7964;B003609;AROM;;2019-06-07;* Cote=«A BLY v.10»
7965;B003607;AROM;;2019-06-07;* Cote=«A BLY v.12»
7966;B008980;AROM;;2019-06-07;
7967;B009080;AROM;;2019-06-07;
7968;B010140;AROM;;2019-06-07;
7969;B010135;AROM;;2019-06-07;
7970;B010139;AROM;;2019-06-07;
7971;B010138;AROM;;2019-06-07;
7972;B010136;AROM;;2019-06-07;
7973;B010137;AROM;;2019-06-07;
7974;B010148;AROM;;2019-06-07;
7974;B015953;AROM;;2019-06-07;
7975;B010146;AROM;;2019-06-07;
7976;B003605;AROM;;2019-06-07;
7977;B009267;AROM;;2019-06-07;
7977;B009269;AROM;;2019-06-07;
7977;B009270;AROM;;2019-06-07;
7977;B010050;AROM;;2019-06-07;
7977;B009268;AROM;;2019-06-07;
7978;B009066;AROM;;2019-06-07;
7979;B003623;AROM;;2019-06-07;
7980;B009218;AROM;;2019-06-07;
7981;B009737;AROM;;2019-06-07;
7982;B009041;AROM;;2019-06-07;
7983;B009082;AROM;;2019-06-07;
7984;B009021;AROM;;2019-06-07;
7985;B009998;AROM;;2019-06-07;
7986;B010183;AROM;;2019-06-07;
7987;B010184;AROM;;2019-06-07;
7988;B010121;AROM;;2019-06-07;
7989;B003601;AROM;;2019-06-07;
7990;B003627;AROM;;2019-06-07;
7991;B003589;AROM;;2019-06-07;
7992;B003602;AROM;;2019-06-07;
7993;B010199;AROM;;2019-06-07;
7994;B010191;AROM;;2019-06-07;
7995;B010195;AROM;;2019-06-07;
7996;B010179;AROM;;2019-06-07;
7997;B010259;AROM;;2019-06-07;
7998;B010177;AROM;;2019-06-07;
7999;B010198;AROM;;2019-06-07;
8000;B010178;AROM;;2019-06-07;
8001;B010192;AROM;;2019-06-07;
8002;B003591;AROM;;2019-06-07;
8003;B010187;AROM;;2019-06-07;
8004;B009967;AROM;;2019-06-07;
8005;B010260;AROM;;2019-06-07;
8006;B009997;AROM;;2019-06-07;
8007;B009968;AROM;;2019-06-07;
8008;B010186;AROM;;2019-06-07;
8009;B003636;AROM;;2019-06-07;
8010;B003590;AROM;;2019-06-07;
8011;B010176;AROM;;2019-06-07;
8012;B003635;AROM;;2019-06-07;
8013;B003634;AROM;;2019-06-07;
8014;B010181;AROM;;2019-06-07;
8015;B010182;AROM;;2019-06-07;
8016;B009078;AROM;;2019-06-07;
8017;B009225;AROM;;2019-06-07;
8018;B003619;AROM;;2019-06-07;
8019;B009238;AROM;;2019-06-07;
8020;B010190;AROM;;2019-06-07;
8021;B010194;AROM;;2019-06-07;
8021;B017389;AROM;;2019-06-07;
8022;B009226;AROM;;2019-06-07;
8023;B009067;AROM;;2019-06-07;
8024;B009007;AROM;;2019-06-07;
8025;B008983;AROM;;2019-06-07;
8026;B010189;AROM;;2019-06-07;
8027;B009129;AROM;;2019-06-07;
8028;B010180;AROM;;2019-06-07;
8029;B010196;AROM;;2019-06-07;
8029;B017420;AROM;;2019-06-07;
8030;B008993;AROM;;2019-06-07;
8031;B010185;AROM;;2019-06-07;
8032;B010188;AROM;;2019-06-07;
8033;B010197;AROM;;2019-06-07;
8034;B003604;AROM;;2019-06-07;
8035;B010193;AROM;;2019-06-07;
8036;B010074;AROM;;2019-06-07;
8037;B010075;AROM;;2019-06-07;
8038;B010073;AROM;;2019-06-07;
8039;B003872;AROM;;2019-06-10;
8040;B010085;AROM;;2019-06-07;
8041;B016370;AROM;;2019-06-07;
8042;B010071;AROM;;2019-06-07;
8042;B017391;AROM;;2019-06-07;
8043;B010083;AROM;;2019-06-07;
8044;B010084;AROM;;2019-06-07;
8045;B010076;AROM;;2019-06-07;
8046;B010081;AROM;;2019-06-07;
8047;B010080;AROM;;2019-06-07;
8048;B009149;AROM;;2019-06-07;
8048;B009257;AROM;;2019-06-07;
8049;B009170;AROM;;2019-06-07;
8049;B009242;AROM;;2019-06-07;
8050;B009157;AROM;;2019-06-07;
8050;B009246;AROM;;2019-06-07;
8051;B009263;AROM;;2019-06-07;
8051;B009160;AROM;;2019-06-07;
8052;B003620;AROM;;2019-06-07;
8053;B010077;AROM;;2019-06-07;
8054;B009236;AROM;;2019-06-07;
8054;B009174;AROM;;2019-06-07;
8055;B010082;AROM;;2019-06-07;
8056;B009154;AROM;;2019-06-07;
8056;B009259;AROM;;2019-06-07;
8057;B009241;AROM;;2019-06-07;
8057;B009171;AROM;;2019-06-07;
8058;B009150;AROM;;2019-06-07;* UA=«AROM»
8058;B009258;AROM;;2019-06-07;
8059;B009247;AROM;;2019-06-07;
8059;B009161;AROM;;2019-06-07;
8060;B009169;AROM;;2019-06-07;* UA=«AROM»
8060;B009234;AROM;;2019-06-07;* UA=«AROM»
8061;B009237;AROM;;2019-06-07;* UA=«AROM»
8061;B009166;AROM;;2019-06-07;* UA=«AROM»
8062;B010079;AROM;;2019-06-07;
8063;B009965;AROM;;2019-06-07;
8064;B010109;AROM;;2019-06-07;
8065;B010120;AROM;;2019-06-07;
8066;B010119;AROM;;2019-06-07;
8067;B010118;AROM;;2019-06-07;
8068;B010117;AROM;;2019-06-07;
8069;B010116;AROM;;2019-06-07;
8070;B010115;AROM;;2019-06-07;
8071;B010114;AROM;;2019-06-07;
8072;B010113;AROM;;2019-06-07;
8073;B010112;AROM;;2019-06-07;
8074;B010111;AROM;;2019-06-07;
8075;B010110;AROM;;2019-06-07;
8076;B010134;AROM;;2019-06-07;
8077;B010133;AROM;;2019-06-07;
8078;B010132;AROM;;2019-06-07;
8079;B010131;AROM;;2019-06-07;
8080;B010130;AROM;;2019-06-07;
8081;B010129;AROM;;2019-06-07;
8082;B010128;AROM;;2019-06-07;
8083;B010127;AROM;;2019-06-07;
8084;B010126;AROM;;2019-06-07;
8085;B010124;AROM;;2019-06-07;
8086;B010123;AROM;;2019-06-07;
8087;B010125;AROM;;2019-06-07;
8088;B010122;AROM;;2019-06-07;
8089;B009212;AROM;;2019-06-07;
8090;B009019;AROM;;2019-06-07;
8091;B009156;AROM;;2019-06-07;
8091;B009235;AROM;;2019-06-07;* UA=«AROM»
8092;B010070;AROM;;2019-06-07;
8093;B008988;AROM;;2019-06-07;
8094;B003690;AROM;;2019-06-07;
8095;B009153;AROM;;2019-06-07;* UA=«AROM»
8095;B009264;AROM;;2019-06-07;* UA=«AROM»
8096;B003562;AROM;;2019-06-07;* UA=«AROM» * Cote=«A SIN»
8097;B003827;AROM;;2019-06-07;
8098;B010062;AROM;;2019-06-07;
8099;B010066;AROM;;2019-06-07;
8100;B010087;AROM;;2019-06-07;
8101;B010088;AROM;;2019-06-07;
8102;B010089;AROM;;2019-06-07;
8103;B010090;AROM;;2019-06-07;
8104;B010091;AROM;;2019-06-07;
8105;B010093;AROM;;2019-06-07;
8106;B010035;AROM;;2019-06-07;
8107;B010038;AROM;;2019-06-07;
8108;B010058;AROM;;2019-06-07;
8109;B010057;AROM;;2019-06-07;
8110;B010268;AROM;;2019-06-07;
8111;B010055;AROM;;2019-06-07;
8112;B010051;AROM;;2019-06-07;
8113;B010053;AROM;;2019-06-07;
8114;B010044;AROM;;2019-06-07;
8115;B010045;AROM;;2019-06-07;
8116;B010056;AROM;;2019-06-07;
8117;B010086;AROM;;2019-06-07;
8118;B010069;AROM;;2019-06-07;
8119;B010046;AROM;;2019-06-07;
8120;B010054;AROM;;2019-06-07;
8121;B010092;AROM;;2019-06-07;* UA=«AROM»
8122;B010037;AROM;;2019-06-07;
8123;B010036;AROM;;2019-06-07;
8124;B010039;AROM;;2019-06-07;
8125;B010042;AROM;;2019-06-07;
8126;B010043;AROM;;2019-06-07;
8127;B010052;AROM;;2019-06-07;
8128;B010041;AROM;;2019-06-07;
8129;B010108;AROM;;2019-06-07;
8130;B010040;AROM;;2019-06-07;
8131;B010048;AROM;;2019-06-07;
8132;B010267;AROM;;2019-06-07;
8133;B010049;AROM;;2019-06-07;
8134;B009985;AROM;;2019-06-07;
8135;B009147;AROM;;2019-06-07;
8135;B009220;AROM;;2019-06-07;
8136;B003707;AROM;;2019-06-07;* UA=«AROM»
8137;B009228;AROM;;2019-06-07;* UA=«AROM»
8137;B009175;AROM;;2019-06-07;* UA=«AROM» * Cote=«A ODG»
8138;B011978;AROM;;2019-06-07;
8139;B011984;AROM;;2019-06-07;
8140;B011986;AROM;;2019-06-07;
8141;B011979;AROM;;2019-06-07;
8142;B011981;AROM;;2019-06-07;
8143;B011977;AROM;;2019-06-07;
8144;B011980;AROM;;2019-06-07;
8145;B011983;AROM;;2019-06-07;
8146;B011987;AROM;;2019-06-07;
8147;B012000;AROM;;2019-06-07;
8148;B012053;AROM;;2019-06-07;
8149;B012002;AROM;;2019-06-07;
8149;B012001;AROM;;2019-06-07;
8150;B012093;AROM;;2019-06-07;
8151;B012095;AROM;;2019-06-07;
8152;B011982;AROM;;2019-06-07;
8153;B013021;AROM;;2019-06-07;
8154;B013022;AROM;;2019-06-07;
8155;B013020;AROM;;2019-06-07;
8156;B013023;AROM;;2019-06-07;
8157;B011848;AROM;;2019-06-07;
8158;B013267;AROM;;2019-06-07;
8159;B013262;AROM;;2019-06-07;
8159;B013263;AROM;;2019-06-07;
8159;B013205;AROM;;2019-06-07;
8160;B013258;AROM;;2019-06-07;
8160;B013265;AROM;;2019-06-07;
8160;B013264;AROM;;2019-06-07;
8161;B013259;AROM;;2019-06-07;
8161;B013260;AROM;;2019-06-07;
8161;B013261;AROM;;2019-06-07;
8162;B013271;AROM;;2019-06-07;
8163;B013207;AROM;;2019-06-07;
8164;B013206;AROM;;2019-06-07;
8165;B013183;AROM;;2019-06-07;
8166;B013403;AROM;;2019-06-07;
8166;B013401;AROM;;2019-06-07;
8166;B013400;AROM;;2019-06-07;
8166;B013404;AROM;;2019-06-07;
8166;B013405;AROM;;2019-06-07;
8166;B013406;AROM;;2019-06-07;
8166;B013407;AROM;;2019-06-07;
8166;B013408;AROM;;2019-06-07;
8166;B013402;AROM;;2019-06-07;
8166;B013399;AROM;;2019-06-07;
8167;B013268;AROM;;2019-06-07;
8168;B013579;AROM;;2019-06-07;* UA=«AROM»
8169;B013907;AROM;;2019-06-07;
8170;B013960;AROM;;2019-06-07;
8171;B014060;AROM;;2019-06-07;
8172;B013926;AROM;;2019-06-07;
8173;B013904;AROM;;2019-06-07;
8174;B013928;AROM;;2019-06-07;
8175;B013905;AROM;;2019-06-07;
8176;B013912;AROM;;2019-06-07;
8177;B013927;AROM;;2019-06-07;
8178;B013911;AROM;;2019-06-07;
8179;B013919;AROM;;2019-06-07;
8180;B013930;AROM;;2019-06-07;
8181;B013917;AROM;;2019-06-07;
8182;B013932;AROM;;2019-06-07;
8182;B013942;AROM;;2019-06-07;
8183;B013921;AROM;;2019-06-07;
8184;B014061;AROM;;2019-06-07;
8185;B013958;AROM;;2019-06-07;
8185;B013987;AROM;;2019-06-07;
8186;B013957;AROM;;2019-06-07;
8187;B013959;AROM;;2019-06-07;
8188;B013952;AROM;;2019-06-07;
8189;B013908;AROM;;2019-06-07;
8190;B013910;AROM;;2019-06-07;
8191;B013916;AROM;;2019-06-07;
8192;B013906;AROM;;2019-06-07;
8193;B013920;AROM;;2019-06-07;
8194;B013933;AROM;;2019-06-07;
8195;B013935;AROM;;2019-06-07;
8195;B013936;AROM;;2019-06-07;
8195;B013937;AROM;;2019-06-07;
8195;B013938;AROM;;2019-06-07;
8195;B013956;AROM;;2019-06-07;
8196;B013931;AROM;;2019-06-07;
8196;B013924;AROM;;2019-06-07;
8197;B013909;AROM;;2019-06-07;
8198;B013918;AROM;;;
8199;B013925;AROM;;2019-06-07;
8200;B013923;AROM;;2019-06-07;
8201;B013929;AROM;;2019-06-07;
8202;B013914;AROM;;2019-06-07;
8203;B013934;AROM;;2019-06-07;
8204;B013954;AROM;;2019-06-07;
8205;B013985;AROM;;2019-06-07;
8206;B013948;AROM;;2019-06-07;
8207;B013955;AROM;;2019-06-07;
8208;B013915;AROM;;2019-06-07;
8209;B014011;AROM;;2019-06-07;
8210;B013986;AROM;;2019-06-07;* Cote=«A BRA»
8211;B013953;AROM;;2019-06-07;
8212;B013944;AROM;;2019-06-07;
8213;B013950;AROM;;2019-06-07;
8214;B013939;AROM;;2019-06-07;
8215;B013871;AROM;;2019-06-07;
8216;B014664;AROM;;2019-06-07;* UA=«AROM»
8217;B014665;AROM;;2019-06-07;* UA=«AROM»
8218;B013870;AROM;;2019-06-07;
8219;B013869;AROM;;2019-06-07;
8220;B017307;AROM;;2019-06-07;* UA=«AROM»
8221;B017331;AROM;;2019-06-07;* UA=«AROM»
8222;B017315;AROM;;2019-06-07;
8223;B017311;AROM;;2019-06-07;
8224;B017322;AROM;;2019-06-07;
8225;B017330;AROM;;2019-06-07;* UA=«AROM»
8226;B017321;AROM;;2019-06-07;
8227;B017314;AROM;;2019-06-07;
8228;B017310;AROM;;2019-06-07;
8229;B017328;AROM;;2019-06-07;
8230;B017342;AROM;;2019-06-07;
8231;B017338;AROM;;2019-06-07;
8232;B017409;AROM;;;
8233;B017434;AROM;;2019-06-07;
8234;B017393;AROM;;2019-06-07;
8234;B017424;AROM;;2019-06-07;
8235;B017442;AROM;;2019-06-07;
8235;B017423;AROM;;2019-06-07;
8236;B017439;AROM;;2019-06-07;
8236;B017455;AROM;;2019-06-07;
8237;B017425;AROM;;;
8238;B017426;AROM;;2019-06-07;
8239;B017417;AROM;;;
8240;B017376;AROM;;2019-06-07;
8241;B017317;AROM;;2019-06-07;
8242;B017410;AROM;;2019-06-07;
8243;B017368;AROM;3;;
8244;B017386;AROM;;2019-06-07;
8245;B017392;AROM;;2019-06-07;
8246;B017377;AROM;;2019-06-07;
8247;B017340;AROM;;2019-06-07;
8248;B017332;AROM;;2019-06-07;
8249;B017309;AROM;;2019-06-07;
8250;B017384;AROM;;2019-06-07;
8251;B017427;AROM;;2019-06-07;
8252;B017369;AROM;;2019-06-07;
8253;B017402;AROM;;2019-06-07;
8254;B017361;AROM;;2019-06-07;
8255;B017401;AROM;;2019-06-07;
8256;B017407;AROM;;2019-06-07;
8257;B017325;AROM;;2019-06-03;* Catégorie=«ANG» * UA=«AROM» * Cote=«A AUS»
8258;B017415;AROM;;2019-06-04;* Catégorie=«ANG» * UA=«AROM» * Cote=«A HOR»
8259;B017418;AROM;;2019-06-07;
8260;B017411;AROM;;2019-06-07;
8261;B017399;AROM;;2019-06-07;
8262;B017458;AROM;;2019-06-07;
8263;B017412;AROM;;2019-06-07;
8264;B017318;AROM;;2019-06-07;
8265;B017394;AROM;;2019-06-07;
8266;B017344;AROM;;2019-06-07;
8267;B017385;AROM;;2019-06-07;
8268;B017435;AROM;;2019-06-07;
8269;B017450;AROM;;2019-06-07;
8270;B017445;AROM;;2019-06-07;
8271;B017319;AROM;;2019-06-07;
8272;B017500;AROM;;2019-06-07;
8273;B017341;AROM;;2019-06-07;
8274;B017501;AROM;;2019-06-07;
8275;B017339;AROM;;2019-06-07;
8276;B017477;AROM;;2019-06-07;
8277;B017492;AROM;;2019-06-07;
8278;B017488;AROM;;2019-06-07;
8279;B017480;AROM;;2019-06-07;
8279;B017472;AROM;;2019-06-07;
8280;B017438;AROM;;2019-06-07;* UA=«AROM»
8281;B017482;AROM;;2019-06-07;
8281;B017475;AROM;;2019-06-07;
8282;B017336;AROM;;2019-06-07;
8283;B017308;AROM;;2019-06-07;
8284;B017326;AROM;;2019-06-07;
8285;B017485;AROM;;2019-06-07;
8286;B017343;AROM;;2019-06-07;
8287;B017490;AROM;;2019-06-07;
8288;B017461;AROM;;2019-06-07;
8289;B017499;AROM;;2019-06-07;
8290;B017469;AROM;;2019-06-07;
8291;B017493;AROM;;2019-06-07;
8291;B017471;AROM;;2019-06-07;
8292;B017312;AROM;;2019-06-07;
8293;B017505;AROM;;2019-06-07;
8294;B017995;AROM;;2019-06-07;
8294;B018018;AROM;;2019-06-07;
8294;B017987;AROM;;2019-06-07;
8295;B018002;AROM;;2019-06-07;
8295;B017990;AROM;;2019-06-07;
8295;B018010;AROM;;2019-06-07;
8296;B017498;AROM;;2019-06-07;
8297;B017454;AROM;;2019-06-07;
8298;B017483;AROM;;2019-06-07;
8299;B017353;AROM;;2019-06-07;
8300;B017441;AROM;;2019-06-07;
8301;B017449;AROM;;2019-06-07;
8302;B017473;AROM;;2019-06-07;
8303;B017416;AROM;;2019-06-07;
8304;B017408;AROM;;2019-06-07;
8305;B017400;AROM;;2019-06-07;
8306;B017334;AROM;;;
8307;B017395;AROM;;2019-06-07;
8308;B017403;AROM;;2019-06-07;
8309;B017462;AROM;;2019-06-07;
8310;B017465;AROM;;2019-06-07;
8311;B017489;AROM;;2019-06-07;
8312;B017466;AROM;;2019-06-07;
8313;B017333;AROM;;2019-06-07;
8314;B017404;AROM;;2019-06-07;
8315;B017397;AROM;;2019-06-07;
8316;B017432;AROM;;2019-06-07;
8317;B017419;AROM;;2019-06-07;
8318;B017503;AROM;;2019-06-07;
8319;B017484;AROM;;2019-06-07;
8320;B017476;AROM;;2019-06-07;
8321;B017491;AROM;;2019-06-07;
8322;B017387;AROM;;2019-06-07;
8323;B017414;AROM;;2019-06-07;
8324;B017406;AROM;;2019-06-07;
8325;B017388;AROM;;2019-06-04;* Catégorie=«ANG» * UA=«AROM» * Cote=«A KIM»
8326;B017474;AROM;;2019-06-07;
8327;B017453;AROM;;2019-06-07;
8328;B017396;AROM;;2019-06-07;
8329;B017481;AROM;;2019-06-07;
8330;B017437;AROM;;2019-06-07;
8331;B017495;AROM;;2019-06-07;
8332;B017405;AROM;;2019-06-07;
8333;B017413;AROM;;2019-06-07;
8334;B017421;AROM;;2019-06-07;* UA=«AROM»
8335;B017390;AROM;;2019-06-07;* UA=«AROM»
8336;B017430;AROM;;2019-06-07;
8337;B017457;AROM;;2019-06-07;
8338;B017494;AROM;;2019-06-07;
8339;B017468;AROM;;2019-06-07;
8340;B017502;AROM;;2019-06-07;
8341;B017316;AROM;;2019-06-07;
8342;B017496;AROM;;2019-06-07;
8342;B017324;AROM;;2019-06-07;
8343;B017470;AROM;;2019-06-07;
8344;B017429;AROM;;2019-06-07;
8345;B017497;AROM;;2019-06-07;
8346;B017360;AROM;;2019-06-07;* UA=«AROM»
8347;B017352;AROM;;2019-06-07;
8348;B017383;AROM;;2019-06-07;* UA=«AROM»
8349;B017487;AROM;;2019-06-07;
8350;B017431;AROM;;;
8351;B017486;AROM;;2019-06-07;
8352;B015952;AROM;;2019-06-07;
8353;B015954;AROM;;2019-06-07;
8354;B017467;AROM;;2019-06-07;
8355;B000005;BD;;2019-06-06;
8356;B003192;BD;;2019-06-05;
8356;B020030;BD;;2019-06-05;
8357;B015976;BD;;2019-06-05;
8358;B003187;BD;;2019-06-05;
8359;B003190;BD;;2019-06-05;
8359;B015945;BD;;2019-06-05;
8360;B012996;BD;;2019-06-05;
8360;B011343;BD;;2019-06-05;
8361;B003169;BD;;2019-06-05;
8361;B014870;BD;;2019-06-05;
8362;B003178;BD;;2019-06-06;
8363;B003180;BD;;2019-06-06;
8364;B003177;BD;;2019-06-06;
8365;B003175;BD;;2019-06-06;
8366;B003172;BD;;2019-06-06;
8367;B003209;BD;;2019-06-06;
8368;B003216;BD;1;;
8369;B003215;BD;;2019-06-06;
8370;B003214;BD;;2019-06-06;
8371;B003213;BD;;2019-06-06;
8372;B003212;BD;;2019-06-06;
8373;B003211;BD;;2019-06-06;
8374;B003210;BD;;2019-06-06;
8375;B003225;BD;;2019-06-10;* Catégorie=«BD» * UA=«BD»
8376;B003219;BD;;2019-06-10;
8377;B003235;BD;;2019-06-05;
8378;B003232;BD;;2019-06-05;
8379;B003238;BD;1;2019-06-05;* PRÊTÉ ou PERDU
8380;B003234;BD;;2019-06-05;
8381;B003241;BD;;2019-06-05;
8382;B003230;BD;;2019-06-05;
8383;B003233;BD;;2019-06-05;
8384;B003236;BD;;2019-06-05;
8385;B003229;BD;;2019-06-05;
8386;B003239;BD;;2019-06-05;
8387;B003228;BD;;2019-06-05;
8388;B003227;BD;;2019-06-05;
8389;B003342;BD;;2019-06-06;
8390;B003328;BD;;2019-06-06;
8391;B003327;BD;;2019-06-06;
8392;B003311;BD;;2019-06-05;* Catégorie=«BD» * UA=«BD»
8393;B003309;BD;;2019-06-05;
8394;B003301;BD;;2019-06-06;
8395;B003299;BD;;2019-06-06;
8396;B003302;BD;;2019-06-06;
8397;B003296;BD;;2019-06-05;
8398;B003294;BD;;2019-06-06;
8398;B003258;BD;;2019-06-05;
8399;B003293;BD;;2019-06-05;
8400;B003292;BD;;2019-06-06;
8401;B003291;BD;;2019-06-05;
8402;B003286;BD;;2019-06-05;
8403;B003284;BD;;2019-06-05;
8404;B003283;BD;;2019-06-05;
8405;B003280;BD;;2019-06-06;
8406;B003289;BD;;2019-06-06;
8407;B003288;BD;;2019-06-05;* Catégorie=«BD» * UA=«BD»
8408;B003287;BD;;2019-06-06;
8409;B003270;BD;;2019-06-06;
8410;B003264;BD;;2019-06-06;
8411;B003263;BD;;2019-06-06;
8412;B003372;BD;;2019-06-06;
8413;B003371;BD;;2019-06-06;
8414;B003369;BD;;2019-06-06;
8415;B003368;BD;;2019-06-10;
8416;B003360;BD;;2019-06-06;
8416;B003366;BD;;2019-06-06;
8417;B003364;BD;;2019-06-06;
8418;B003361;BD;;2019-06-06;
8419;B003406;BD;;2019-06-10;
8420;B003416;BD;;2019-06-05;
8421;B003417;BD;;2019-06-05;
8422;B003418;BD;;2019-06-05;
8423;B003436;BD;;2019-06-05;
8424;B003435;BD;;2019-06-05;
8425;B003434;BD;;2019-06-05;* Cote=«B HER»
8426;B003433;BD;;2019-06-05;
8427;B003442;BD;;2019-06-06;
8428;B003443;BD;;2019-06-06;
8429;B003444;BD;;2019-06-06;
8429;B003447;BD;;2019-06-06;
8430;B003463;BD;;2019-06-06;
8431;B003464;BD;;2019-06-05;
8432;B003467;BD;;2019-06-06;
8433;B003533;BD;;2019-06-05;
8434;B003534;BD;;2019-06-05;
8435;B003527;BD;;2019-06-05;
8436;B003520;BD;;2019-06-05;
8437;B003523;BD;;2019-06-05;
8438;B003525;BD;;2019-06-05;
8439;B003514;BD;;2019-06-05;
8440;B003526;BD;;2019-06-05;
8441;B003518;BD;;2019-06-05;
8442;B003519;BD;;2019-06-05;
8443;B003512;BD;;2019-06-05;
8444;B003507;BD;;2019-06-05;
8445;B013838;BD;;2019-06-05;
8445;B015733;BD;;2019-06-06;
8446;B003540;BD;;2019-06-05;
8447;B003544;BD;;2019-06-05;
8447;B020220;BD;;2019-06-05;
8448;B003546;BD;;2019-06-05;
8449;B003548;BD;;2019-06-05;
8450;B003550;BD;;2019-06-05;
8451;B003551;BD;;2019-06-05;
8452;B003552;BD;;2019-06-05;
8453;B003553;BD;;2019-06-05;
8453;B020356;BD;;2019-06-05;
8454;B003554;BD;;2019-06-05;
8454;B020375;BD;;2019-06-05;
8455;B003556;BD;;2019-06-05;
8455;B020357;BD;;2019-06-05;
8456;B003240;BD;;2019-06-05;
8457;B003350;BD;;2019-06-10;
8458;B003310;BD;;2019-06-05;* Cote=«B FRA»
8458;B016676;BD;;2019-06-05;
8459;B003257;BD;;2019-06-05;
8460;B003259;BD;;2019-06-05;
8461;B003260;BD;;2019-06-05;
8462;B003256;BD;;2019-06-05;
8463;B003255;BD;;2019-06-05;
8464;B003254;BD;;2019-06-06;
8465;B003262;BD;;2019-06-05;
8466;B003295;BD;;2019-06-06;
8467;B003363;BD;;2019-06-06;
8468;B003367;BD;;2019-06-06;
8469;B003370;BD;;2019-06-06;
8470;B003362;BD;;2019-06-06;
8470;B003365;BD;;2019-06-06;
8471;B003541;BD;;2019-06-05;
8472;B003489;BD;;2019-06-05;
8473;B004938;BD;;2019-06-06;
8474;B004939;BD;;2019-06-06;
8475;B004940;BD;;2019-06-06;
8476;B005323;BD;1;;
8477;B012327;BD;;2019-06-06;
8478;B003373;BD;;2019-06-06;
8479;B003323;BD;;2019-06-06;
8480;B003498;BD;;2019-06-06;
8481;B003500;BD;;2019-06-06;
8482;B003438;BD;;2019-06-06;
8483;B003343;BD;;2019-06-10;
8484;B003437;BD;;2019-06-06;
8485;B009820;BD;;2019-06-05;
8486;B009894;BD;;2019-06-05;
8487;B010329;BD;;2019-06-06;
8488;B010330;BD;;2019-06-06;
8489;B010308;BD;;2019-06-06;
8490;B010583;BD;;2019-06-05;
8490;B016539;BD;;2019-06-05;
8490;B016725;BD;;2019-06-05;
8491;B010927;BD;;2019-06-06;
8492;B010926;BD;;2019-06-06;
8493;B010925;BD;;2019-06-06;
8494;B010924;BD;;2019-06-06;
8495;B010923;BD;;2019-06-06;
8496;B010922;BD;;2019-06-06;
8497;B010921;BD;;2019-06-06;
8498;B010920;BD;;2019-06-06;
8498;B014511;BD;;2019-06-06;
8499;B010919;BD;;2019-06-06;
8500;B010917;BD;;2019-06-06;
8501;B010916;BD;;2019-06-06;
8502;B010915;BD;;2019-06-06;
8503;B010914;BD;;2019-06-06;
8504;B010913;BD;;2019-06-06;
8505;B010871;BD;;2019-06-06;
8506;B010870;BD;;2019-06-06;
8507;B010869;BD;;2019-06-06;
8508;B010868;BD;;2019-06-06;
8509;B010867;BD;;2019-06-06;
8510;B010865;BD;;2019-06-06;
8511;B010864;BD;;2019-06-06;
8512;B010856;BD;;2019-06-06;
8513;B010853;BD;;2019-06-06;
8514;B010817;BD;;2019-06-06;
8515;B010891;BD;;2019-06-06;
8515;B016680;BD;;2019-06-06;
8516;B010860;BD;;2019-06-06;
8517;B010854;BD;;2019-06-06;
8518;B010818;BD;;2019-06-06;
8519;B010816;BD;;2019-06-05;
8520;B010859;BD;;2019-06-06;
8521;B010861;BD;;2019-06-06;
8522;B011344;BD;;2019-06-05;
8523;B011507;BD;;2019-06-06;
8524;B011441;BD;;2019-06-06;* Cote=«BD GOD»
8525;B011634;BD;;2019-06-06;
8526;B011637;BD;;2019-06-06;
8527;B011764;BD;;2019-06-06;
8528;B011752;BD;;2019-06-06;* Cote=«H GRO v.03»
8529;B011753;BD;;2019-06-06;
8530;B011755;BD;;2019-06-06;* Cote=«H GRO v.02»
8531;B011683;BD;;2019-06-06;* Cote=«H GRO v.06»
8531;B015256;BD;;2019-06-06;* Cote=«H GRO v.06»
8532;B011684;BD;;2019-06-06;* Cote=«H GRO v.07»
8533;B011811;BD;;2019-06-06;* Cote=«H GRO»
8534;B011681;BD;;2019-06-06;
8535;B011810;BD;;2019-06-06;
8535;B019157;BD;;2019-06-06;
8536;B011812;BD;;2019-06-06;* Cote=«H GRO»
8537;B012108;BD;;2019-06-06;
8537;B015936;BD;;2019-06-06;
8538;B012189;BD;;2019-06-06;
8539;B012240;BD;;2019-06-06;
8539;B012952;BD;;2019-06-06;
8539;B020092;BD;;2019-06-06;
8540;B012942;BD;;2019-06-06;
8540;B020064;BD;;2019-06-06;
8541;B012246;BD;;2019-06-06;
8541;B020084;BD;;2019-06-06;
8542;B012941;BD;;2019-06-06;
8543;B012252;BD;;2019-06-06;
8543;B012953;BD;;2019-06-06;
8544;B012283;BD;;2019-06-06;
8545;B012285;BD;;2019-06-06;
8546;B012286;BD;;2019-06-06;
8547;B012217;BD;;2019-06-06;
8548;B012229;BD;;2019-06-06;
8549;B012326;BD;;2019-06-06;
8550;B012288;BD;;2019-06-06;
8551;B012881;BD;;2019-06-06;
8552;B012935;BD;;2019-06-06;
8553;B012956;BD;;2019-06-06;
8553;B012957;BD;;2019-06-06;
8553;B020059;BD;;2019-06-06;
8554;B012940;BD;;2019-06-06;
8554;B020127;BD;;2019-06-06;
8555;B012944;BD;;;
8555;B020053;BD;;2019-06-06;
8556;B012962;BD;;2019-06-06;
8556;B020074;BD;;2019-06-06;
8557;B012967;BD;;2019-06-06;
8558;B012963;BD;;2019-06-06;
8559;B012964;BD;;2019-06-06;
8560;B012965;BD;;2019-06-06;
8561;B012966;BD;;2019-06-06;
8562;B012969;BD;;2019-06-05;
8563;B012977;BD;;2019-06-05;* Cote=«B MAR Nº8»
8564;B012971;BD;;2019-06-05;* Cote=«B MAR Nº7»
8565;B016047;BD;;2019-06-05;
8566;B012970;BD;;2019-06-05;
8567;B012973;BD;;2019-06-05;
8568;B012972;BD;;2019-06-06;
8569;B012979;BD;;2019-06-05;
8570;B012974;BD;;2019-06-05;
8571;B012975;BD;;2019-06-05;
8572;B012976;BD;;2019-06-05;
8573;B012980;BD;;2019-06-05;
8573;B019246;BD;;2019-06-05;
8574;B012968;BD;;2019-06-05;
8575;B012978;BD;;2019-06-05;
8576;B012990;BD;;2019-06-06;
8577;B012989;BD;;2019-06-06;
8578;B012988;BD;1;2019-06-06;* PRÊTÉ ou PERDU
8579;B013006;BD;;2019-06-06;
8580;B013007;BD;;2019-06-06;
8581;B013016;BD;;2019-06-05;
8582;B013015;BD;;2019-06-05;
8583;B013381;BD;;2019-06-06;
8583;B020083;BD;;2019-06-06;
8584;B013387;BD;;2019-06-06;
8584;B020076;BD;;2019-06-06;
8585;B013389;BD;;2019-06-06;
8585;B020050;BD;;2019-06-06;
8586;B013372;BD;;2019-06-06;
8586;B014368;BD;;2019-06-06;
8587;B013371;BD;;2019-06-06;
8588;B013370;BD;;2019-06-06;
8589;B013369;BD;;2019-06-06;
8590;B013474;BD;;2019-06-06;
8591;B013477;BD;;2019-06-06;
8592;B013476;BD;1;;
8593;B013475;BD;;2019-06-06;
8594;B013478;BD;;2019-06-06;
8595;B013507;BD;;2019-06-06;
8596;B013509;BD;;2019-06-06;
8597;B013510;BD;;2019-06-06;
8598;B013508;BD;;2019-06-06;
8599;B013526;BD;;2019-06-06;
8600;B013525;BD;;2019-06-06;
8601;B013527;BD;;2019-06-06;
8602;B013529;BD;;2019-06-06;
8603;B013530;BD;;2019-06-06;
8604;B013531;BD;;2019-06-06;
8605;B013532;BD;;2019-06-06;
8606;B013659;BD;;2019-06-06;
8607;B013658;BD;;2019-06-06;
8608;B013671;BD;;2019-06-06;
8609;B013672;BD;;2019-06-06;
8610;B013819;BD;;2019-06-06;
8611;B013818;BD;;2019-06-06;
8612;B013816;BD;;2019-06-06;
8612;B014228;BD;;2019-06-06;
8613;B013815;BD;;2019-06-06;
8614;B013618;BD;;2019-06-06;
8615;B013839;BD;;2019-06-06;
8615;B015734;BD;;2019-06-06;
8616;B014070;BD;;2019-06-06;
8616;B016696;BD;;2019-06-06;
8616;B018993;BD;;2019-06-06;
8616;B019911;BD;;2019-06-06;
8617;B013667;BD;;2019-06-06;
8618;B013668;BD;;2019-06-06;
8619;B014099;BD;;2019-06-06;
8620;B013827;BD;;2019-06-06;
8621;B013737;BD;;2019-06-06;
8622;B013736;BD;;2019-06-06;
8623;B014131;BD;;2019-06-06;
8624;B014123;BD;;2019-06-06;
8625;B014226;BD;;2019-06-06;
8626;B014222;BD;;2019-06-06;
8627;B014345;BD;;2019-06-06;
8627;B013137;BD;;2019-06-06;
8628;B014344;BD;;2019-06-06;
8629;B014317;BD;;2019-06-05;
8630;B014512;BD;;2019-06-06;
8631;B014510;BD;;2019-06-06;
8632;B014603;BD;;2019-06-05;
8633;B014602;BD;;2019-06-05;
8633;B016445;BD;;2019-06-05;
8633;B016612;BD;;2019-06-05;
8634;B014613;BD;;2019-06-06;
8635;B014612;BD;;2019-06-06;
8636;B014611;BD;;2019-06-06;
8637;B014610;BD;;2019-06-06;
8638;B014609;BD;;2019-06-06;
8639;B014623;BD;;2019-06-05;
8639;B015643;BD;;;
8640;B014624;BD;;2019-06-05;
8640;B016444;BD;;2019-06-05;
8641;B014522;BD;;2019-06-06;
8642;B014884;BD;;;
8643;B014885;BD;;2019-06-06;
8644;B014886;BD;;2019-06-06;
8645;B014887;BD;;2019-06-06;
8646;B014868;BD;;2019-06-06;
8647;B014882;BD;;2019-06-06;
8648;B014881;BD;;2019-06-06;
8649;B014869;BD;;2019-06-06;
8650;B014872;BD;;2019-06-05;
8651;B014873;BD;;;
8652;B014877;BD;1;2019-06-05;* PRÊTÉ ou PERDU
8653;B014875;BD;;2019-06-06;
8654;B014889;BD;;2019-06-06;
8655;B014888;BD;;2019-06-06;
8656;B014867;BD;;2019-06-06;
8657;B014866;BD;;2019-06-06;
8658;B014864;BD;;2019-06-06;
8659;B014860;BD;;2019-06-06;
8660;B014863;BD;;2019-06-06;
8661;B014861;BD;;2019-06-06;
8662;B014862;BD;;2019-06-06;
8663;B014880;BD;;2019-06-06;
8664;B014879;BD;;2019-06-06;
8665;B014883;BD;;2019-06-06;
8666;B014878;BD;;2019-06-06;
8667;B014871;BD;;2019-06-05;
8668;B014876;BD;;2019-06-05;
8669;B014865;BD;;2019-06-06;
8670;B016037;BD;;2019-06-06;
8671;B015072;BD;;2019-06-06;
8672;B015098;BD;;2019-06-06;
8673;B015099;BD;;2019-06-06;
8674;B015100;BD;;2019-06-06;
8675;B015101;BD;;2019-06-06;
8676;B015102;BD;;2019-06-06;
8677;B015103;BD;;2019-06-06;
8678;B015104;BD;;2019-06-06;
8679;B015106;BD;;2019-06-06;
8680;B015107;BD;;2019-06-06;
8681;B015108;BD;;2019-06-06;
8682;B015109;BD;;2019-06-06;
8683;B015110;BD;;2019-06-06;
8684;B015111;BD;;2019-06-06;
8685;B015112;BD;;2019-06-06;
8686;B015113;BD;;2019-06-06;
8687;B015084;BD;;2019-06-06;
8688;B015085;BD;;2019-06-06;
8689;B015086;BD;;2019-06-06;
8690;B015087;BD;;2019-06-06;
8691;B015089;BD;;2019-06-06;
8692;B015090;BD;;2019-06-06;
8693;B015092;BD;;2019-06-06;
8694;B015093;BD;;2019-06-06;
8695;B015095;BD;;2019-06-06;
8696;B015096;BD;;2019-06-06;
8697;B015097;BD;;2019-06-06;
8698;B015141;BD;;2019-06-06;
8699;B015148;BD;;2019-06-06;
8700;B015149;BD;;2019-06-06;
8701;B015012;BD;;2019-06-06;
8702;B015142;BD;;2019-06-05;
8703;B015156;BD;;2019-06-06;
8704;B015174;BD;;2019-06-06;
8705;B015199;BD;;2019-06-06;
8705;B016438;BD;;2019-06-06;
8706;B015196;BD;;2019-06-05;
8706;B016148;BD;;2019-06-05;
8706;B016604;BD;;2019-06-05;
8706;B016602;BD;;2019-06-05;
8707;B015229;BD;;2019-06-06;
8708;B015228;BD;;2019-06-06;
8709;B015212;BD;;2019-06-06;
8710;B015195;BD;;2019-06-05;
8710;B016146;BD;;2019-06-05;
8710;B016734;BD;;2019-06-05;
8711;B015192;BD;;2019-06-05;
8712;B015225;BD;;2019-06-06;
8713;B014784;BD;;2019-06-06;
8714;B015339;BD;;2019-06-06;
8715;B015338;BD;;2019-06-06;
8716;B015337;BD;;2019-06-06;
8717;B015336;BD;;2019-06-06;
8718;B016043;BD;;2019-06-06;
8719;B015334;ADU;;2019-06-10;
8720;B015333;BD;;2019-06-06;
8721;B015331;BD;;2019-06-06;
8722;B015297;BD;;2019-06-06;
8723;B015296;BD;;2019-06-06;
8724;B015295;BD;;2019-06-06;
8725;B015639;BD;;2019-06-06;
8726;B015638;BD;;2019-06-06;
8727;B015637;BD;;2019-06-06;
8728;B015636;BD;;2019-06-05;
8729;B016349;BD;;2019-06-05;
8730;B015555;BD;;2019-06-05;
8730;B016443;BD;;2019-06-05;
8730;B016613;BD;;2019-06-05;
8730;B016351;BD;;2019-06-05;
8731;B016591;BD;;;
8732;B015640;BD;;2019-06-06;
8733;B015616;BD;;2019-06-06;
8733;B016134;BD;;2019-06-06;
8733;B016133;BD;;2019-06-06;
8733;B017510;BD;;2019-06-06;
8734;B015390;BD;;2019-06-05;
8735;B015389;BD;1;;
8736;B015557;BD;;2019-06-05;
8736;B016328;BD;;2019-06-05;
8737;B015556;BD;;2019-06-05;
8737;B016766;BD;;2019-06-05;
8738;B015558;BD;;2019-06-05;
8738;B016345;BD;;2019-06-05;
8739;B016614;BD;;2019-06-05;
8739;B016346;BD;;2019-06-05;
8740;B015551;BD;;2019-06-10;
8740;B016342;BD;;2019-06-05;
8741;B015617;BD;;2019-06-06;
8741;B016137;BD;;2019-06-06;
8741;B017526;BD;;2019-06-06;
8742;B015235;BD;;2019-06-06;
8743;B015183;BD;;2019-06-06;
8744;B015946;BD;;2019-06-05;
8745;B015941;BD;;2019-06-05;
8746;B015942;BD;;2019-06-05;
8747;B015949;BD;;2019-06-05;
8748;B015944;BD;;2019-06-05;
8749;B015943;BD;1;;
8750;B015948;BD;;2019-06-05;
8751;B015940;BD;;2019-06-05;
8751;B017345;BD;;2019-06-05;
8752;B015983;BD;;2019-06-05;
8753;B015985;BD;;2019-06-05;
8754;B015982;BD;;2019-06-05;
8755;B015981;BD;;2019-06-05;
8756;B015980;BD;;2019-06-05;
8757;B015979;BD;;2019-06-05;
8758;B015978;BD;;2019-06-05;
8759;B015977;BD;;2019-06-05;
8760;B015974;BD;;2019-06-05;
8761;B015975;BD;;2019-06-05;
8762;B015996;BD;;2019-06-06;
8763;B015990;BD;;2019-06-06;
8764;B015992;BD;;2019-06-06;
8765;B015995;BD;;2019-06-06;
8766;B015994;BD;;2019-06-06;
8767;B016019;BD;;2019-06-06;
8768;B016014;BD;;2019-06-06;
8769;B015987;BD;;2019-06-06;
8769;B019811;BD;;2019-06-06;
8770;B015988;BD;;2019-06-06;
8770;B019812;BD;;2019-06-06;
8771;B015989;BD;;2019-06-06;
8771;B019813;BD;;2019-06-06;
8772;B016120;BD;;2019-06-06;
8772;B016119;BD;;2019-06-06;
8772;B017935;BD;;2019-06-06;
8773;B016123;BD;;2019-06-06;
8773;B016124;BD;;2019-06-06;
8773;B017766;BD;;2019-06-06;
8774;B016121;BD;;2019-06-06;
8774;B016122;BD;;2019-06-06;
8774;B017927;BD;;2019-06-06;
8775;B016125;BD;;2019-06-06;
8775;B016126;BD;;2019-06-06;
8775;B017758;BD;1;2019-06-06;* PRÊTÉ ou PERDU
8776;B016143;BD;;2019-06-06;
8776;B016144;BD;;2019-06-06;
8776;B016145;BD;;2019-06-06;
8776;B017527;BD;;2019-06-06;
8777;B016142;BD;;2019-06-06;
8777;B016141;BD;;2019-06-06;
8777;B017519;BD;;2019-06-06;
8778;B016140;BD;;2019-06-06;
8778;B016139;BD;;2019-06-06;
8778;B017542;BD;;2019-06-06;
8778;B017511;BD;;2019-06-06;
8779;B016136;BD;;2019-06-06;
8779;B016135;BD;;2019-06-06;
8779;B017518;BD;;2019-06-06;
8780;B016138;BD;;2019-06-06;
8780;B017534;BD;;2019-06-06;
8781;B016147;BD;;2019-06-05;
8781;B016331;BD;;2019-06-05;
8782;B016330;BD;;2019-06-05;
8783;B016329;BD;;2019-06-06;
8783;B017249;BD;;2019-06-06;
8784;B016222;BD;;2019-06-05;
8784;B017247;BD;;2019-06-05;
8785;B016336;BD;;2019-06-05;
8786;B016333;BD;;2019-06-05;
8786;B016442;BD;;2019-06-05;
8787;B016334;BD;;2019-06-05;
8788;B016543;BD;;2019-06-05;
8788;B017246;BD;;2019-06-05;
8789;B016542;BD;;2019-06-06;
8790;B016541;BD;;2019-06-06;
8791;B016264;BD;;2019-06-06;
8792;B016174;BD;;2019-06-06;
8793;B016173;BD;;2019-06-06;
8794;B016175;BD;;2019-06-06;
8795;B016548;BD;;2019-06-06;
8796;B016432;BD;;2019-06-05;
8796;B020024;BD;;2019-06-05;
8797;B016687;BD;;2019-06-06;
8798;B016688;BD;;2019-06-06;
8799;B016683;BD;;2019-06-06;
8800;B016682;BD;;2019-06-06;
8801;B016681;BD;;2019-06-06;
8801;B018991;BD;;2019-06-06;
8801;B019906;BD;;2019-06-06;
8802;B016611;BD;;2019-06-06;
8802;B017248;BD;1;2019-06-13;* Catégorie=«BD» * UA=«BD» * PRÊTÉ ou PERDU
8803;B016677;BD;;2019-06-05;
8804;B019509;BD;;2019-06-06;
8805;B016521;BD;;2019-06-06;
8806;B016702;BD;;2019-06-05;
8807;B016699;BD;;2019-06-05;
8808;B019083;BD;;2019-06-06;
8808;B019908;BD;;2019-06-06;
8808;B016697;BD;;2019-06-06;
8809;B016694;BD;;;
8810;B016693;BD;;2019-06-06;
8811;B016701;BD;;2019-06-06;
8812;B016700;BD;;2019-06-05;
8813;B016698;BD;;2019-06-05;
8814;B016692;BD;;2019-06-06;
8815;B016506;BD;;2019-06-06;
8816;B016505;BD;;2019-06-06;
8817;B016508;BD;;2019-06-06;
8818;B016509;BD;;2019-06-06;
8819;B016507;BD;;2019-06-06;
8820;B016517;BD;;2019-06-05;
8820;B016350;BD;;2019-06-05;
8821;B016347;BD;;2019-06-05;
8822;B016348;BD;;;
8823;B016433;BD;;2019-06-05;
8824;B016343;BD;;2019-06-05;
8825;B016431;BD;;2019-06-05;
8826;B016732;BD;;2019-06-05;
8827;B016501;BD;;2019-06-05;
8828;B019331;BD;;2019-06-06;
8829;B019332;BD;;2019-06-06;
8830;B016727;BD;;2019-06-06;
8831;B016723;BD;;2019-06-06;
8831;B018990;BD;;2019-06-06;
8831;B019910;BD;;2019-06-06;
8832;B016724;BD;;2019-06-06;
8832;B018992;BD;;2019-06-06;
8832;B019905;BD;;2019-06-06;
8833;B016730;BD;;2019-06-06;
8834;B016437;BD;;2019-06-05;
8836;B016436;BD;;2019-06-05;
8837;B016435;BD;;2019-06-05;
8838;B016759;BD;;2019-06-06;
8839;B016344;BD;;2019-06-05;
8840;B016434;BD;;2019-06-05;
8841;B016777;BD;;2019-06-06;* Cote=«BD KAN v.09»
8842;B016778;BD;;2019-06-06;* Cote=«BD KAN v.08»
8843;B016779;BD;;2019-06-06;* Cote=«BD KAN v.07»
8844;B016781;BD;;2019-06-06;* Cote=«BD KAN v.05»
8845;B016782;BD;;2019-06-06;* Cote=«BD KAN v.04»
8846;B016783;BD;;2019-06-06;* Cote=«BD KANv.03»
8847;B016784;BD;;2019-06-06;* Cote=«BD KAN v.01»
8847;B018855;BD;;2019-06-06;* Cote=«BD KAN v.01»
8848;B016785;BD;;2019-06-06;* Cote=«BD KAN v.01»
8849;B016919;BD;;2019-06-06;
8850;B016986;BD;;2019-06-06;
8850;B016987;BD;;2019-06-06;
8851;B016989;BD;;2019-06-06;
8851;B016988;BD;;2019-06-06;
8852;B016990;BD;;2019-06-06;
8852;B016991;BD;;2019-06-06;
8853;B016918;BD;;2019-06-06;
8853;B018733;BD;;2019-06-06;
8854;B017100;BD;;2019-06-06;
8854;B017071;BD;1;2019-06-03;* Catégorie=«BD» * UA=«BD» * PRÊTÉ ou PERDU
8855;B017102;BD;;2019-06-06;
8856;B017016;BD;;2019-06-06;
8856;B018113;BD;;2019-06-06;
8857;B017007;BD;;2019-06-06;
8858;B017005;BD;;2019-06-06;
8859;B017004;BD;;2019-06-06;
8860;B017003;BD;;2019-06-06;
8861;B017251;BD;;2019-06-06;
8862;B017250;BD;;2019-06-06;
8863;B017193;BD;;2019-06-06;
8864;B017243;BD;;2019-06-06;
8865;B017242;BD;;2019-06-06;
8866;B017090;BD;;2019-06-06;
8866;B017089;BD;;2019-06-06;
8867;B017060;BD;;2019-06-06;
8868;B017059;BD;;2019-06-06;
8869;B017001;BD;;2019-06-06;
8870;B017002;BD;;2019-06-06;
8871;B017628;BD;;2019-06-06;
8872;B017781;BD;1;2019-06-06;* PRÊTÉ ou PERDU
8873;B017750;BD;1;2019-06-06;* PRÊTÉ ou PERDU
8874;B017773;BD;1;2019-06-06;* PRÊTÉ ou PERDU
8875;B017771;BD;;2019-06-06;
8875;B018478;BD;;2019-06-06;
8876;B017535;BD;;2019-06-06;
8877;B017543;BD;;2019-06-06;
8878;B017852;BD;;2019-06-06;
8879;B017912;BD;;2019-06-06;
8880;B017960;BD;;2019-06-05;
8881;B018336;BD;1;2019-06-03;* Catégorie=«BD» * UA=«BD» * PRÊTÉ ou PERDU
8881;B018410;BD;;2019-06-06;
8882;B018374;BD;;2019-06-06;
8882;B018408;BD;;2019-06-06;
8883;B018373;BD;;2019-06-06;
8883;B018412;BD;;2019-06-06;
8884;B018333;BD;;2019-06-06;
8884;B018411;BD;1;2019-06-06;* PRÊTÉ ou PERDU
8885;B018371;BD;;2019-06-06;
8885;B018414;BD;;2019-06-06;
8886;B018372;BD;1;2019-06-03;* Catégorie=«BD» * UA=«BD» * PRÊTÉ ou PERDU
8886;B018413;BD;;2019-06-06;
8887;B018334;BD;;;
8887;B018415;BD;;2019-06-06;
8888;B018335;BD;;2019-06-06;
8888;B018416;BD;1;;
8889;B018375;BD;;2019-06-06;
8889;B018417;BD;;2019-06-06;
8890;B018112;BD;;2019-06-06;
8891;B018409;BD;;2019-06-06;
8892;B018458;BD;;2019-06-06;
8893;B018484;BD;;2019-06-06;
8894;B018483;BD;;2019-06-06;
8895;B018482;BD;;2019-06-06;
8896;B018481;BD;;2019-06-05;
8897;B018480;BD;;2019-06-06;
8898;B018477;BD;;2019-06-06;
8899;B018475;BD;;2019-06-06;
8899;B018966;BD;;2019-06-06;
8900;B018476;BD;;2019-06-06;
8901;B018474;BD;1;;
8902;B018473;BD;;2019-06-06;
8903;B018505;BD;;2019-06-05;
8904;B016978;BD;;2019-06-06;
8904;B016979;BD;;2019-06-06;
8905;B016980;BD;;2019-06-06;
8905;B016981;BD;;2019-06-06;
8906;B016982;BD;;2019-06-06;
8906;B016983;BD;;2019-06-06;
8907;B016984;BD;;2019-06-06;
8907;B016985;BD;;2019-06-06;
8908;B018612;BD;;2019-06-06;
8909;B018587;BD;;2019-06-06;
8910;B018585;BD;;2019-06-06;
8911;B018684;BD;;2019-06-05;
8911;B020371;BD;;2019-06-05;
8912;B018695;BD;;2019-06-06;
8912;B018701;BD;;2019-06-04;* Catégorie=«BD» * UA=«BD» * Cote=«B CAZ»
8913;B018696;BD;;2019-06-06;
8914;B018702;BD;;2019-06-06;
8915;B018800;BD;;2019-06-05;
8916;B018862;BD;;;
8917;B018860;BD;;2019-06-06;
8918;B018861;BD;;2019-06-06;
8919;B018935;BD;;2019-06-04;* Catégorie=«BD» * UA=«BD» * Cote=«B BRO»
8920;B018946;BD;;2019-06-06;
8921;B019065;BD;;2019-06-06;
8922;B018799;BD;;2019-06-06;
8923;B018994;BD;;2019-06-06;
8923;B019907;BD;;2019-06-06;
8924;B018995;BD;1;;
8924;B019909;BD;;2019-06-06;
8925;B019158;BD;;2019-06-06;
8926;B019161;BD;;2019-06-06;
8927;B019217;BD;;2019-06-05;
8928;B019214;BD;;2019-06-05;
8929;B019216;BD;;2019-06-05;
8930;B019215;BD;;2019-06-05;
8931;B019212;BD;;2019-06-05;
8932;B019213;BD;;2019-06-05;
8933;B018940;BD;;2019-06-06;
8934;B019263;BD;;2019-06-06;
8935;B018516;BD;;2019-06-06;
8936;B019354;BD;;2019-06-06;
8937;B019353;BD;;2019-06-06;
8938;B019352;BD;;2019-06-06;
8939;B019351;BD;;2019-06-06;
8940;B019350;BD;1;2019-06-06;* PRÊTÉ ou PERDU
8941;B019523;BD;;2019-06-06;
8942;B019508;BD;;2019-06-05;
8943;B019513;BD;;2019-06-06;
8944;B019512;BD;;2019-06-06;
8945;B019279;BD;;2019-06-05;
8946;B019247;BD;;2019-06-05;
8947;B019535;BD;;2019-06-06;
8948;B019348;BD;;2019-06-06;
8949;B017532;PER;;2019-06-04;
8950;B009924;PER;;;
8951;B001616;PER;;2019-06-04;
8951;B001619;PER;;2019-06-04;
8952;B001690;PER;;2019-06-04;
8953;B001634;PER;;2019-06-04;
8954;B001739;PER;;2019-06-04;
8955;B001631;PER;;2019-06-04;
8956;B001701;PER;;2019-06-04;
8957;B001700;PER;;2019-06-04;
8958;B001699;PER;;2019-06-04;
8959;B009090;PER;;2019-06-04;
8960;B009713;PER;;2019-06-04;
8961;B010663;PER;;2019-06-04;
8962;B010662;PER;;2019-06-04;
8963;B010661;PER;;2019-06-04;
8964;B010660;PER;;2019-06-04;
8965;B012313;PER;;2019-06-04;
8966;B010658;PER;;2019-06-04;
8967;B010657;PER;;2019-06-04;
8967;B012992;PER;;2019-06-04;
8968;B010656;PER;;2019-06-04;
8969;B010655;PER;;2019-06-04;
8970;B010654;PER;;2019-06-04;
8971;B012991;PER;;2019-06-04;
8972;B012312;PER;;2019-06-04;
8973;B009714;PER;;2019-06-04;
8974;B001624;PER;;2019-06-04;
8975;B001598;PER;;2019-06-04;
8976;B001682;PER;;2019-06-04;
8977;B001820;PER;;2019-06-04;
8978;B001735;PER;;2019-06-04;
8978;B001686;PER;;2019-06-04;
8979;B001620;PER;;2019-06-04;
8980;B001538;PER;;2019-06-04;
8980;B001562;PER;;2019-06-04;
8981;B001638;PER;;2019-06-04;
8981;B001529;PER;;2019-06-04;
8982;B001580;PER;;2019-06-04;
8982;B001575;PER;;2019-06-04;
8983;B001689;PER;;2019-06-04;
8983;B001819;PER;;2019-06-04;
8984;B001612;PER;;2019-06-04;
8984;B001639;PER;;2019-06-04;
8984;B001714;PER;;2019-06-04;
8984;B001640;PER;;2019-06-04;
8985;B001719;PER;;2019-06-04;
8986;B001720;PER;;2019-06-04;
8987;B001718;PER;;2019-06-04;
8988;B001772;PER;;2019-06-04;
8989;B001801;PER;;2019-06-04;
8990;B001679;PER;;2019-06-04;
8991;B011008;PER;;2019-06-04;
8991;B011193;PER;;2019-06-04;
8991;B011898;PER;;2019-06-04;
8992;B011009;PER;;2019-06-04;
8993;B011010;PER;;2019-06-04;
8994;B010747;PER;;2019-06-04;
8995;B010745;PER;;2019-06-04;
8996;B010744;PER;;2019-06-04;
8997;B010746;PER;;2019-06-04;
8998;B010752;PER;;2019-06-04;
8999;B010751;PER;;2019-06-04;
9000;B010750;PER;;2019-06-04;
9001;B010749;PER;;2019-06-04;
9001;B012610;PER;;2019-06-04;
9002;B012320;PER;;2019-06-04;
9003;B009915;PER;;2019-06-04;
9003;B012608;PER;;2019-06-04;
9004;B011012;PER;;2019-06-04;
9005;B009756;PER;;2019-06-04;
9006;B009709;PER;;2019-06-04;
9006;B010753;PER;;2019-06-04;
9007;B003007;PER;;2019-06-04;
9008;B003006;PER;;2019-06-04;
9009;B003004;PER;;2019-06-04;
9010;B003003;PER;;2019-06-04;
9011;B003002;PER;;2019-06-04;
9012;B003000;PER;;2019-06-04;
9013;B003001;PER;;2019-06-04;
9014;B001979;PER;;2019-06-04;
9014;B012609;PER;;2019-06-04;
9015;B009711;PER;;2019-06-04;
9016;B009712;PER;;2019-06-04;
9017;B011013;PER;;2019-06-04;
9018;B001977;PER;;2019-06-04;
9019;B001956;PER;;2019-06-04;
9020;B001954;PER;;2019-06-04;
9021;B001953;PER;;2019-06-04;
9022;B001955;PER;;2019-06-04;
9023;B001965;PER;;2019-06-04;
9024;B001948;PER;;2019-06-04;
9025;B001927;PER;;2019-06-04;
9026;B001958;PER;;2019-06-04;
9027;B001966;PER;;2019-06-04;
9028;B001925;PER;;2019-06-04;
9029;B001959;PER;;2019-06-04;
9030;B001930;PER;;2019-06-04;
9031;B001939;PER;;2019-06-04;
9032;B001929;PER;;2019-06-04;
9033;B001946;PER;;2019-06-04;
9034;B001933;PER;;2019-06-04;
9035;B001973;PER;;2019-06-04;
9036;B001934;PER;;2019-06-04;
9036;B001926;PER;;2019-06-04;
9036;B001968;PER;;2019-06-04;
9037;B001931;PER;;2019-06-04;
9038;B001972;PER;;2019-06-04;
9039;B001938;PER;;2019-06-04;
9040;B001923;PER;;2019-06-04;
9041;B001942;PER;;2019-06-04;
9041;B001961;PER;;2019-06-04;
9042;B001960;PER;;2019-06-04;
9043;B001952;PER;;2019-06-04;
9043;B001951;PER;;2019-06-04;
9044;B001936;PER;;2019-06-04;
9045;B001940;PER;;2019-06-10;
9045;B001943;PER;;2019-06-04;
9046;B001949;PER;;2019-06-04;
9047;B001974;PER;;2019-06-04;
9048;B001976;PER;;2019-06-04;
9049;B001964;PER;;2019-06-04;
9050;B001962;PER;;2019-06-04;
9051;B001932;PER;;2019-06-04;
9052;B001963;PER;;2019-06-04;
9053;B001975;PER;;2019-06-04;
9053;B001971;PER;;2019-06-04;
9053;B001945;PER;;2019-06-04;
9054;B001978;PER;;2019-06-04;
9054;B001941;PER;;2019-06-04;
9055;B001967;PER;;2019-06-04;
9056;B011191;PER;;2019-06-04;
9056;B011190;PER;;2019-06-04;
9057;B011188;PER;;2019-06-04;
9057;B011189;PER;;2019-06-04;
9058;B011187;PER;;2019-06-04;
9059;B011185;PER;;2019-06-04;
9060;B011184;PER;;2019-06-04;
9060;B011183;PER;;2019-06-04;
9061;B010740;PER;;2019-06-04;* Cote=«S ZAZ Nº7»
9061;B011850;PER;;2019-06-04;
9062;B010742;PER;;2019-06-04;
9063;B010741;PER;;2019-06-04;
9064;B010743;PER;;2019-06-04;
9065;B011196;PER;;2019-06-04;
9066;B011195;PER;;2019-06-04;
9067;B011194;PER;;2019-06-04;
9068;B011192;PER;;2019-06-04;
9069;B009925;PER;;2019-06-04;
9070;B011849;PER;;2019-06-04;
9071;B011851;PER;;2019-06-04;
9072;B011852;PER;;2019-06-04;
9073;B011854;PER;;2019-06-04;
9074;B011856;PER;;2019-06-04;
9075;B011857;PER;;2019-06-04;
9076;B011858;PER;;2019-06-04;
9077;B012226;PER;;2019-06-04;
9078;B012227;PER;;2019-06-04;
9079;B012225;PER;;2019-06-04;
9080;B012309;PER;;2019-06-04;
9081;B012311;PER;;2019-06-04;
9082;B012310;PER;;2019-06-04;
9083;B012317;PER;;2019-06-04;
9084;B012228;PER;;2019-06-04;
9084;B012318;PER;;2019-06-04;
9085;B012316;PER;;2019-06-04;
9086;B012224;PER;;2019-06-04;
9087;B012624;PER;;2019-06-04;
9088;B012625;PER;;2019-06-04;
9089;B012626;PER;;2019-06-04;
9090;B012147;PER;;2019-06-04;
9091;B011930;PER;;2019-06-04;
9092;B011889;PER;;2019-06-04;
9093;B011890;PER;;2019-06-04;
9094;B011891;PER;;2019-06-04;
9095;B011893;PER;;2019-06-04;
9096;B011892;PER;;2019-06-04;
9097;B011894;PER;;2019-06-04;
9098;B011900;PER;;2019-06-04;
9099;B012611;PER;;2019-06-04;
9100;B012628;PER;;2019-06-04;
9101;B012627;PER;;2019-06-04;
9102;B012630;PER;;2019-06-04;
9103;B010739;PER;;2019-06-04;
9104;B012674;PER;;2019-06-04;
9105;B012771;PER;;2019-06-04;
9106;B012930;PER;;2019-06-04;
9107;B013105;PER;;2019-06-04;
9108;B013107;PER;;2019-06-04;
9109;B013284;PER;;2019-06-04;
9110;B013277;PER;;2019-06-04;
9111;B013147;PER;;2019-06-04;
9112;B013180;PER;;2019-06-04;
9113;B012705;PER;;2019-06-04;
9114;B013035;PER;;2019-06-04;
9115;B011896;PER;;2019-06-04;
9116;B011897;PER;;2019-06-04;
9117;B011895;PER;;2019-06-04;
9118;B013876;PER;;2019-06-04;
9119;B013423;PER;;2019-06-04;
9120;B012919;PER;;2019-06-04;
9121;B012666;PER;;2019-06-04;
9122;B012321;PER;;2019-06-04;
9123;B012612;PER;;2019-06-04;
9124;B012606;PER;;2019-06-04;
9125;B014350;PER;;2019-06-04;
9126;B014651;PER;;2019-06-04;
9127;B014014;PER;;2019-06-04;
9128;B013878;PER;;2019-06-04;
9129;B013848;PER;;2019-06-04;
9130;B013850;PER;;2019-06-04;
9131;B013726;PER;;2019-06-04;
9132;B013727;PER;;2019-06-04;
9133;B014650;PER;;2019-06-04;
9134;B014649;PER;;2019-06-04;
9135;B014652;PER;;2019-06-04;
9136;B014644;PER;;2019-06-04;
9137;B014646;PER;;2019-06-04;
9138;B014645;PER;;2019-06-04;
9139;B013872;PER;;2019-06-04;
9140;B013326;PER;;2019-06-04;
9141;B013630;PER;;2019-06-04;
9142;B013719;PER;;2019-06-04;
9143;B013718;PER;;2019-06-04;
9144;B013874;PER;;2019-06-04;
9145;B013855;PER;;2019-06-04;
9146;B013854;PER;;2019-06-04;
9147;B013873;PER;1;2019-06-04;* PRÊTÉ ou PERDU
9148;B013875;PER;;2019-06-04;
9149;B014004;PER;;2019-06-04;
9150;B014032;PER;;2019-06-04;
9151;B011905;PER;;2019-06-04;
9152;B014348;PER;;2019-06-04;
9153;B009926;PER;;2019-06-04;
9154;B009958;PER;;2019-06-04;
9155;B014890;PER;;2019-06-04;
9156;B013849;PER;;2019-06-04;
9157;B001957;PER;;2019-06-04;
9158;B011888;PER;;2019-06-04;
9159;B011887;PER;;2019-06-04;
9160;B014642;PER;;2019-06-04;
9161;B014641;PER;;2019-06-04;
9162;B014355;PER;;2019-06-04;
9163;B014353;PER;;2019-06-04;
9164;B013882;PER;;2019-06-04;
9165;B012635;PER;;2019-06-04;
9166;B012634;PER;;2019-06-04;
9167;B012314;PER;;2019-06-04;
9168;B012315;PER;;2019-06-04;
9169;B012629;PER;;2019-06-04;
9170;B012672;PER;;2019-06-04;
9171;B012795;PER;;2019-06-04;* Cote=«S JAI Nº19»
9172;B013087;PER;;2019-06-04;
9173;B013280;PER;;2019-06-04;
9173;B014905;PER;;2019-06-04;
9174;B013278;PER;;2019-06-04;
9175;B013281;PER;;2019-06-04;
9176;B013287;PER;;2019-06-04;
9177;B013729;PER;;2019-06-04;
9178;B013730;PER;;2019-06-04;
9179;B013731;PER;;2019-06-04;
9180;B013847;PER;;2019-06-04;
9181;B013846;PER;;2019-06-04;
9182;B013853;PER;;2019-06-04;
9183;B014354;PER;;2019-06-04;
9184;B014016;PER;;2019-06-04;
9185;B014897;PER;;2019-06-04;
9186;B014647;PER;;2019-06-04;
9187;B012589;PER;;2019-06-04;
9188;B012590;PER;;2019-06-04;
9189;B012591;PER;;2019-06-04;
9190;B012519;PER;;2019-06-04;
9191;B012586;PER;;2019-06-04;
9192;B012588;PER;;2019-06-04;
9193;B013879;PER;;2019-06-04;
9193;B012596;PER;;2019-06-04;
9194;B012597;PER;;2019-06-04;
9195;B012587;PER;;2019-06-04;
9196;B010755;PER;;2019-06-04;
9197;B010754;PER;;2019-06-04;
9198;B010756;PER;;2019-06-04;
9199;B012581;PER;;2019-06-04;
9200;B012580;PER;;2019-06-04;
9201;B012592;PER;;2019-06-04;
9202;B013734;PER;;2019-06-04;
9203;B012583;PER;;2019-06-04;
9204;B013733;PER;;2019-06-04;
9205;B014050;PER;;2019-06-04;
9206;B012582;PER;;2019-06-04;
9207;B012595;PER;;2019-06-04;
9208;B012593;PER;;2019-06-04;
9209;B014005;PER;;2019-06-04;
9210;B014352;PER;;2019-06-04;
9211;B013881;PER;;2019-06-04;
9212;B014901;PER;;2019-06-04;
9213;B013732;PER;;2019-06-04;
9214;B013852;PER;;2019-06-04;
9215;B014653;PER;;2019-06-04;
9216;B013724;PER;;;
9217;B013866;PER;;2019-06-04;
9218;B013884;PER;;2019-06-04;
9219;B014006;PER;;2019-06-04;
9220;B014063;PER;;2019-06-04;
9221;B014654;PER;;2019-06-04;
9222;B012573;PER;;2019-06-04;
9223;B012572;PER;;;
9224;B011649;PER;;2019-06-04;
9225;B012706;PER;;2019-06-04;
9226;B013101;PER;;2019-06-04;
9227;B013099;PER;;2019-06-04;
9228;B014902;PER;;2019-06-04;
9229;B014903;PER;;;
9230;B014035;PER;;2019-06-04;
9231;B013249;PER;;2019-06-04;
9232;B011206;PER;;2019-06-04;
9233;B013250;PER;;2019-06-04;
9234;B013740;PER;;2019-06-04;
9235;B012571;PER;;2019-06-04;
9236;B011205;PER;;2019-06-04;
9237;B012570;PER;;2019-06-04;
9238;B012569;PER;;2019-06-04;
9239;B012576;PER;;2019-06-04;
9240;B013000;PER;;2019-06-04;
9241;B012575;PER;;;
9241;B013880;PER;;2019-06-04;
9242;B010706;PER;;2019-06-04;
9243;B010707;PER;;2019-06-04;* Cote=«S FIL Nº83»
9244;B010708;PER;;;
9245;B011203;PER;;2019-06-04;
9246;B012574;PER;;2019-06-04;
9246;B011204;PER;;2019-06-04;
9247;B014648;PER;;2019-06-04;
9248;B013424;PER;;2019-06-04;
9249;B013283;PER;;2019-06-04;
9250;B013248;PER;;2019-06-04;
9251;B013200;PER;;2019-06-04;
9252;B013109;PER;;2019-06-04;
9252;B013113;PER;;2019-06-04;
9253;B013108;PER;;2019-06-04;
9254;B013018;PER;;2019-06-04;
9255;B012673;PER;;2019-06-04;
9256;B012579;PER;;2019-06-04;
9257;B014908;PER;;2019-06-04;
9258;B014347;PER;;2019-06-04;
9259;B014064;PER;;;
9260;B014346;PER;;2019-06-04;
9261;B014643;PER;;2019-06-04;
9262;B013725;PER;;2019-06-04;
9263;B013867;PER;;2019-06-04;
9264;B013895;PER;;2019-06-04;
9265;B013894;PER;;2019-06-04;
9266;B012455;PER;;2019-06-04;
9267;B012449;PER;;2019-06-04;
9268;B012717;PER;;2019-06-04;* Cote=«S POM Nº8»
9269;B013100;PER;;2019-06-04;
9270;B013102;PER;;2019-06-04;
9271;B013254;PER;;2019-06-04;
9272;B013735;PER;;2019-06-04;
9273;B012495;PER;;2019-06-04;
9274;B013893;PER;;2019-06-04;
9274;B012535;PER;;2019-06-04;* Cote=«S POM Nº2»
9275;B012506;PER;;;
9276;B012465;PER;;2019-06-04;
9277;B014909;PER;;2019-06-04;
9278;B014910;PER;;;
9279;B009898;PER;;;
9280;B007113;PER;;2019-06-04;
9281;B010034;PER;;2019-06-04;
9282;B010719;PER;;2019-06-04;
9283;B012522;PER;;2019-06-04;
9284;B013001;PER;;2019-06-04;
9285;B013255;PER;;2019-06-04;* Cote=«S POM hors-s»
9286;B014036;PER;;2019-06-04;
9287;B014911;PER;;2019-06-04;
9288;B010718;PER;;2019-06-04;
9289;B009947;PER;;2019-06-04;
9290;B007159;PER;;2019-06-04;
9291;B010717;PER;;2019-06-04;
9292;B012510;PER;;2019-06-04;
9293;B014916;PER;;2019-06-04;
9293;B012457;PER;;2019-06-04;
9294;B010716;PER;;2019-06-04;
9295;B012560;PER;;2019-06-04;
9295;B012481;PER;;;
9296;B012524;PER;;2019-06-04;
9297;B014819;PER;;;
9298;B014828;PER;;2019-06-04;
9299;B014821;PER;;2019-06-04;
9300;B014068;PER;;2019-06-04;
9301;B014907;PER;;2019-06-04;
9301;B012585;PER;;2019-06-04;
9302;B014820;PER;;2019-06-04;
9303;B014917;PER;;2019-06-04;
9304;B014892;PER;;2019-06-04;
9305;B014891;PER;;2019-06-04;
9306;B014829;PER;;2019-06-04;
9307;B014822;PER;;2019-06-04;
9308;B014824;PER;;2019-06-04;
9309;B014896;PER;;2019-06-04;
9310;B014898;PER;;2019-06-04;
9311;B014895;PER;;2019-06-04;
9312;B014832;PER;;2019-06-04;
9313;B014894;PER;;2019-06-04;* Catégorie=«PER» * UA=«PER» * Cote=«S DLI Nº51»
9314;B014921;PER;;;
9315;B014922;PER;;2019-06-04;
9316;B014923;PER;;2019-06-04;
9317;B014924;PER;;2019-06-04;
9318;B014925;PER;;2019-06-04;
9319;B014926;PER;;2019-06-04;
9320;B014962;PER;3;2019-06-04;* PRÊTÉ ou PERDU
9321;B014904;PER;;2019-06-04;
9321;B015711;PER;;2019-06-04;
9322;B014830;PER;;2019-06-04;* Cote=«S POM Nº0»
9323;B015036;PER;;2019-06-04;
9324;B015033;PER;1;2019-06-04;* PRÊTÉ ou PERDU
9325;B015035;PER;;2019-06-04;
9326;B015034;PER;;2019-06-04;
9327;B015062;PER;;2019-06-04;
9328;B015073;PER;;2019-06-04;
9329;B015075;PER;;2019-06-04;
9330;B015061;PER;;2019-06-04;
9331;B015074;PER;;2019-06-04;
9332;B015401;PER;;2019-06-04;
9333;B015402;PER;;2019-06-04;
9334;B015400;PER;;2019-06-04;
9334;B015712;PER;;2019-06-04;
9335;B015398;PER;;2019-06-04;
9336;B015399;PER;;2019-06-04;
9337;B015396;PER;;2019-06-04;
9338;B015395;PER;;2019-06-04;
9339;B015394;PER;;2019-06-04;
9340;B015393;PER;;2019-06-04;
9341;B015397;PER;;2019-06-04;
9342;B015411;PER;;2019-06-04;
9343;B015607;PER;;2019-06-04;
9344;B015609;PER;;2019-06-04;
9345;B015610;PER;;2019-06-04;* Cote=«S MJL Nº94»
9346;B015612;PER;;2019-06-04;
9347;B015611;PER;;2019-06-04;
9348;B015410;PER;;2019-06-04;
9349;B015608;PER;;2019-06-04;
9350;B015613;PER;;2019-06-04;
9351;B015708;PER;;2019-06-04;
9352;B015709;PER;;2019-06-04;
9353;B015710;PER;;2019-06-04;
9354;B015705;PER;;2019-06-04;
9355;B015706;PER;;2019-06-04;
9356;B015707;PER;;2019-06-04;
9357;B015703;PER;;2019-06-04;
9358;B015704;PER;;2019-06-04;
9359;B015700;PER;;2019-06-04;
9360;B015699;PER;;2019-06-04;
9361;B015698;PER;;2019-06-04;
9362;B015404;PER;;;
9363;B015405;PER;;2019-06-04;
9364;B015702;PER;;2019-06-04;
9365;B015701;PER;;2019-06-04;
9366;B015713;PER;;2019-06-04;
9367;B015735;PER;;2019-06-04;
9368;B015754;PER;;2019-06-04;
9369;B015714;PER;;2019-06-04;
9370;B015756;PER;;2019-06-04;
9371;B015757;PER;;2019-06-04;
9372;B015755;PER;;2019-06-04;
9373;B015764;PER;;2019-06-04;
9374;B015765;PER;;;
9375;B015763;PER;;2019-06-04;
9376;B015769;PER;;2019-06-04;
9377;B015770;PER;;2019-06-04;
9378;B015736;PER;;2019-06-04;
9379;B015804;PER;;2019-06-04;* Cote=«S YOU Nº89»
9380;B015775;PER;;2019-06-04;
9381;B015776;PER;;2019-06-04;
9382;B015777;PER;;2019-06-04;
9383;B017530;PER;;;
9384;B017538;PER;;2019-06-04;
9385;B017514;PER;;2019-06-04;
9386;B017522;PER;;;
9387;B017506;PER;;2019-06-04;
9388;B017515;PER;;2019-06-04;
9389;B017507;PER;;;
9390;B017531;PER;;;
9391;B017523;PER;;2019-06-04;
9392;B017540;PER;;2019-06-04;
9393;B018769;PER;;2019-06-04;
9394;B018765;PER;;2019-06-04;
9395;B018762;PER;;2019-06-04;
9396;B018689;PER;;2019-06-04;* Cote=«S MJL Nº17»
9397;B018763;PER;;2019-06-04;
9398;B018764;PER;;2019-06-04;
9399;B018766;PER;;2019-06-04;
9400;B018772;PER;;2019-06-04;
9401;B018796;PER;;2019-06-04;
9402;B018768;PER;;2019-06-04;
9403;B018770;PER;;2019-06-04;
9404;B018767;PER;;2019-06-04;
9405;B018692;PER;;2019-06-04;
9406;B018789;PER;;2019-06-04;
9407;B018690;PER;;2019-06-04;
9408;B018793;PER;;2019-06-04;
9409;B018691;PER;;2019-06-04;
9410;B018791;PER;;2019-06-04;
9411;B018794;PER;;2019-06-04;* Cote=«S YOU Nº38»
9412;B018792;PER;;2019-06-04;
9413;B018803;PER;;2019-06-04;
9414;B018802;PER;;2019-06-04;
9415;B018815;PER;;2019-06-04;
9416;B018816;PER;;2019-06-04;
9417;B018817;PER;;2019-06-04;
9418;B018818;PER;;2019-06-04;
9419;B018819;PER;;;
9420;B018822;PER;;2019-06-04;
9421;B018821;PER;;2019-06-04;
9422;B018820;PER;;2019-06-04;
9423;B018823;PER;;2019-06-04;
9424;B018824;PER;;2019-06-04;
9424;B018832;PER;;2019-06-04;* Cote=«S MJL Nº13»
9425;B018831;PER;;2019-06-04;
9426;B018826;PER;;2019-06-04;
9427;B018827;PER;;2019-06-04;
9428;B018828;PER;;2019-06-04;
9429;B018829;PER;;2019-06-04;
9430;B018830;PER;;2019-06-04;
9431;B018851;PER;;2019-06-04;
9432;B018850;PER;;2019-06-04;
9433;B018849;PER;;2019-06-04;
9434;B018848;PER;;2019-06-04;
9435;B018847;PER;;2019-06-04;
9436;B018846;PER;;2019-06-04;
9437;B018845;PER;;2019-06-04;
9438;B018844;PER;;2019-06-04;
9439;B018843;PER;;2019-06-04;
9440;B018834;PER;;2019-06-04;
9441;B019792;5DOC;;2019-06-06;
9442;B019776;5DOC;;2019-06-07;
9443;B019787;5DOC;;2019-06-06;
9444;B019785;5DOC;;2019-06-07;
9445;B019784;5DOC;;2019-06-07;
9446;B017574;5ALB;1;;
9447;B019997;5ALB;1;;
9448;B019994;ADU;1;;
9449;B019993;ADU;1;;
9450;B019992;ADU;1;;
9451;B019991;ADU;1;;
9452;B019996;ADU;1;;
9453;B019797;ROM;;2019-06-04;
9454;B019772;ROM;;2019-06-04;
9455;B019771;ROM;;2019-06-04;
9456;B019770;ROM;;2019-06-04;
9457;B019769;ROM;;2019-06-04;
9458;B019768;ROM;;2019-06-04;
9459;B019794;ROM;;2019-06-04;
9460;B019795;ROM;;2019-06-04;
9465;B019947;BD;;2019-06-06;
9466;B019948;BD;;2019-06-06;
9467;B019940;BD;;2019-06-06;
9468;B019941;BD;;2019-06-06;
9469;B019942;BD;;2019-06-06;
9470;B019943;BD;;2019-06-06;
9471;B019944;BD;;2019-06-06;
9472;B019945;BD;;2019-06-06;
9473;B019946;BD;;2019-06-06;
9474;B019939;BD;;2019-06-06;
9475;B019938;BD;;2019-06-06;
9476;B019937;BD;;2019-06-06;
9477;B019936;BD;;2019-06-06;
9478;B019935;BD;;2019-06-06;
9479;B019934;BD;;;
9480;B019933;BD;;2019-06-06;
9481;B019932;BD;;2019-06-06;
9482;B019931;BD;;2019-06-06;
9483;B019930;BD;;2019-06-06;
9484;B019929;BD;;2019-06-06;
9485;B019928;BD;;2019-06-06;
9486;B019927;BD;1;2019-06-06;* PRÊTÉ ou PERDU
9487;B019926;BD;;2019-06-06;
9488;B019925;BD;;2019-06-06;
9489;B019924;BD;;2019-06-06;
9490;B019838;BD;;;
9491;B019839;BD;;2019-06-06;
9492;B019840;BD;;2019-06-06;
9493;B019841;BD;;2019-06-06;
9494;B019842;BD;;2019-06-06;
9495;B019843;BD;;2019-06-06;
9496;B019844;BD;;;
9497;B019845;BD;;2019-06-06;
9498;B019846;BD;;2019-06-06;
9499;B019847;BD;;2019-06-06;
9500;B019833;BD;;2019-06-06;
9501;B019834;BD;;2019-06-06;
9502;B019835;BD;;2019-06-06;
9503;B019836;BD;;2019-06-06;
9504;B019837;BD;;2019-06-06;
9505;B019860;BD;;2019-06-06;
9506;B019822;BD;;2019-06-06;
9507;B020146;BD;;2019-06-06;
9508;B020142;BD;;;
9509;B020140;BD;;2019-06-06;
9510;B020141;BD;;2019-06-06;
9511;B020149;BD;;2019-06-06;
9512;B020144;BD;;2019-06-06;
9513;B020148;BD;;2019-06-06;
9514;B019922;BD;;2019-06-06;
9515;B020147;BD;;2019-06-06;
9516;B019919;BD;;2019-06-06;
9517;B020145;BD;;2019-06-06;
9518;B019918;BD;;2019-06-06;
9519;B019917;BD;;2019-06-06;
9520;B019916;BD;;2019-06-06;
9521;B020143;BD;;2019-06-06;
9522;B019920;BD;;2019-06-06;
9523;B019921;BD;;2019-06-06;
9524;B020067;BD;;2019-06-06;
9525;B020090;BD;;2019-06-06;
9526;B020057;ADU;1;2019-06-12;* Catégorie=«ADU» * UA=«ADU» * Cote=«EALS 4e SAI» * PRÊTÉ ou PERDU
9527;B020097;BD;;2019-06-06;
9528;B020166;BD;;2019-06-06;
9529;B020079;BD;;2019-06-06;
9530;B020126;BD;;2019-06-06;
9531;B020054;BD;;2019-06-06;
9532;B020089;ADU;;2019-06-06;* Catégorie=«ADU» * UA=«ADU» * Cote=«EALS 4e SAI»
9533;B020069;BD;;2019-06-06;
9534;B020095;BD;;2019-06-06;
9535;B020123;BD;;2019-06-06;
9536;B020062;BD;;2019-06-06;
9537;B020102;BD;;2019-06-06;
9538;B020158;BD;;2019-06-06;
9539;B020167;BD;;2019-06-06;
9540;B020066;BD;;2019-06-06;
9541;B020099;BD;;2019-06-06;
9542;B020085;BD;;2019-06-06;
9543;B020093;BD;;2019-06-06;
9544;B020161;BD;;2019-06-06;
9545;B020088;BD;;2019-06-06;
9546;B020047;BD;;2019-06-06;
9547;B020055;BD;;2019-06-06;
9548;B020048;BD;;2019-06-06;
9549;B020086;BD;;2019-06-06;
9550;B020098;BD;;2019-06-06;
9551;B020081;BD;;2019-06-06;
9552;B020155;BD;;2019-06-06;
9553;B020051;BD;;2019-06-06;
9554;B020046;BD;;2019-06-06;
9555;B020060;BD;;2019-06-06;
9556;B020159;BD;;2019-06-06;
9557;B020049;BD;;2019-06-06;
9558;B020052;BD;;2019-06-06;
9559;B020164;BD;;2019-06-06;
9560;B020061;BD;;2019-06-06;
9561;B020056;BD;;2019-06-06;
9562;B020160;BD;;2019-06-06;
9563;B020082;BD;;2019-06-06;
9564;B020165;BD;;2019-06-06;
9565;B020153;BD;;2019-06-06;
9566;B020068;ADU;;2019-06-10;
9567;B020065;BD;;2019-06-06;
9568;B020045;BD;;2019-06-06;
9569;B020073;BD;;2019-06-06;
9570;B020075;BD;;2019-06-06;
9571;B020103;BD;;2019-06-06;
9572;B020156;BD;;2019-06-06;
9573;B020163;BD;;2019-06-06;
9574;B020070;BD;;2019-06-06;
9575;B020043;BD;;2019-06-06;
9576;B020094;BD;3;;
9577;B020080;BD;;2019-06-06;
9578;B020058;BD;;2019-06-06;
9579;B020157;BD;;2019-06-06;
9580;B020044;BD;;2019-06-06;
9581;B020105;BD;;2019-06-06;
9582;B020154;BD;;2019-06-06;
9583;B020100;ADU;;2019-06-10;
9584;B020152;BD;;2019-06-06;
9585;B020077;BD;;2019-06-06;
9586;B020104;BD;;2019-06-06;
9587;B020096;BD;;2019-06-06;
9588;B020162;BD;;2019-06-06;
9589;B020071;BD;;2019-06-06;
9590;B020087;BD;;2019-06-06;
9591;B020072;BD;;2019-06-06;
9592;B020063;BD;;2019-06-06;
9593;B020091;BD;;2019-06-06;
9594;B020124;BD;;2019-06-06;
9595;B020101;BD;;2019-06-06;
9596;B020125;BD;;2019-06-06;
9597;B020078;BD;;2019-06-06;
9598;B020151;BD;;2019-06-06;
9599;B020281;ADU;1;;
9600;B020278;ADU;1;;
9601;B020279;ADU;1;;
9602;B020282;ADU;1;;
9603;B020283;ADU;1;;
9603;B020276;ADU;1;;
9603;B020277;ADU;1;;
9603;B020284;ADU;;2019-06-10;
9603;B020288;ADU;1;;
9603;B020294;ADU;1;;
9603;B020296;ADU;1;;
9603;B020286;ADU;1;;
9603;B020287;ADU;1;;
9603;B020289;ADU;;2019-06-10;
9603;B020290;ADU;1;;
9603;B020291;ADU;;2019-06-10;
9603;B020292;ADU;1;;
9603;B020293;ADU;1;;
9603;B020297;ADU;1;;
9603;B020295;ADU;1;;
9604;B020285;ADU;;;
9605;B020481;ADU;1;;
9606;B019725;ROM;;2019-06-03;
9606;B019683;ROM;;2019-06-03;
9607;B019728;ROM;;2019-06-03;
9607;B019675;ROM;;2019-06-03;
9608;B019723;ROM;;2019-06-03;
9608;B019676;ROM;;2019-06-03;
9609;B019727;ROM;;2019-06-03;
9609;B019726;ROM;;2019-06-03;
9610;B019701;ROM;;2019-06-04;
9611;B019695;ROM;;2019-06-04;
9612;B019700;ROM;;2019-06-04;
9613;B019681;ROM;;2019-06-04;
9614;B019677;ROM;;2019-06-04;
9615;B019680;ROM;;2019-06-04;
9616;B019679;;;2019-06-04;
9616;B020567;ROM;;2019-06-04;
9617;B019699;ROM;;2019-06-04;
9618;B019698;ROM;;2019-06-04;
9619;B019682;ROM;;2019-06-03;
9619;B019724;ROM;;2019-06-03;
9620;B019678;ROM;;2019-06-04;
9621;B019828;5ALB;1;;
9622;B019659;5ALB;;2019-06-07;
9623;B019664;5ALB;;2019-06-07;
9624;B019644;5ALB;;2019-06-07;
9625;B019858;5ALB;;2019-06-07;
9626;B019605;ALB;;2019-06-05;
9626;B019604;ALB;;2019-06-05;
9627;B019346;ADU;1;;
9628;B019824;ADU;;;
9629;B019276;ADU;;;
9630;B019322;BD;;2019-06-06;
9630;B019321;BD;;2019-06-06;
9631;B019324;BD;;2019-06-06;
9631;B019323;BD;;2019-06-06;
9632;B019325;BD;;2019-06-06;
9632;B019328;BD;;2019-06-06;
9633;B019327;BD;;2019-06-06;
9633;B019326;BD;;2019-06-06;
9634;B019923;BD;;2019-06-06;
9635;B020207;BD;;2019-06-06;
9636;B020214;BD;;2019-06-06;
9637;B020206;BD;;2019-06-06;
9638;B020410;BD;;2019-06-06;
9639;B020411;BD;;2019-06-06;
9640;B020014;BD;;2019-06-06;
9641;B020431;BD;;2019-06-06;
9642;B020419;BD;;2019-06-06;
9643;B019814;BD;;2019-06-06;
9644;B019815;BD;;2019-06-06;
9645;B019816;BD;;2019-06-06;
9646;B019817;BD;;2019-06-06;
9647;B019818;BD;;2019-06-06;
9648;B019819;BD;;2019-06-06;
9649;B019820;BD;;2019-06-06;
9650;B019821;BD;;2019-06-06;
9651;B019738;PR;;2019-06-05;* Cote=«R LOP»
9652;B019730;PR;;2019-06-05;
9653;B019697;PR;;2019-06-04;* Catégorie=«1C» * UA=«PR»
9654;B019696;PR;;2019-06-04;* Catégorie=«1C» * UA=«PR»
9655;B019711;PR;;2019-06-04;* Catégorie=«1C» * UA=«PR»
9656;B019712;PR;;2019-06-04;* Catégorie=«1C» * UA=«PR»
9657;B020484;ADU;1;;
9657;B020483;ADU;;;
9657;B020482;ADU;;;
9658;B020012;DOC;;2019-05-31;
9659;B020430;DOC;;2019-05-31;
9660;B019796;DOC;;2019-05-31;
9661;B019901;DOC;;2019-05-31;
9662;B020108;DOC;;2019-06-03;* Cote=«793.93»
9663;B020109;DOC;;2019-06-03;
9664;B020114;DOC;;2019-06-03;* Cote=«794.8»
9665;B020113;DOC;;2019-06-10;* Catégorie=«23C» * UA=«DOC» * Cote=«794.8»
9666;B020112;DOC;;2019-06-03;
9667;B020111;DOC;;2019-06-03;
9668;B020110;DOC;;2019-06-03;
9669;B019899;DOC;;2019-06-03;
9670;B019904;DOC;;2019-06-03;
9671;B019865;DOC;;2019-06-03;
9672;B020485;DOC;;2019-06-03;
9673;B019893;DOC;;2019-06-03;
9674;B020318;DOC;;2019-06-03;
9675;B019884;DOC;;2019-06-03;
9676;B019967;DOC;;2019-06-03;
9677;B020013;DOC;;2019-05-31;
9678;B020408;DOC;;2019-05-31;
9679;B019504;DOC;;2019-05-31;
9680;B019503;DOC;;2019-05-31;
9681;B020005;DOC;;2019-05-31;
9682;B019969;5DOC;1;;
9683;B020418;5DOC;;2019-05-31;* Catégorie=«5A» * UA=«5DOC»
9684;B020416;DOC;;2019-06-06;* Catégorie=«23C» * UA=«DOC»
9685;B020436;DOC;;2019-05-31;
9686;B020415;DOC;;2019-05-31;
9687;B019855;DOC;;2019-06-03;
9688;B020320;DOC;;2019-05-31;* Catégorie=«1C» * Cote=«220.950»
9689;B020006;5DOC;;2019-06-06;
9690;B019774;DOC;;2019-05-31;
9691;B019798;DOC;;2019-05-31;
9692;B020388;5DOC;;2019-06-06;
9693;B020420;5DOC;;2019-06-06;
9694;B019766;5DOC;;2019-06-06;
9695;B019900;DOC;;2019-06-03;
9696;B019861;DOC;;2019-05-31;
9697;B020486;ADU;1;;
9698;B020487;ADU;1;;
9699;B020424;5ALB;;2019-06-07;
9700;B020262;5ALB;;2019-06-07;
9701;B020263;5ALB;;2019-06-07;
9702;B020266;5ALB;;2019-06-07;
9703;B020270;5ALB;;2019-06-07;
9704;B020245;5ALB;;2019-06-07;
9705;B020247;5ALB;;2019-06-07;* Catégorie=«5A» * UA=«5ALB» * Cote=«P MUN»
9706;B020248;5ALB;;2019-06-07;
9707;B020253;5ALB;;2019-06-07;
9708;B020255;5ALB;;2019-06-07;
9709;B020256;5ALB;;2019-06-07;
9710;B020257;5ALB;;2019-06-07;
9711;B020258;5ALB;;2019-06-07;
9712;B019702;ROM;;2019-06-04;
9713;B019703;ROM;;2019-06-04;
9714;B019704;ROM;;2019-06-04;
9715;B019875;ROM;;2019-06-04;
9716;B019877;ROM;;2019-06-04;
9717;B020011;ROM;;2019-06-04;
9718;B019871;ROM;;2019-06-04;
9719;B019684;ROM;;2019-06-04;
9720;B020132;ROM;1;2019-06-04;* PRÊTÉ ou PERDU
9721;B020131;ROM;1;2019-06-04;* PRÊTÉ ou PERDU
9722;B020133;ROM;;2019-06-04;
9723;B020128;ROM;;2019-06-04;
9724;B019783;5DOC;;2019-06-06;
9725;B019790;5DOC;;2019-06-07;
9726;B019999;5DOC;;2019-06-06;
9727;B020002;5DOC;;2019-06-07;
9728;B019773;5DOC;;2019-05-31;* Catégorie=«5A» * UA=«5DOC» * Cote=«529.2»
9729;B019791;5DOC;;2019-06-06;
9730;B019775;5DOC;;2019-06-06;
9731;B019782;5DOC;;2019-06-06;
9732;B019793;5DOC;;2019-06-06;
9733;B019998;5DOC;;2019-06-06;
9734;B020000;5DOC;;2019-06-06;
9735;B020001;5DOC;;2019-06-06;
9736;B020003;5DOC;;2019-06-06;
9737;B020007;5DOC;;2019-06-06;
9738;B019777;5DOC;;2019-06-06;
9739;B019778;5DOC;;2019-06-06;
9740;B019788;5DOC;;2019-06-06;
9741;B019789;5DOC;;2019-06-06;
9742;B019688;ROM;;2019-06-04;
9743;B019757;ROM;;2019-06-04;
9744;B018914;ROM;;2019-06-04;
9745;B019692;ROM;;2019-06-04;
9746;B019595;ROM;;2019-06-04;
9747;B019596;ROM;;2019-06-04;
9748;B019780;5DOC;;2019-06-06;
9749;B020004;5DOC;;2019-06-06;
9750;B020134;ROM;;2019-06-04;
9751;B020135;ROM;;2019-06-04;
9752;B020136;ROM;1;;
9753;B020129;ROM;1;2019-06-06;* Catégorie=«23C» * UA=«ROM» * Cote=«R HER v.7» * PRÊTÉ ou PERDU
9754;B019686;ROM;;2019-06-04;
9754;B019687;ROM;;2019-06-04;
9755;B019690;ROM;;2019-06-04;
9755;B019733;ROM;;2019-06-04;
9756;B019689;ROM;;2019-06-04;
9757;B020130;ROM;;2019-06-04;
9758;B019866;ROM;;2019-06-04;
9759;B020216;ROM;;2019-06-04;
9760;B020217;ROM;;2019-06-04;
9761;B020212;ROM;;2019-06-04;
9762;B020218;ROM;;2019-06-04;
9763;B020213;ROM;;2019-06-04;
9764;B019362;ROM;;2019-06-04;
9767;B019398;ROM;;2019-06-04;
9767;B019402;ROM;;2019-06-04;
9768;B020467;BD;;2019-06-10;* Catégorie=«BD» * UA=«BD» * Cote=«B FRA V.00»
9769;B020466;BD;;2019-06-05;
9770;B020465;BD;;2019-06-05;
9771;B020464;BD;;2019-06-05;
9772;B020463;BD;;2019-06-05;
9773;B020462;BD;;2019-06-05;
9774;B020461;BD;1;;
9775;B020460;BD;;2019-06-05;
9776;B020459;BD;;2019-06-05;
9777;B020458;BD;;2019-06-05;
9778;B020457;BD;;2019-06-05;
9779;B020456;BD;1;2019-06-05;* PRÊTÉ ou PERDU
9780;B020455;BD;;2019-06-05;
9781;B020454;BD;;2019-06-05;
9782;B020453;BD;;2019-06-05;
9783;B020452;BD;;2019-06-05;
9784;B020451;BD;;2019-06-05;
9785;B020450;BD;;2019-06-05;
9786;B020449;BD;;2019-06-05;
9787;B020448;BD;;2019-06-05;
9788;B020447;BD;;2019-06-05;
9789;B020446;BD;;2019-06-05;
9790;B020362;BD;;2019-06-05;
9791;B020372;BD;;2019-06-05;
9792;B020477;BD;;2019-06-05;
9793;B020476;BD;;2019-06-05;
9794;B020241;BD;;2019-06-05;
9795;B020232;BD;;2019-06-05;
9796;B020233;BD;;2019-06-05;
9797;B020234;BD;;2019-06-05;
9798;B020235;BD;;2019-06-05;
9799;B020236;BD;;2019-06-05;
9800;B020225;BD;;2019-06-05;
9801;B020227;BD;;2019-06-05;
9802;B020228;BD;;2019-06-05;
9803;B020229;BD;;2019-06-05;
9804;B020230;BD;;2019-06-05;
9805;B020231;BD;;2019-06-05;
9806;B020237;BD;;2019-06-05;
9807;B020238;BD;;2019-06-05;
9808;B020239;BD;;2019-06-05;
9809;B020240;BD;;2019-06-05;
9810;B020224;BD;;2019-06-05;
9811;B020226;BD;;2019-06-05;
9812;B020223;BD;;2019-06-05;
9814;B019376;ROM;;2019-06-04;
9814;B019381;ROM;1;;
9815;B019369;ROM;;2019-06-04;
9815;B019370;ROM;;2019-06-04;
9816;B019395;ROM;;2019-06-04;
9816;B019399;ROM;;2019-06-04;
9817;B019388;ROM;;2019-06-04;
9817;B019387;ROM;;2019-06-04;
9819;B019407;ROM;;2019-06-04;
9820;B019756;ROM;;2019-06-03;* Cote=«R ABB»
9821;B019674;;;2019-06-03;
9822;B019729;ROM;;2019-06-04;
9823;B020010;DOC;;;
9824;B019705;ROM;;2019-06-04;
9825;B020008;ROM;;2019-06-04;
9826;B019706;ROM;;2019-06-04;* Cote=«C848'.92 G184j»
9827;B019719;ROM;;2019-06-04;
9828;B019673;ROM;;2019-06-04;
9829;B019594;ROM;;2019-06-04;
9830;B019722;;;2019-06-04;
9831;B019669;ROM;;2019-06-04;
9832;B019694;;;2019-06-04;
9833;B019693;ROM;;2019-06-04;
9834;B020215;ROM;;2019-06-04;
9835;B019734;ROM;;2019-06-04;
9836;B019685;ROM;;2019-06-04;
9837;B019713;ROM;;2019-06-04;
9838;B019672;ROM;1;;
9839;B019709;ROM;;2019-06-04;
9840;B019710;ROM;;2019-06-04;
9841;B019714;ROM;;2019-06-04;
9842;B019721;ROM;;2019-06-04;
9843;B019671;ROM;;2019-06-04;* Cote=«R ROD»
9844;B019878;ROM;;2019-06-04;
9845;B019876;ROM;;2019-06-04;
9846;B019872;ROM;;2019-06-04;
9847;B019873;ROM;;2019-06-04;
9848;B019880;ROM;;2019-06-04;
9849;B019874;ROM;;2019-06-04;
9850;B019879;ROM;;2019-06-04;
9851;B019432;ROM;;2019-06-04;
9852;B020211;ROM;;2019-06-04;
9853;B019988;ROM;;2019-06-04;
9854;B019958;ROM;;2019-06-04;
9855;B019985;ROM;;2019-06-04;
9856;B019984;ROM;;2019-06-04;
9857;B019978;ROM;;2019-06-04;
9858;B019977;ROM;;2019-06-04;
9859;B019956;ROM;;2019-06-04;
9860;B019957;ROM;;2019-06-04;
9861;B019959;ROM;;2019-06-04;
9862;B019976;ROM;;2019-06-04;
9863;B019975;ROM;;2019-06-04;
9864;B019974;ROM;;2019-06-04;
9865;B019973;ROM;;2019-06-04;
9866;B019949;ROM;;2019-06-04;
9867;B019990;ROM;;2019-06-04;
9868;B019980;ROM;;2019-06-04;
9869;B019979;ROM;;2019-06-04;
9870;B020209;ROM;;2019-06-04;
9871;B019765;ROM;;2019-06-04;
9872;B019981;ROM;;2019-06-04;
9873;B019953;ROM;;2019-06-04;
9874;B019951;ROM;;2019-06-04;
9875;B019989;ROM;;2019-06-04;
9876;B020210;ROM;;2019-06-04;
9877;B019961;ROM;;;
9878;B019983;ROM;;2019-06-04;
9879;B020208;ROM;;2019-06-04;
9880;B019960;ROM;;2019-06-04;
9881;B019987;ROM;;2019-06-04;
9882;B019965;ROM;;2019-06-04;
9883;B019966;ROM;;2019-06-04;
9884;B019955;ROM;;2019-06-04;
9885;B019964;ROM;;2019-06-04;
9886;B019982;ROM;;2019-06-04;
9887;B019962;ROM;;2019-06-04;
9888;B019963;ROM;;2019-06-04;
9889;B019952;ROM;;2019-06-04;
9890;B019954;ROM;;2019-06-04;
9891;B019950;ROM;;2019-06-04;
9892;B019986;ROM;;2019-06-04;
9893;B020222;BD;;2019-06-05;
9894;B020221;BD;;2019-06-05;
9895;B020219;BD;;2019-06-05;
9896;B020370;BD;;2019-06-05;
9897;B020373;BD;;2019-06-05;
9898;B020374;BD;;2019-06-05;
9899;B020369;BD;;2019-06-05;
9900;B020368;BD;;2019-06-05;
9901;B020354;BD;;2019-06-05;
9902;B020355;BD;1;2019-06-05;* PRÊTÉ ou PERDU
9903;B020360;BD;;2019-06-05;
9904;B020361;BD;;2019-06-05;
9905;B020363;BD;;2019-06-05;
9906;B020367;BD;;2019-06-05;
9908;B020488;ADU;1;;
9909;B020489;ADU;1;;
9910;B020498;ADU;;2019-06-10;
9911;B020499;ADU;1;;
9912;B020500;ADU;1;;
9913;B020501;ADU;;2019-06-10;* Cote=«EALS 0-1e ROB»
9914;B020494;PR;;2019-06-05;
9915;B020493;PR;;2019-06-05;
9916;B020496;PR;;2019-06-05;
9917;B020495;PR;;2019-06-05;
9918;B020490;ROM;;2019-06-04;
9919;B020491;ROM;;2019-06-04;
9920;B020492;ROM;;2019-06-04;
9921;B020497;DOC;;2019-06-03;* UA=«ROM»
9922;B013125;ADU;;2019-06-10;
9923;B013124;ADU;;2019-06-10;
9924;B015803;ADU;;2019-06-10;
9925;B001191;ADU;;2019-06-10;
9926;B015802;ADU;;2019-06-10;
9927;B007954;ADU;;2019-06-10;
9928;B008589;ADU;;2019-06-10;
9929;B010883;ADU;;2019-06-10;
9930;B008645;ADU;;2019-06-10;
9930;B008610;ADU;;2019-06-10;
9931;B015751;ADU;;2019-06-10;
9932;B013086;ADU;;2019-06-10;
9933;B013084;ADU;;2019-06-10;
9934;B013078;ADU;;2019-06-10;
9935;B013840;ADU;;2019-06-10;
9935;B013085;ADU;;2019-06-10;
9936;B013828;ADU;;2019-06-10;
9937;B013081;ADU;;2019-06-10;
9938;B020506;ADU;;2019-06-10;
9939;B020119;PR;;2019-06-05;
9940;B020115;PR;;2019-06-05;
9941;B020116;PR;;2019-06-04;* Catégorie=«1C» * UA=«PR»
9942;B020117;PR;;2019-06-04;* Catégorie=«1C» * UA=«PR»
9943;B019830;DOC;;2019-06-03;
9944;B020042;DOC;;2019-06-03;
9945;B020035;DOC;;2019-06-03;
9946;B020036;DOC;;2019-06-03;
9947;B020037;DOC;;2019-06-03;
9948;B020034;DOC;;2019-06-03;
9949;B020038;DOC;;2019-06-03;
9950;B020039;DOC;;2019-06-03;
9951;B020040;DOC;;2019-06-03;
9952;B020041;DOC;;2019-06-03;
9953;B019809;ROM;;2019-06-05;* Catégorie=«23C» * UA=«ROM»
9954;B019810;PR;;2019-06-05;
9955;B019805;PR;;2019-06-05;
9956;B019808;5ALB;;2019-06-07;
9957;B019831;5ALB;;2019-06-07;
9958;B020507;ADU;;2019-06-10;* Cote=«R GRI Profs»
9959;B019832;5ALB;;2019-06-07;
9960;B019803;5ALB;;2019-06-07;* Cote=«P IWA»
9961;B019802;5ALB;;2019-06-07;
9962;B020508;ADU;;2019-06-10;* Cote=«R PEN Profs»
9963;B019804;5ALB;;2019-06-07;
9964;B019806;5ALB;;2019-06-05;* Catégorie=«5A» * UA=«5ALB» * Cote=«P ROB»
9965;B020509;ADU;;2019-06-10;* Cote=«R AYM Profs»
9966;B019854;5ALB;;2019-06-05;* Catégorie=«5A» * UA=«5ALB» * Cote=«P WEN»
9967;B020028;PR;1;2019-06-05;* PRÊTÉ ou PERDU
9968;B020009;5ALB;;2019-06-07;
9969;B019868;5ALB;;2019-06-07;
9970;B020198;5ALB;;2019-06-07;* Cote=«P LAT»
9971;B020199;5ALB;;2019-06-05;* Catégorie=«5A» * UA=«5ALB» * Cote=«P LAT»
9972;B020200;5ALB;;2019-06-05;* Catégorie=«5A» * UA=«5ALB» * Cote=«P LAT»
9973;B020510;ADU;;2019-06-10;* Cote=«R AYM Profs»
9974;B020150;PR;;2019-06-05;
9975;B020121;ROM;;2019-06-05;* Catégorie=«23C» * UA=«ROM»
9976;B020106;PR;;2019-06-05;
9977;B020118;PR;;2019-06-05;
9978;B020138;ROM;;;
9979;B019718;ROM;;2019-06-05;
9980;B019707;ROM;;2019-06-04;
9981;B019313;DOC;;2019-06-03;
9982;B020511;ADU;;2019-06-10;* Cote=«R DAH Profs»
9983;B019912;ROM;;2019-06-05;* Catégorie=«23C» * UA=«ROM»
9984;B019913;ROM;;2019-06-05;* Catégorie=«23C» * UA=«ROM»
9985;B020512;ADU;;2019-06-10;* Cote=«R DAH Profs»
9986;B020513;ADU;;2019-06-10;
9987;B020514;ADU;;2019-06-10;
9988;B020515;ADU;;2019-06-10;* Cote=«J DAU Profs»
9989;B020516;ADU;;2019-06-10;* Cote=«J DAU Profs»
9990;B020517;ADU;;2019-06-10;* Cote=«J CAR Profs»
9991;B020518;ADU;;2019-06-10;
9992;B020519;ADU;;2019-06-10;* Cote=«J FLO Profs»
9993;B020401;PR;;2019-06-05;* Cote=«R GIL»
9994;B020395;PR;;2019-06-05;
9995;B020397;PR;;2019-06-05;
9996;B020399;PR;;2019-06-05;
9997;B020402;PR;;2019-06-05;
9998;B020396;PR;;2019-06-05;
9999;B020398;PR;;2019-06-05;
10000;B020400;PR;;2019-06-05;
10001;B020428;PR;;2019-06-05;
10002;B020427;PR;;2019-06-05;
10003;B020394;PR;;2019-06-05;
10004;B020426;PR;;2019-06-05;
10005;B020390;PR;;2019-06-05;
10006;B020403;PR;;2019-06-05;
10007;B020393;PR;;2019-06-05;
10008;B020392;PR;;2019-06-05;
10009;B020391;PR;;2019-06-05;
10010;B020404;PR;;2019-06-05;
10011;B020339;PR;;2019-06-05;
10012;B020179;PR;;2019-06-05;
10013;B020190;PR;;2019-06-05;
10014;B020191;PR;;2019-06-05;
10015;B020340;PR;;2019-06-05;
10016;B020341;PR;;2019-06-05;
10017;B020343;PR;;2019-06-05;
10018;B020180;PR;;2019-06-05;
10019;B020195;PR;;2019-06-05;
10020;B020194;PR;;2019-06-05;
10021;B020192;PR;;2019-06-05;
10022;B020193;PR;;2019-06-05;
10023;B020185;PR;;2019-06-05;
10024;B020176;PR;;2019-06-05;
10025;B020181;PR;;2019-06-05;
10026;B020333;PR;;2019-06-05;
10027;B020196;PR;;2019-06-05;
10028;B020177;PR;;2019-06-05;
10029;B020342;PR;;2019-06-05;
10030;B020337;PR;;2019-06-05;
10031;B020332;PR;;2019-06-05;
10032;B020182;PR;;2019-06-05;
10033;B020338;PR;;2019-06-05;
10034;B020197;PR;;2019-06-05;
10035;B020178;PR;;2019-06-05;
10036;B020189;PR;;2019-06-03;* Catégorie=«1C» * UA=«PR»
10037;B020188;PR;;2019-06-03;* Catégorie=«1C» * UA=«PR»
10038;B020187;PR;;2019-06-05;
10039;B020186;PR;1;2019-06-05;* PRÊTÉ ou PERDU
10040;B020184;PR;;2019-06-05;
10041;B020168;PR;;2019-06-05;
10042;B020169;PR;;2019-06-05;
10043;B020170;PR;;2019-06-05;
10044;B020175;BD;;2019-06-06;
10045;B020173;BD;;2019-06-06;
10046;B020429;5ALB;;2019-06-07;
10047;B019801;5ALB;;2019-06-07;
10048;B019799;5ALB;;2019-06-07;
10049;B020389;DOC;;2019-06-03;
10050;B020425;5ALB;;2019-06-07;
10051;B020432;5ALB;;2019-06-07;
10052;B020183;PR;;2019-06-05;
10053;B020174;BD;1;;
10054;B020520;DOC;;2019-06-03;
10055;B020521;DOC;;2019-06-03;
10056;B020522;DOC;;2019-06-03;
10057;B020523;DOC;;2019-06-03;
10058;B019618;DOC;;2019-06-03;
10059;B019609;DOC;;2019-06-03;
10060;B019742;DOC;1;2019-06-03;* Catégorie=«23C» * UA=«DOC» * PRÊTÉ ou PERDU
10061;B020529;DOC;;2019-06-03;
10062;B019750;ROM;;2019-06-04;
10063;B020433;ADU;;2019-06-10;
10064;B019853;DOC;;2019-05-31;
10065;B020015;5ALB;;2019-06-07;
10066;B019829;5ALB;;2019-06-07;
10067;B019737;ALB;;2019-06-05;
10068;B020414;5ALB;;2019-06-07;
10069;B020412;5ALB;;2019-06-07;
10070;B020475;5ALB;;2019-06-07;
10071;B019758;5ALB;1;;
10072;B019537;5DOC;;2019-06-03;* Catégorie=«5A» * UA=«5DOC»
10073;B019892;5ALB;;2019-06-07;
10074;B019863;5ALB;;2019-06-07;
10075;B019972;5ALB;;2019-06-07;
10076;B019851;5ALB;;2019-06-07;
10077;B019848;5ALB;;2019-06-07;
10078;B019849;5ALB;;2019-06-07;
10079;B019826;5ALB;;2019-06-07;
10080;B019856;5ALB;;2019-06-07;
10081;B020322;ALB;;2019-06-05;
10082;B020445;DOC;;2019-06-03;
10083;B020438;ALB;;2019-06-05;
10084;B020444;5ALB;;2019-06-07;
10085;B020385;5ALB;;2019-06-07;
10085;B019739;5ALB;;2019-06-07;
10086;B020474;5ALB;;2019-06-07;
10087;B020479;5ALB;;2019-06-07;
10088;B020472;5ALB;;2019-06-07;
10089;B020473;5ALB;;2019-06-07;
10090;B020017;BD;;2019-06-05;
10091;B019895;BD;1;;
10092;B019894;BD;;2019-06-05;
10093;B020029;BD;;2019-06-05;
10094;B019330;BD;1;2019-06-13;* Catégorie=«BD» * UA=«BD» * PRÊTÉ ou PERDU
10095;B019329;BD;1;2019-06-06;* PRÊTÉ ou PERDU
10096;B020366;BD;;2019-06-05;
10097;B019898;ALB;;2019-06-05;
10098;B020358;BD;;2019-06-05;
10099;B020359;BD;;2019-06-05;
10100;B020365;BD;;2019-06-05;
10101;B020364;BD;;2019-06-05;
10102;B020022;BD;;2019-06-05;
10103;B020021;BD;;2019-06-05;
10104;B020023;BD;;2019-06-05;
10105;B020031;BD;;2019-06-05;
10106;B019889;BD;;2019-06-05;
10107;B020025;BD;;2019-06-05;
10108;B019891;BD;;2019-06-05;
10109;B019897;BD;;2019-06-05;
10110;B020027;BD;;2019-06-05;
10111;B019890;BD;;2019-06-05;
10112;B020026;BD;;2019-06-05;
10113;B020033;BD;1;;
10114;B019896;BD;;2019-06-05;
10115;B020019;BD;;2019-05-31;* Catégorie=«BD» * UA=«BD»
10116;B020020;BD;;2019-06-05;
10117;B020016;BD;;2019-06-05;
10118;B020032;BD;;2019-06-05;
10119;B019586;DOC;;2019-06-03;
10120;B019585;DOC;;2019-06-03;
10121;B019587;DOC;;2019-06-03;
10122;B019622;DOC;;2019-06-03;
10123;B019621;5DOC;;2019-06-03;* Catégorie=«5A» * UA=«5DOC»
10124;B019620;5DOC;;2019-06-07;
10125;B020298;PR;;2019-06-04;* Catégorie=«1C» * UA=«PR»
10126;B020303;DOC;;2019-06-03;
10128;B019347;ALB;;2019-06-05;
10129;B019102;DOC;;2019-06-03;
10130;B019278;5DOC;;2019-06-07;
10131;B019743;DOC;;2019-06-03;
10132;B019745;DOC;;2019-06-03;
10133;B019971;ALB;;2019-06-05;* Cote=«J ESC»
10134;B019857;5DOC;;2019-06-06;* Cote=«516.15»
10135;B019075;PR;;2019-06-05;
10136;B019870;5ALB;;2019-06-07;
10137;B019968;;;2019-06-07;
10138;B019715;PR;;2019-06-05;
10139;B019220;5ALB;;2019-06-07;
10140;B019234;5ALB;;2019-06-06;* Catégorie=«5A» * UA=«5ALB» * Cote=«P DIS»
10141;B019237;5ALB;;2019-06-07;
10142;B019232;5ALB;;2019-06-06;* Catégorie=«5A» * UA=«5ALB» * Cote=«P DIS»
10143;B019914;BD;;2019-06-06;
10144;B019732;PR;;2019-06-05;
10145;B019716;PR;;2019-06-05;
10146;B020299;5DOC;1;;
10147;B020302;5DOC;;2019-06-03;* Catégorie=«5A» * UA=«5DOC»
10148;B020300;5DOC;;2019-06-06;* UA=«5DOC»
10149;B020139;5DOC;;2019-06-06;
10150;B019717;PR;;2019-06-05;
10151;B020171;PR;;2019-06-05;
10152;B020172;PR;;2019-06-05;
10153;B020301;5DOC;;2019-06-06;* UA=«5DOC»
10154;B019339;ALB;;2019-06-05;
10155;B019006;5ALB;;2019-06-07;
10156;B019970;5ALB;;2019-06-07;
10157;B019882;5ALB;;2019-06-07;
10158;B019740;5ALB;;2019-06-07;
10159;B020312;5ALB;;2019-06-07;
10160;B020313;5ALB;;2019-06-07;
10161;B020535;ADU;;2019-06-10;
10162;B020533;ADU;;2019-06-10;
10163;B020468;ADU;;2019-06-10;
10164;B020417;ADU;1;;
10165;B020435;ADU;1;;
10166;B019852;ADU;;2019-06-10;
10167;B020382;ADU;;2019-06-10;
10168;B020018;ADU;;2019-06-10;
10169;B019584;ADU;;2019-06-10;
10170;B019864;ADU;;2019-06-10;
10171;B020536;ADU;;2019-06-10;
10172;B020582;DOC;;2019-06-03;
10173;B020583;5DOC;;2019-06-03;* Catégorie=«5A» * UA=«5DOC»
10174;B020579;5ALB;;2019-06-07;
10175;B020580;ALB;;2019-06-05;* Cote=«J NAU»
10176;B020581;5ALB;;2019-06-07;
10177;B020575;DOC;;2019-06-10;* Catégorie=«1C» * UA=«DOC»
10177;B020572;DOC;;2019-06-10;* Catégorie=«1C» * UA=«DOC»
10177;B020573;DOC;;2019-06-10;* Catégorie=«1C» * UA=«DOC»
10177;B020574;DOC;;2019-06-10;* Catégorie=«1C» * UA=«DOC»
10177;B020578;DOC;;2019-06-10;* Catégorie=«1C» * UA=«DOC»
10177;B020570;DOC;;2019-06-10;* Catégorie=«1C» * UA=«DOC»
10177;B020571;DOC;;2019-06-10;* Catégorie=«1C» * UA=«DOC»
10178;B020556;ROM;;2019-06-04;
10179;B020560;ROM;;2019-06-04;
10180;B020562;ROM;;2019-06-04;
10181;B020566;ROM;;2019-06-04;
10182;B020561;ROM;;2019-06-04;
10183;B019598;ROM;;2019-06-04;
10184;B019735;ROM;;2019-06-04;
10185;B019599;DOC;;2019-06-03;
10186;B019731;ROM;;2019-06-04;
10187;B020120;ROM;;2019-06-04;
10188;B020564;ROM;;2019-06-04;
10189;B020576;ROM;;2019-06-04;
10190;B020423;5ALB;;2019-06-07;
10191;B020532;5ALB;;2019-06-07;
10192;B020538;5ALB;;2019-06-07;
10193;B020537;5ALB;;2019-06-07;
10194;B019619;5ALB;;2019-06-07;
10195;B019635;5ALB;;2019-06-07;
10196;B019650;5ALB;;2019-06-07;
10197;B019602;5ALB;;2019-06-07;
10197;B019663;5ALB;;2019-06-07;
10198;B019654;5ALB;;2019-06-07;
10199;B020569;5ALB;;2019-06-05;* Catégorie=«5A» * UA=«5ALB» * Cote=«P RIC»
10200;B020542;5ALB;;2019-06-07;
10201;B020310;5ALB;;2019-06-07;
10202;B020308;5ALB;;2019-06-07;
10203;B020309;5ALB;;2019-06-07;
10204;B020307;;;2019-06-07;
10205;B020421;5ALB;;2019-06-07;
10206;B020422;5ALB;;2019-06-07;
10207;B020530;5DOC;;2019-06-06;
10208;B020539;5DOC;;2019-06-06;
10209;B020527;5DOC;;2019-05-31;* Catégorie=«5A» * UA=«5DOC»
10210;B019867;5DOC;;2019-06-06;
10211;B020349;5DOC;;2019-06-06;
10212;B020347;5DOC;;2019-06-06;
10213;B020348;5DOC;;2019-06-06;
10214;B020306;5DOC;;2019-06-06;
10215;B019661;5ALB;;2019-06-07;
10216;B019608;5ALB;;2019-06-07;
10217;B020314;5ALB;;2019-06-10;* Catégorie=«5A» * UA=«5ALB» * Cote=«P BOU»
10218;B020413;5ALB;;2019-06-07;
10219;B020386;5ALB;1;;
10220;B019600;5ALB;;2019-06-07;
10221;B019593;5ALB;;2019-06-07;
10222;B020384;5ALB;1;;
10223;B020336;5ALB;;2019-06-07;* Cote=«P BEH»
10224;B020350;5ALB;;2019-06-07;
10225;B020351;5ALB;;2019-06-07;
10226;B020383;5ALB;1;2019-06-07;* PRÊTÉ ou PERDU
10227;B020335;DOC;;2019-05-31;
10228;B019827;5ALB;;2019-06-07;
10229;B020315;5ALB;;2019-06-07;
10230;B019915;ALB;;2019-06-05;
10231;B020324;5ALB;1;;
10232;B020326;5DOC;;2019-06-03;* Catégorie=«5A» * UA=«5DOC»
10233;B020327;5ALB;;2019-06-07;
10234;B020407;5ALB;;2019-06-07;
10235;B020409;5ALB;;2019-06-07;* Cote=«p GEN»
10236;B020406;5ALB;;2019-06-07;
10237;B020405;5ALB;;2019-06-07;
10238;B020328;ALB;;2019-06-05;
10239;B019781;5ALB;;2019-06-07;
10240;B019645;5ALB;;2019-06-07;
10241;B019657;5ALB;;2019-06-07;
10242;B020316;5ALB;;2019-06-07;
10243;B020353;5ALB;;2019-06-07;
10244;B020387;5ALB;;2019-06-07;
10245;B019640;5ALB;;2019-06-07;
10246;B019603;ALB;;2019-06-05;
10247;B019616;5ALB;;2019-06-07;
10248;B019611;5ALB;;2019-06-07;
10249;B019649;ALB;;2019-06-07;* Catégorie=«1C» * UA=«ALB» * Cote=«J DUB»
10250;B020478;BD;;2019-06-06;
10251;B020317;BD;;2019-06-06;
10252;B019668;BD;;2019-06-06;
10253;B019667;BD;;2019-06-06;
10254;B019666;BD;;2019-06-06;
10255;B020505;BD;;2019-06-06;
10256;B020591;DOC;;2019-06-06;
10257;B020504;BD;;2019-06-06;
10258;B020503;BD;;2019-05-31;* Catégorie=«BD» * UA=«BD» * Cote=«B FIL v.3»
10259;B020502;DOC;;2019-06-06;
10260;B020592;BD;;2019-06-06;
10261;B020593;BD;;2019-06-06;
10262;B018313;DOC;;2019-05-31;* Cote=«398.24»
10263;B019612;DOC;;2019-06-03;
10264;B019526;BD;;2019-05-31;* Catégorie=«BD» * UA=«BD»
10265;B019518;BD;;2019-05-31;* Catégorie=«BD» * UA=«BD»
10266;B019807;DOC;;2019-06-03;
10267;B020122;DOC;;2019-06-03;
10268;B019250;DOC;;2019-06-03;
10269;B019825;DOC;;2019-06-03;
10270;B019613;DOC;;2019-06-03;
10271;B020525;DOC;;2019-06-03;
10272;B020526;DOC;;;
10273;B020524;DOC;;2019-06-03;
10274;B019625;ROM;;2019-06-04;
10275;B019627;ROM;;2019-06-04;
10276;B020540;ROM;;2019-06-04;
10277;B019755;ROM;;2019-06-04;
10278;B020528;ROM;;2019-06-04;
10279;B020601;ROM;;2019-06-04;
10280;B019623;ROM;;2019-06-04;
10281;B019624;ROM;;2019-06-04;
10282;B020596;ROM;;2019-06-04;
10283;B020595;ROM;;2019-06-04;
10284;B020605;ROM;;2019-06-04;
10285;B020603;ROM;;2019-06-04;
10286;B020602;ROM;;2019-06-04;
10287;B020604;ROM;;2019-06-04;
10288;B019658;5ALB;;2019-06-07;
10289;B019637;5ALB;;2019-06-07;
10290;B019652;5ALB;;2019-06-07;
10291;B019628;5ALB;;2019-06-07;
10292;B019589;5ALB;;2019-06-07;
10293;B019610;5ALB;;2019-06-07;
10294;B019629;5ALB;;2019-06-07;* Cote=«P COM»
10295;B019588;5ALB;;2019-06-07;
10296;B019590;5ALB;;2019-06-07;
10297;B019592;5ALB;;2019-06-07;
10298;B019636;5ALB;;2019-06-07;
10299;B019634;5ALB;;2019-06-07;
10300;B019647;5ALB;;2019-06-07;
10301;B019651;5ALB;;2019-06-07;
10302;B019662;5ALB;1;2019-06-06;* Catégorie=«5A» * UA=«5ALB» * Cote=«P COL» * PRÊTÉ ou PERDU
10303;B019665;5ALB;;2019-06-07;
10304;B020443;5ALB;;2019-06-07;
10305;B020442;5ALB;;2019-06-07;
10306;B020441;5ALB;;2019-06-07;
10307;B020440;5ALB;;2019-06-07;
10308;B020439;5ALB;;2019-06-07;
10309;B020586;5DOC;;2019-06-06;
10310;B020541;5DOC;;2019-06-06;
10311;B020204;5ALB;;2019-06-06;
10312;B020203;5ALB;;2019-06-06;
10313;B020334;5ALB;1;;
10314;B020331;5ALB;;2019-06-06;
10315;B020202;5ALB;;2019-06-06;
10316;B020201;5ALB;;2019-06-06;
10317;B020480;5ALB;;2019-06-07;
10318;B020471;5ALB;;2019-06-07;
10319;B020319;5ALB;;2019-06-07;
10320;B020470;5ALB;;2019-06-07;
10321;B020534;5ALB;;2019-06-07;
10322;B020346;5ALB;1;2019-06-07;* PRÊTÉ ou PERDU
10323;B020531;5ALB;;2019-06-07;* Cote=«P BRO»
10324;B020552;5ALB;;2019-06-07;* Cote=«P GRA»
10325;B019646;5ALB;;2019-06-07;
10326;B019656;5ALB;;2019-06-07;
10327;B019655;5ALB;;2019-06-07;
10328;B019642;5ALB;;2019-06-07;
10329;B020544;5ALB;;2019-06-07;
10330;B020469;5ALB;;2019-06-07;
10331;B020584;5ALB;1;;
10332;B019251;5ALB;;2019-06-06;* Catégorie=«5A» * UA=«5ALB» * Cote=«P DIS»
10333;B020590;5DOC;;2019-06-06;
10336;B020641;ADU;;2019-06-10;
10337;B020644;ADU;;2019-06-10;* Cote=«EALS 2e LAU»
10338;B020639;ADU;;2019-06-10;
10339;B020646;ADU;;2019-06-10;
10340;B020645;ADU;;2019-06-10;
10341;B020640;ADU;;2019-06-10;
10342;B020628;ROM;;2019-06-04;
10343;B020629;ROM;1;2019-06-13;* Catégorie=«23C» * PRÊTÉ ou PERDU
10344;B020631;ROM;;2019-06-04;
10345;B019626;ROM;;2019-06-04;
10346;B019597;ROM;;2019-06-04;
10347;B020625;ROM;;2019-06-04;
10348;B020615;ROM;;2019-06-04;
10349;B020614;ROM;;2019-06-04;
10350;B020607;ROM;;2019-06-04;
10351;B020618;ROM;;2019-06-04;
10352;B020619;ROM;;2019-06-04;
10353;B020617;ROM;;2019-06-04;
10354;B020616;ROM;;2019-06-04;
10355;B020621;ROM;;2019-06-04;
10356;B020620;ROM;;2019-06-04;
10357;B020626;ROM;;2019-06-04;
10358;B020608;ROM;;2019-06-04;
10359;B020613;ROM;;2019-06-04;
10360;B020610;ROM;;2019-06-04;
10361;B018748;5DOC;;2019-06-06;
10362;B019823;5DOC;;2019-06-06;
10363;B020587;5DOC;;2019-06-06;
10364;B020323;5DOC;;2019-06-06;
10365;B020321;5DOC;;2019-06-06;
10366;B019800;5DOC;;2019-06-07;
10367;B020344;5DOC;;2019-06-06;
10368;B020543;5DOC;;2019-06-07;
10369;B018366;DOC;;2019-06-06;
10370;B019779;DOC;;2019-06-07;
10371;B019759;DOC;;2019-06-07;
10372;B020588;DOC;;2019-06-06;* Cote=«511.32»
10373;B020379;5DOC;;2019-06-10;* Catégorie=«5A» * UA=«5DOC»
10373;B020380;5DOC;;2019-06-10;* Catégorie=«5A» * UA=«5DOC»
10373;B020376;5DOC;;2019-06-10;* Catégorie=«5A» * UA=«5DOC»
10373;B020378;5DOC;;2019-06-10;* Catégorie=«5A» * UA=«5DOC»
10373;B020381;5DOC;;2019-06-10;* Catégorie=«5A» * UA=«5DOC»
10373;B020377;5DOC;;2019-06-10;* Catégorie=«5A» * UA=«5DOC»
10374;B020311;DOC;;2019-06-07;
10386;B020594;DOC;;2019-05-31;
10387;B019883;DOC;;2019-06-03;
10388;B019902;DOC;;2019-06-03;
10389;B020325;DOC;;2019-06-03;
10390;B020352;DOC;;2019-06-03;
10391;B019106;DOC;;2019-06-03;
10392;B018459;DOC;;2019-05-31;* Cote=«398.22»
10393;B011238;DOC;;2019-06-03;
10394;B019746;DOC;;2019-06-03;
10395;B020637;DOC;;2019-06-03;
10396;B019767;DOC;;2019-05-31;
10397;B020701;ADU;;2019-06-10;* Cote=«372.623»
10398;B020702;ADU;;;
10399;97827650;ADU;;;
10400;B020704;ADU;;;
10401;B020705;ADU;;2019-06-10;* Cote=«372.623»
10402;B020706;ADU;;2019-06-10;* Cote=«372.623»
10403;B020707;ADU;;;
10404;B020708;ADU;;;
10405;B020709;ADU;;;
10406;B020710;ADU;;;
10407;B020711;ADU;;;
10408;B020585;ADU;;;
10409;B020553;ADU;;;
10410;B018515;ADU;;;
10411;B020329;ADU;;;
10412;B020554;ADU;;;
10413;B020555;ADU;;;
10414;B020434;ADU;;;
10415;B019248;BD;;;
10416;B019630;BD;;;
10417;B020600;BD;;;
10418;B020599;BD;;;
10419;B020597;BD;;;
10420;B020598;BD;;;
10421;B020568;BD;;;
